column,a,err,raw_err,dpaux_dT,branch,p_aux_required,heat_coupled,lcoe,p_fus,wall_load_peak,wall_load_avg,beta,B_peak,p_net,rec_frac,q_eng,sigma_wp,eps_cond,W_th,tau_E,p_rad,p_alpha_heat,n_He0,p_th,total_capital,plasma_volume,p_cryo,magnet_capital,magnet_capital_1cfe_form,heating_capital,cas72,overnight_capital,B_axis,cryo_cost,vol_cold,raw_p_aux_required,raw_p_fus,raw_p_net,violated
baseline_100MW,1.3,,,-18.510607734799862,falling,49.07960078792678,50.0,322.3184394857024,2652.5632625175904,3.9788448937763854,3.0224258631282654,0.025304999208981403,24.899999999999995,716.633806369912,0.3325626292668907,3.006952411353088,650000000.0,0.0021666666666666666,519.9142139884984,1.5573336222276932,219.7216452237653,504.49100689822046,6.043556132650356e+19,3224.352676294579,14442862261.866259,425.0000143721807,0.8643515999999999,5401032000.0,6323469946.334224,264145000.0,126649655.78572692,14442862261.866259,8.999999999999998,16700459.69057127,136.55999999999995,49.07960078792678,2652.5632625175904,716.633806369912,
baseline_100MW,1.4,,,-27.911076827116688,falling,9.675800908992073,50.0,304.81374266505145,2816.720458796918,3.9434086423156858,2.99550763792309,0.024663165906134422,24.899999999999995,778.139715952621,0.3156910779587553,3.1676536646710334,650000000.0,0.0021666666666666666,587.6835762999659,1.934602641588728,241.6130413080017,535.7120640585857,6.874028141870784e+19,3414.767553799019,14765748357.12311,492.8994249523514,0.8643515999999999,5401032000.0,6534252277.878698,264145000.0,135875749.32846627,14765748357.12311,8.999999999999998,16700459.69057127,136.55999999999995,9.675800908992073,2816.720458796918,778.139715952621,
baseline_100MW,1.5,,,-35.8084290350331,falling,-21.331929059062418,50.0,292.61280772201474,2952.555324056256,3.8752288628238363,2.943716644712755,0.024030501400941897,24.899999999999995,829.0339023189875,0.30309030062378767,3.2993467555441667,650000000.0,0.0021666666666666666,657.330840336754,2.370979711454962,262.9743887163143,561.5464970822592,7.692636588112383e+19,3572.3298161635475,15053238927.211758,565.8284215014239,0.8643515999999999,5401032000.0,6745034609.423174,264145000.0,143421703.32149225,15053238927.211758,8.999999999999998,16700459.69057127,136.55999999999995,-21.331929059062418,2952.555324056256,829.0339023189875,burn_hold_ok
baseline_100MW,1.6,,,-42.353158033754426,falling,-44.68909351681987,50.0,284.1812645260617,3061.677335687924,3.7820720029086123,2.872952463084062,0.023413615406322058,24.899999999999995,869.919399470634,0.2937451511787179,3.404311512844645,650000000.0,0.0021666666666666666,728.6972050496787,2.871433687681593,283.8366250910523,582.3004124744862,8.490829123681101e+19,3698.906383921965,15306977620.062372,643.787004019398,0.8643515999999999,5401032000.0,6955816940.967647,264145000.0,149302030.61054364,15306977620.062372,8.999999999999998,16700459.69057127,136.55999999999995,-44.68909351681987,3061.677335687924,869.919399470634,burn_hold_ok
baseline_100MW,1.7,,,-47.6975727266489,falling,-61.1565504523694,50.0,278.5219592860804,3146.343861579383,3.6707345051759472,2.7883778335956015,0.02281734283349094,24.899999999999995,901.6419910121049,0.2869235968082225,3.485248376655449,650000000.0,0.0021666666666666666,801.6809590532084,3.4409707947473307,304.26554722035877,598.4031390337827,9.262349827585964e+19,3797.1157010993616,15529369452.598824,726.7751725062733,0.8643515999999999,5401032000.0,7166599272.512121,264145000.0,153585926.2263952,15529369452.598824,8.999999999999998,16700459.69057127,136.55999999999995,-61.1565504523694,3146.343861579383,901.6419910121049,burn_hold_ok
baseline_100MW,1.8,,,-51.989193848481534,falling,-71.48048999883952,50.0,274.9605309328301,3209.143520474212,3.546948101576761,2.694346717095678,0.022244992999696803,24.899999999999995,925.1715725921767,0.28208749200999333,3.5449994357232035,650000000.0,0.0021666666666666666,876.2256086480159,4.084610726700769,324.3477609406632,610.3470061589903,1.000291675413779e+20,3869.960447639939,15723235080.384064,814.7929269620505,0.8643515999999999,5401032000.0,7377381604.056596,264145000.0,156380573.55554107,15723235080.384064,8.999999999999998,16700459.69057127,136.55999999999995,-71.48048999883952,3209.143520474212,925.1715725921767,burn_hold_ok
baseline_100MW,1.9,,,-55.36616914053724,falling,-76.3691906962024,50.0,271.38391681121544,3252.7625947277297,3.415400724464117,2.594420179262085,0.021698621262146802,24.899999999999995,941.5146321590157,0.2788342155810485,3.586360439719174,650000000.0,0.0021666666666666666,952.3092429651565,4.807366201282855,344.1799679322417,618.6429178912668,1.0709870464161435e+20,3920.5565888332117,15891552585.841635,907.840267386729,0.8643515999999999,5401032000.0,7588163935.6010685,264145000.0,146306435.22850275,15891552585.841635,8.999999999999998,16700459.69057127,136.55999999999995,-76.3691906962024,3252.7625947277297,941.5146321590157,burn_hold_ok
baseline_100MW,2.0,,,-57.95456005338224,falling,-76.47756557116725,50.0,270.8300470403093,3279.8247870844566,3.2798247870844577,2.4914334505773126,0.021179288818737377,24.899999999999995,951.6542105261468,0.2768576880912286,3.6119639909384977,650000000.0,0.0021666666666666666,1029.9354870101158,5.614225966130018,363.86128943526336,623.7898762555927,1.1381837867252702e+20,3951.9475004679316,16037276703.535189,1005.9171937803092,0.8643515999999999,5401032000.0,7798946267.145543,264145000.0,147058529.5858003,16037276703.535189,8.999999999999998,16700459.69057127,136.55999999999995,-76.47756557116725,3279.8247870844566,951.6542105261468,burn_hold_ok
baseline_100MW,2.1,,,-59.86706200606051,falling,-72.39877049244501,50.0,271.32068436490476,3292.7909865849915,3.1431186690129467,2.3875882095744543,0.020687294791304288,24.899999999999995,956.5123459730646,0.2759217665256722,3.6242157064725755,650000000.0,0.0021666666666666666,1109.1261650953832,6.510140838165616,383.488150220292,626.2559177385995,1.2018431927851359e+20,3966.987701845344,16163222179.165577,1109.0237061427908,0.8643515999999999,5401032000.0,8009728598.690016,264145000.0,146845829.6189607,16163222179.165577,8.999999999999998,16700459.69057127,136.55999999999995,-72.39877049244501,3292.7909865849915,956.5123459730646,burn_hold_ok
baseline_100MW,2.2,,,-61.202900546319086,falling,-64.66121721140553,50.0,272.66872112551323,3293.9030828702294,3.007476727838036,2.284551342826209,0.020222371607840656,24.899999999999995,956.9290227628577,0.2758418239278512,3.6252660519731714,650000000.0,0.0021666666666666666,1189.9154583374589,7.500012793782971,403.151086314585,626.4674273310889,1.26199988590024e+20,3968.2776829288805,16271994350.455439,1217.1598044741743,0.8643515999999999,5401032000.0,8220510930.234493,264145000.0,145785781.00288862,16271994350.455439,8.999999999999998,16700459.69057127,136.55999999999995,-64.66121721140553,3293.9030828702294,956.9290227628577,burn_hold_ok
baseline_100MW,2.3,,,-62.0484307049,falling,-53.729592285453464,50.0,274.73156206139606,3285.1604520135847,2.8745153955118874,2.1835507307523048,0.019783845959991837,24.899999999999995,953.6533609266942,0.2764716898049394,3.617006864990537,650000000.0,0.0021666666666666666,1272.3454821604857,8.588686309881767,422.93303742525256,624.8046663684636,1.3187409858475763e+20,3958.13662897958,16365955873.99566,1330.3254887744588,0.8643515999999999,5401032000.0,8431293261.778964,264145000.0,143992738.53593963,16365955873.99566,8.999999999999998,16700459.69057127,136.55999999999995,-53.729592285453464,3285.1604520135847,953.6533609266942,burn_hold_ok
baseline_100MW,2.4,,,-62.47799121226933,falling,-40.008268348398815,50.0,275.45249729380447,3268.3165437906923,2.7453858967841818,2.0854608712410987,0.01937076503262689,24.899999999999995,947.3423375926101,0.27769435951636595,3.601081425426161,650000000.0,0.0021666666666666666,1356.4628833042245,9.780942280434084,442.90858069532425,621.6011234635516,1.3721897779557027e+20,3938.5984619442434,16447215606.370104,1448.520759043645,0.8643515999999999,5401032000.0,8642075593.323437,264145000.0,127844788.44525641,16447215606.370104,8.999999999999998,16700459.69057127,136.55999999999995,-40.008268348398815,3268.3165437906923,947.3423375926101,burn_hold_ok
baseline_100MW,2.5,RuntimeError: oracle sustainment: non-positive fuel,RuntimeError: oracle sustainment: non-positive fuel,,n/a (+0.2: RuntimeError: oracle sustainment: non-positive fuel; -0.2: RuntimeError: oracle sustainment: non-positive fuel),,,,,,,,,,,,,,,,,,,,,,,,,,,,,,,,,,
baseline_100MW,2.6,RuntimeError: oracle sustainment: non-positive fuel,RuntimeError: oracle sustainment: non-positive fuel,,n/a (+0.2: RuntimeError: oracle sustainment: non-positive fuel; -0.2: RuntimeError: oracle sustainment: non-positive fuel),,,,,,,,,,,,,,,,,,,,,,,,,,,,,,,,,,
baseline_100MW,2.8,RuntimeError: oracle sustainment: non-positive fuel,RuntimeError: oracle sustainment: non-positive fuel,,n/a (+0.2: RuntimeError: oracle sustainment: non-positive fuel; -0.2: RuntimeError: oracle sustainment: non-positive fuel),,,,,,,,,,,,,,,,,,,,,,,,,,,,,,,,,,
baseline_100MW,3.0,RuntimeError: oracle sustainment: non-positive fuel,RuntimeError: oracle sustainment: non-positive fuel,,n/a (+0.2: RuntimeError: oracle sustainment: non-positive fuel; -0.2: RuntimeError: oracle sustainment: non-positive fuel),,,,,,,,,,,,,,,,,,,,,,,,,,,,,,,,,,
c2823_100MW,1.3,,,29.159333234782423,rising,475.6441254387704,50.0,279.3623671119421,3255.0528775337334,3.9496023768801045,3.000212547020233,0.05227523574133697,17.00301927371991,942.3579651389138,0.27867703185753534,3.588383274123638,407803897.7394394,0.0013593463257981313,619.114098969379,0.7979234311642253,318.81597903585464,619.0785067781406,3.2249726303278875e+19,3923.2132126659776,16210555623.7695,525.3937185545855,0.8791346843235504,5633944526.843237,5337994110.541879,264145000.0,170261743.35642427,16210555623.7695,6.145669617007196,16899891.155422937,142.5089272931792,475.6441254387704,3255.0528775337334,942.3579651389138,beta_ok;sustainment_ok
c2823_100MW,1.4,,,5.672651171104803,rising,392.32354575829834,50.0,258.3381604034511,3586.785497374211,4.0619774613575474,3.0855753522472256,0.051436929129851164,17.00301927371991,1066.6505151092806,0.2564649989244105,3.899167544085562,407803897.7394394,0.0013593463257981313,706.511269391447,0.9850199770131797,357.2385020792007,682.1707337456011,3.782577575882864e+19,4308.007955771041,16817694706.78045,609.3323599804659,0.8791346843235504,5633944526.843237,5515927247.55994,264145000.0,192698599.99676886,16817694706.78045,6.145669617007196,16899891.155422937,142.5089272931792,392.32354575829834,3586.785497374211,1066.6505151092806,beta_ok;wall_load_ok;sustainment_ok
c2823_100MW,1.5,,,-15.770302237574185,falling,318.5053883481512,50.0,242.81241049378872,3898.4401546551594,4.13898881069479,3.1440750174026495,0.0505647029223695,17.00301927371991,1183.4203162889692,0.23893249045502293,4.18528262144508,407803897.7394394,0.0013593463257981313,797.2930305129657,1.1999356057203359,395.50320713899555,741.4443330138647,4.3627443552816456e+19,4669.513175979978,17402381234.373734,699.4886785490044,0.8791346843235504,5633944526.843237,5693860384.578004,264145000.0,214306667.76776364,17402381234.373734,6.145669617007196,16899891.155422937,142.5089272931792,318.5053883481512,3898.4401546551594,1183.4203162889692,beta_ok;wall_load_ok;sustainment_ok
c2823_100MW,1.6,,,-35.22388652297394,falling,253.78200035275813,50.0,231.16861536651976,4186.655195631597,4.183517949325393,3.1779004174504055,0.04966877405868367,17.00301927371991,1291.4078346704944,0.22497327307513165,4.444972446420522,407803897.7394394,0.0013593463257981313,891.0691245268922,1.4449244051184436,433.3528564625078,796.2599516571734,4.958677106391916e+19,5003.829507924887,17960138257.94872,795.8626742602006,0.8791346843235504,5633944526.843237,5871793521.596067,264145000.0,234747520.20976964,17960138257.94872,6.145669617007196,16899891.155422937,142.5089272931792,253.78200035275813,4186.655195631597,1291.4078346704944,wall_load_ok;sustainment_ok
c2823_100MW,1.7,,,-52.75619973999568,falling,197.76578454109472,50.0,222.35962912322574,4449.220690561963,4.198892987165166,3.1895796643811405,0.04875869351489293,17.00301927371991,1389.785060626808,0.21378686713441986,4.677555798463727,407803897.7394394,0.0013593463257981313,987.5017924368976,1.7223021089638153,470.6015259975131,846.1972831379796,5.5640229370440745e+19,5308.393533671191,18487817421.310596,898.4543471140544,0.8791346843235504,5633944526.843237,6049726658.614131,264145000.0,253753316.89284855,18487817421.310596,6.145669617007196,16899891.155422937,142.5089272931792,197.76578454109472,4449.220690561963,1389.785060626808,wall_load_ok;sustainment_ok
c2823_100MW,1.8,,,-68.45201212215699,falling,150.05486977166663,50.0,215.67857904991226,4684.960516125413,4.188665670970995,3.181810750085435,0.04784309969959812,17.00301927371991,1478.1113279168342,0.20478337638522764,4.883208870034709,407803897.7394394,0.0013593463257981313,1086.3063273673877,2.034437767352693,507.12852431800667,891.0326405618922,6.17303595511279e+19,5581.84100368768,18983475766.350307,1007.2636971105663,0.8791346843235504,5633944526.843237,6227659795.632192,264145000.0,271124588.4112913,18983475766.350307,6.145669617007196,16899891.155422937,142.5089272931792,150.05486977166663,4684.960516125413,1478.1113279168342,wall_load_ok;sustainment_ok
c2823_100MW,1.9,,,-82.41141802588601,falling,110.22060928635608,50.0,210.63187297047557,4893.578387376783,4.15642470036111,3.157319736732264,0.04692957790256108,17.00301927371991,1556.2756254154986,0.19752091179732156,5.062755081983984,407803897.7394394,0.0013593463257981313,1187.2490741931138,2.3837452370257037,542.8698962301326,930.7096734951903,6.780670757130274e+19,5823.828240920782,19446211534.69706,1122.2907242497358,0.8791346843235504,5633944526.843237,6405592932.650254,264145000.0,286725130.1080615,19446211534.69706,6.145669617007196,16899891.155422937,142.5089272931792,110.22060928635608,4893.578387376783,1556.2756254154986,wall_load_ok;sustainment_ok
c2823_100MW,2.0,,,-94.7463338525148,falling,77.80793890676125,50.0,206.86497196046673,5075.489775106252,4.1056509645763954,3.118750791146222,0.04602460737328937,17.00301927371991,1624.4336204309316,0.1916635195234032,5.217476974682678,407803897.7394394,0.0013593463257981313,1290.1436621916953,2.7726748222436135,577.8088229988507,965.3074003274579,7.382617629300382e+19,6034.8371725805855,19875982622.570793,1243.5354285315632,0.8791346843235504,5633944526.843237,6583526069.668317,264145000.0,300475099.6835883,19875982622.570793,6.145669617007196,16899891.155422937,142.5089272931792,77.80793890676125,5075.489775106252,1624.4336204309316,wall_load_ok;sustainment_ok
c2823_100MW,2.1,,,-105.57626024461229,falling,52.34249972765258,50.0,204.11705532798604,5231.656463187874,4.039614298587742,3.0685877582742784,0.045133575375116454,17.00301927371991,1682.945671164518,0.18695231960766923,5.348957435235683,407803897.7394394,0.0013593463257981313,1394.8461811821192,3.2037052834637474,611.9659439503579,995.0087427337015,7.97529319933835e+19,6215.983424193806,20273425834.203674,1370.9978099560485,0.8791346843235504,5633944526.843237,6761459206.6863785,264145000.0,312343235.0166625,20273425834.203674,6.145669617007196,16899891.155422937,142.5089272931792,52.34249972765258,5231.656463187874,1682.945671164518,sustainment_ok
c2823_100MW,2.2,,,-115.02407184122518,falling,33.34053528836671,50.0,202.19228485401507,5363.434926736221,3.961307380117835,3.009103947780553,0.04426083817156456,17.00301927371991,1732.3200175085026,0.18318534440765497,5.458951987854613,407803897.7394394,0.0013593463257981313,1501.249878320662,3.6793363466682285,645.3903045948409,1020.0716887159617,8.555799871005686e+19,6368.840445165246,20639689200.93833,1504.6778685231916,0.8791346843235504,5633944526.843237,6939392343.704442,264145000.0,322338889.29971546,20639689200.93833,6.145669617007196,16899891.155422937,142.5089272931792,33.34053528836671,5363.434926736221,1732.3200175085026,
c2823_100MW,2.3,,,-123.21240551965815,falling,20.319115898240398,50.0,200.9410038265556,5472.444686859531,3.8734102918934123,2.9423352146844963,0.04340981124910826,17.00301927371991,1773.163456612862,0.1802032236862038,5.549290293171149,407803897.7394394,0.0013593463257981313,1609.279796926666,4.202081799188374,678.1513408764807,1040.804254993814,9.121865811868302e+19,6495.2868062821135,20976284292.91521,1644.5756042329922,0.8791346843235504,5633944526.843237,7117325480.722504,264145000.0,330504359.4575134,20976284292.91521,6.145669617007196,16899891.155422937,142.5089272931792,20.319115898240398,5472.444686859531,1773.163456612862,
c2823_100MW,2.4,,,-130.2607573357281,falling,12.805327074192064,50.0,200.24709427124512,5560.458977113819,3.7782787495446013,2.8700710169913233,0.04258307463109585,17.00301927371991,1806.1403781311558,0.17787887147379705,5.621803150169568,407803897.7394394,0.0013593463257981313,1718.8876399348133,4.774463227840106,710.3320802445314,1057.5436928572772,9.671774903075455e+19,6597.379377776166,21284961390.54552,1790.691017085451,0.8791346843235504,5633944526.843237,7295258617.740566,264145000.0,336907801.7595877,21284961390.54552,6.145669617007196,16899891.155422937,142.5089272931792,12.805327074192064,5560.458977113819,1806.1403781311558,
c2823_100MW,2.5,,,-136.2832643939663,falling,10.343732112968837,50.0,200.01925690565145,5629.318014011335,3.6779498146419,2.793858755451711,0.0417824839686032,17.00301927371991,1831.9402686834069,0.1761099432579913,5.678271093047003,407803897.7394394,0.0013593463257981313,1830.0470783186079,5.399004343143099,742.0236203327414,1070.6399930848156,1.0204292846575644e+20,6677.252727060248,21567608444.50259,1943.0241070805675,0.8791346843235504,5633944526.843237,7473191754.758628,264145000.0,341636940.8988543,21567608444.50259,6.145669617007196,16899891.155422937,142.5089272931792,10.343732112968837,5629.318014011335,1831.9402686834069,
c2823_100MW,2.6,,,-141.38731155586584,falling,12.501989599545368,50.0,200.18487813106444,5680.86230734598,3.574158946376913,2.7150167264268257,0.041009278521504676,17.00301927371991,1851.2527247754983,0.1748132654617808,5.720389681861007,407803897.7394394,0.0013593463257981313,1942.7495379919503,6.078225975185819,773.320757677532,1080.4432022341318,1.071859534082417e+20,6737.04176174057,21826171158.853516,2101.574874218342,0.8791346843235504,5633944526.843237,7651124891.77669,264145000.0,344793571.7988479,21826171158.853516,6.145669617007196,16899891.155422937,142.5089272931792,12.501989599545368,5680.86230734598,1851.2527247754983,
c2823_100MW,2.8,,,-149.23058796014573,falling,29.085515249215177,50.0,199.69388085980543,5739.091881828564,3.361774225529713,2.553684206472121,0.03954749721983667,17.00301927371991,1873.070001290572,0.17337582043454222,5.767816974095004,407803897.7394394,0.0013593463257981313,2172.8165296575808,7.61075386565169,835.1104559265873,1091.5178850049742,1.1690908420504158e+20,6804.585418330379,22278767468.22072,2437.3294399218635,0.8791346843235504,5633944526.843237,8006991165.812818,264145000.0,322009273.9384763,22278767468.22072,6.145669617007196,16899891.155422937,142.5089272931792,29.085515249215177,5739.091881828564,1873.070001290572,
c2823_100MW,3.0,,,-154.49041677648836,falling,59.667066605475384,50.0,202.14162682279039,5748.370315300665,3.149969926218796,2.3927925886157917,0.03819892798839532,17.00301927371991,1876.5464159902554,0.17314940632320192,5.775359103070748,407803897.7394394,0.0013593463257981313,2409.248926467306,9.392002415165054,896.4282894740888,1093.2825502670335,1.2587917775520675e+20,6815.347978931238,22657551396.23174,2797.9547141960174,0.8791346843235504,5633944526.843237,8362857439.848944,264145000.0,321265470.67922485,22657551396.23174,6.145669617007196,16899891.155422937,142.5089272931792,59.667066605475384,5748.370315300665,1876.5464159902554,sustainment_ok
c2823_220MW,1.3,,,29.159333234782423,rising,475.6441254387704,110.0,320.7505052745688,3255.0528775337334,3.9496023768801045,3.000212547020233,0.05227523574133697,17.00301927371991,841.7385651389138,0.3654009203379373,2.7367199816441627,407803897.7394394,0.0013593463257981313,619.114098969379,0.7979234311642253,318.81597903585464,619.0785067781406,3.2249726303278875e+19,3983.2132126659776,16710236358.552568,525.3937185545855,0.8791346843235504,5633944526.843237,5337994110.541879,581119000.0,171791291.44572315,16710236358.552568,6.145669617007196,16899891.155422937,142.5089272931792,475.6441254387704,3255.0528775337334,841.7385651389138,beta_ok;sustainment_ok
c2823_220MW,1.4,,,5.672651171104803,rising,392.32354575829834,110.0,292.26318097759327,3586.785497374211,4.0619774613575474,3.0855753522472256,0.051436929129851164,17.00301927371991,966.0311151092807,0.3358541538747209,2.9774828998334093,407803897.7394394,0.0013593463257981313,706.511269391447,0.9850199770131797,357.2385020792007,682.1707337456011,3.782577575882864e+19,4368.007955771041,17317922667.39422,609.3323599804659,0.8791346843235504,5633944526.843237,5515927247.55994,581119000.0,194277033.61376488,17317922667.39422,6.145669617007196,16899891.155422937,142.5089272931792,392.32354575829834,3586.785497374211,966.0311151092807,beta_ok;wall_load_ok;sustainment_ok
c2823_220MW,1.5,,,-15.770302237574185,falling,318.5053883481512,110.0,271.67469066714233,3898.4401546551594,4.13898881069479,3.1440750174026495,0.0505647029223695,17.00301927371991,1082.8009162889691,0.31247587599829046,3.2002470488488877,407803897.7394394,0.0013593463257981313,797.2930305129657,1.1999356057203359,395.50320713899555,741.4443330138647,4.3627443552816456e+19,4729.513175979978,17903162814.79479,699.4886785490044,0.8791346843235504,5633944526.843237,5693860384.578004,581119000.0,215927937.49609134,17903162814.79479,6.145669617007196,16899891.155422937,142.5089272931792,318.5053883481512,3898.4401546551594,1082.8009162889691,beta_ok;wall_load_ok;sustainment_ok
c2823_220MW,1.6,,,-35.22388652297394,falling,253.78200035275813,110.0,256.4594337903899,4186.655195631597,4.183517949325393,3.1779004174504055,0.04966877405868367,17.00301927371991,1190.7884346704946,0.29382668992698197,3.403366795060405,407803897.7394394,0.0013593463257981313,891.0691245268922,1.4449244051184436,433.3528564625078,796.2599516571734,4.958677106391916e+19,5063.829507924887,18461492317.2943,795.8626742602006,0.8791346843235504,5633944526.843237,5871793521.596067,581119000.0,236406341.76710227,18461492317.2943,6.145669617007196,16899891.155422937,142.5089272931792,253.78200035275813,4186.655195631597,1190.7884346704946,wall_load_ok;sustainment_ok
c2823_220MW,1.7,,,-52.75619973999568,falling,197.76578454109472,110.0,245.05686723655964,4449.220690561963,4.198892987165166,3.1895796643811405,0.04875869351489293,17.00301927371991,1289.165660626808,0.2788590616636094,3.586040898345668,407803897.7394394,0.0013593463257981313,987.5017924368976,1.7223021089638153,470.6015259975131,846.1972831379796,5.5640229370440745e+19,5368.393533671191,18989769430.763466,898.4543471140544,0.8791346843235504,5633944526.843237,6049726658.614131,581119000.0,255444974.15785992,18989769430.763466,6.145669617007196,16899891.155422937,142.5089272931792,197.76578454109472,4449.220690561963,1289.165660626808,wall_load_ok;sustainment_ok
c2823_220MW,1.8,,,-68.45201212215699,falling,150.05486977166663,110.0,236.452193846384,4684.960516125413,4.188665670970995,3.181810750085435,0.04784309969959812,17.00301927371991,1377.491927916834,0.26679741711210364,3.7481622229491727,407803897.7394394,0.0013593463257981313,1086.3063273673877,2.034437767352693,507.12852431800667,891.0326405618922,6.17303595511279e+19,5641.84100368768,19486054535.255924,1007.2636971105663,0.8791346843235504,5633944526.843237,6227659795.632192,581119000.0,272844784.72559404,19486054535.255924,6.145669617007196,16899891.155422937,142.5089272931792,150.05486977166663,4684.960516125413,1377.491927916834,wall_load_ok;sustainment_ok
c2823_220MW,1.9,,,-82.41141802588601,falling,110.22060928635608,110.0,229.9579089878872,4893.578387376783,4.15642470036111,3.157319736732264,0.04692957790256108,17.00301927371991,1455.6562254154985,0.25705852766724024,3.890164660456199,407803897.7394394,0.0013593463257981313,1187.2490741931138,2.3837452370257037,542.8698962301326,930.7096734951903,6.780670757130274e+19,5883.828240920782,19949447321.018093,1122.2907242497358,0.8791346843235504,5633944526.843237,6405592932.650254,581119000.0,288469878.6029557,19949447321.018093,6.145669617007196,16899891.155422937,142.5089272931792,110.22060928635608,4893.578387376783,1455.6562254154985,wall_load_ok;sustainment_ok
c2823_220MW,2.0,,,-94.7463338525148,falling,77.80793890676125,110.0,225.09233613346922,5075.489775106252,4.1056509645763954,3.118750791146222,0.04602460737328937,17.00301927371991,1523.8142204309315,0.2491975502546105,4.012880539869989,407803897.7394394,0.0013593463257981313,1290.1436621916953,2.7726748222436135,577.8088229988507,965.3074003274579,7.382617629300382e+19,6094.8371725805855,20379906022.14721,1243.5354285315632,0.8791346843235504,5633944526.843237,6583526069.668317,581119000.0,302240644.6204751,20379906022.14721,6.145669617007196,16899891.155422937,142.5089272931792,77.80793890676125,5075.489775106252,1523.8142204309315,wall_load_ok
c2823_220MW,2.1,,,-105.57626024461229,falling,52.34249972765258,110.0,221.50842298025503,5231.656463187874,4.039614298587742,3.0685877582742784,0.045133575375116454,17.00301927371991,1582.3262711645182,0.2428707625772635,4.117416149182938,407803897.7394394,0.0013593463257981313,1394.8461811821192,3.2037052834637474,611.9659439503579,995.0087427337015,7.97529319933835e+19,6275.983424193806,20778067124.485504,1370.9978099560485,0.8791346843235504,5633944526.843237,6761459206.6863785,581119000.0,314125997.4013903,20778067124.485504,6.145669617007196,16899891.155422937,142.5089272931792,52.34249972765258,5231.656463187874,1582.3262711645182,
c2823_220MW,2.2,,,-115.02407184122518,falling,33.34053528836671,110.0,218.9501286050178,5363.434926736221,3.961307380117835,3.009103947780553,0.04426083817156456,17.00301927371991,1631.7006175085025,0.2378093847289535,4.205048514547749,407803897.7394394,0.0013593463257981313,1501.249878320662,3.6793363466682285,645.3903045948409,1020.0716887159617,8.555799871005686e+19,6428.840445165246,21145077957.41815,1504.6778685231916,0.8791346843235504,5633944526.843237,6939392343.704442,581119000.0,324135431.20050013,21145077957.41815,6.145669617007196,16899891.155422937,142.5089272931792,33.34053528836671,5363.434926736221,1631.7006175085025,
c2823_220MW,2.3,,,-123.21240551965815,falling,20.319115898240398,110.0,217.22470455614086,5472.444686859531,3.8734102918934123,2.9423352146844963,0.04340981124910826,17.00301927371991,1672.5440566128623,0.23380090405046816,4.277143427059377,407803897.7394394,0.0013593463257981313,1609.279796926666,4.202081799188374,678.1513408764807,1040.804254993814,9.121865811868302e+19,6555.2868062821135,21482449172.675785,1644.5756042329922,0.8791346843235504,5633944526.843237,7117325480.722504,581119000.0,332311362.46571887,21482449172.675785,6.145669617007196,16899891.155422937,142.5089272931792,20.319115898240398,5472.444686859531,1672.5440566128623,
c2823_220MW,2.4,,,-130.2607573357281,falling,12.805327074192064,110.0,216.1845126602039,5560.458977113819,3.7782787495446013,2.8700710169913233,0.04258307463109585,17.00301927371991,1705.520978131156,0.230675566408335,4.335092856041068,407803897.7394394,0.0013593463257981313,1718.8876399348133,4.774463227840106,710.3320802445314,1057.5436928572772,9.671774903075455e+19,6657.379377776166,21791930019.839516,1790.691017085451,0.8791346843235504,5633944526.843237,7295258617.740566,581119000.0,338722055.88899565,21791930019.839516,6.145669617007196,16899891.155422937,142.5089272931792,12.805327074192064,5560.458977113819,1705.520978131156,
c2823_220MW,2.5,,,-136.2832643939663,falling,10.343732112968837,110.0,215.71475374615758,5629.318014011335,3.6779498146419,2.793858755451711,0.0417824839686032,17.00301927371991,1731.320868683407,0.22829646171123275,4.380269376513064,407803897.7394394,0.0013593463257981313,1830.0470783186079,5.399004343143099,742.0236203327414,1070.6399930848156,1.0204292846575644e+20,6737.252727060248,22075407370.823914,1943.0241070805675,0.8791346843235504,5633944526.843237,7473191754.758628,581119000.0,343455341.0251839,22075407370.823914,6.145669617007196,16899891.155422937,142.5089272931792,10.343732112968837,5629.318014011335,1731.320868683407,
c2823_220MW,2.6,,,-141.38731155586584,falling,12.501989599545368,110.0,215.72499775393354,5680.86230734598,3.574158946376913,2.7150167264268257,0.041009278521504676,17.00301927371991,1750.6333247754983,0.22655218023675758,4.413994157791611,407803897.7394394,0.0013593463257981313,1942.7495379919503,6.078225975185819,773.320757677532,1080.4432022341318,1.071859534082417e+20,6797.04176174057,22334825843.78827,2101.574874218342,0.8791346843235504,5633944526.843237,7651124891.77669,581119000.0,346613119.2386263,22334825843.78827,6.145669617007196,16899891.155422937,142.5089272931792,12.501989599545368,5680.86230734598,1750.6333247754983,
c2823_220MW,2.8,,,-149.23058796014573,falling,29.085515249215177,110.0,215.02015663034936,5739.091881828564,3.361774225529713,2.553684206472121,0.03954749721983667,17.00301927371991,1772.4506012905722,0.22461821741819618,4.451998646833668,407803897.7394394,0.0013593463257981313,2172.8165296575808,7.61075386565169,835.1104559265873,1091.5178850049742,1.1690908420504158e+20,6864.585418330379,22789205816.68891,2437.3294399218635,0.8791346843235504,5633944526.843237,8006991165.812818,581119000.0,323692757.66349626,22789205816.68891,6.145669617007196,16899891.155422937,142.5089272931792,29.085515249215177,5739.091881828564,1772.4506012905722,
c2823_220MW,3.0,,,-154.49041677648836,falling,59.667066605475384,110.0,217.5913323755897,5748.370315300665,3.149969926218796,2.3927925886157917,0.03819892798839532,17.00301927371991,1775.9270159902555,0.2243135651496255,4.458045144674879,407803897.7394394,0.0013593463257981313,2409.248926467306,9.392002415165054,896.4282894740888,1093.2825502670335,1.2587917775520675e+20,6875.347978931238,23169862916.354195,2797.9547141960174,0.8791346843235504,5633944526.843237,8362857439.848944,581119000.0,322943308.13952965,23169862916.354195,6.145669617007196,16899891.155422937,142.5089272931792,59.667066605475384,5748.370315300665,1775.9270159902555,
