scenario,level,fusion_MW,series_cases,series_passes,series_case,series_candidate_id,series_flow_kg_s,series_split,series_net_MW,series_lcoe_USD_MWh,series_lcoe_nonfuel,series_min_terminal_approach_K,network_cases,network_passes,network_case,network_candidate_id,network_flow_kg_s,network_split,network_net_MW,network_lcoe_USD_MWh,network_lcoe_nonfuel,network_min_terminal_approach_K,delta_net_MW,delta_lcoe_USD_MWh
U,0.8,2200.0,4,3,sens-U0.8-L2200-F1400-M0-S0.85,20260926-design-study-exchanger-architecture:c0457,1400.0,0.85,718.8095441093403,774.8069171060378,72.22039881902901,0.004444596499297404,12,9,sens-U0.8-L2200-F1300-M1-S0.75,20260926-design-study-exchanger-architecture:c0445,1300.0,0.75,787.170531967552,707.5196342343669,65.9484950748141,0.018595759112713495,68.36098785821173,-67.28728287167087
U,0.8,2300.0,4,2,sens-U0.8-L2300-F1500-M0-S0.85,20260926-design-study-exchanger-architecture:c0577,1500.0,0.85,731.5632979081904,792.5375261061856,70.96134004936891,0.003327364869619487,12,7,sens-U0.8-L2300-F1400-M1-S0.65,20260926-design-study-exchanger-architecture:c0559,1400.0,0.65,799.9242857680886,724.8078057256671,64.89703197428764,3.8635445270897435,68.36098785989816,-67.72972038051853
U,1.2,2200.0,4,3,sens-U1.2-L2200-F1400-M0-S0.85,20260926-design-study-exchanger-architecture:c0458,1400.0,0.85,718.8095441093403,774.8069171060378,72.22039881902901,3.142720743198879e-05,12,9,sens-U1.2-L2200-F1300-M1-S0.75,20260926-design-study-exchanger-architecture:c0446,1300.0,0.75,787.170531967552,707.5196342343669,65.9484950748141,0.0002937849078534782,68.36098785821173,-67.28728287167087
U,1.2,2300.0,4,2,sens-U1.2-L2300-F1500-M0-S0.85,20260926-design-study-exchanger-architecture:c0578,1500.0,0.85,731.5632979081904,792.5375261061856,70.96134004936891,1.958538655344455e-05,12,7,sens-U1.2-L2300-F1400-M1-S0.65,20260926-design-study-exchanger-architecture:c0560,1400.0,0.65,799.9242857680886,724.8078057256671,64.89703197428764,0.7760427918817641,68.36098785989816,-67.72972038051853
loss,0.02,2200.0,4,3,sens-loss0.02-L2200-F1400-M0-S0.85,20260926-design-study-exchanger-architecture:c0459,1400.0,0.85,734.3602601751804,758.3997079647224,70.69106917375564,0.000373731717559167,12,10,sens-loss0.02-L2200-F1300-M1-S0.65,20260926-design-study-exchanger-architecture:c0441,1300.0,0.65,802.5334328148176,693.9755829290997,64.68604275889356,1.0973643354734577,68.17317263963719,-64.42412503562275
loss,0.02,2300.0,4,3,sens-loss0.02-L2300-F1400-M0-S0.85,20260926-design-study-exchanger-architecture:c0555,1400.0,0.85,816.0246786239093,710.5071470288889,63.6165955642947,0.0003893472488698535,12,7,sens-loss0.02-L2300-F1400-M1-S0.65,20260926-design-study-exchanger-architecture:c0561,1400.0,0.65,816.0246786239093,710.5071470288889,63.6165955642947,1.7199774744655087,0.0,0.0
loss,0.08,2200.0,4,3,sens-loss0.08-L2200-F1400-M0-S0.85,20260926-design-study-exchanger-architecture:c0460,1400.0,0.85,695.5009821056044,800.7732860011826,74.64074571589697,0.000373731717559167,12,8,sens-loss0.08-L2200-F1400-M1-S0.65,20260926-design-study-exchanger-architecture:c0466,1400.0,0.65,695.5009821056044,800.7732860011826,74.64074571589697,1.6548892457201418,0.0,0.0
loss,0.08,2300.0,4,2,sens-loss0.08-L2300-F1500-M0-S0.85,20260926-design-study-exchanger-architecture:c0580,1500.0,0.85,707.1493283991026,819.899479543896,73.41124408337453,0.0002552759340233024,12,6,sens-loss0.08-L2300-F1400-M1-S0.75,20260926-design-study-exchanger-architecture:c0568,1400.0,0.75,775.7918275837735,747.3543103953763,66.9157757335297,0.01608587414284557,68.6424991846709,-72.54516914851968
network-only-loss-0.08-versus-series-0.045,0,2200.0,0,0,,,,,,,,,1,0,,,,,,,,,,
network-only-loss-0.08-versus-series-0.045,0,2300.0,0,0,,,,,,,,,1,0,,,,,,,,,,
pump,0.8,2200.0,4,3,sens-pump0.8-L2200-F1400-M0-S0.85,20260926-design-study-exchanger-architecture:c0461,1400.0,0.85,730.4205339334601,762.490347661133,71.07236111085297,0.0003718578537927897,12,10,sens-pump0.8-L2200-F1300-M1-S0.65,20260926-design-study-exchanger-architecture:c0443,1300.0,0.65,798.7815217958907,697.2352159644307,64.9898758721738,1.067796747359921,68.36098786243065,-65.25513169670228
pump,0.8,2300.0,4,3,sens-pump0.8-L2300-F1400-M0-S0.85,20260926-design-study-exchanger-architecture:c0557,1400.0,0.85,811.5352755922084,714.4376637123306,63.96852177820392,0.000387473385217163,12,7,sens-pump0.8-L2300-F1400-M1-S0.65,20260926-design-study-exchanger-architecture:c0563,1400.0,0.65,811.5352755922084,714.4376637123306,63.96852177820392,1.6753878318015722,0.0,0.0
pump,1.2,2200.0,4,3,sens-pump1.2-L2200-F1400-M0-S0.85,20260926-design-study-exchanger-architecture:c0462,1400.0,0.85,707.1985542852219,787.5279205295635,73.40613415559073,0.00037560558132554434,12,8,sens-pump1.2-L2200-F1400-M1-S0.65,20260926-design-study-exchanger-architecture:c0468,1400.0,0.65,707.1985542852219,787.5279205295635,73.40613415559073,1.699478888384192,0.0,0.0
pump,1.2,2300.0,4,2,sens-pump1.2-L2300-F1500-M0-S0.85,20260926-design-study-exchanger-architecture:c0582,1500.0,0.85,719.9523080823834,805.3191298997749,72.10576501764695,0.00025650453483194724,12,7,sens-pump1.2-L2300-F1400-M1-S0.65,20260926-design-study-exchanger-architecture:c0564,1400.0,0.65,788.3132959439697,735.4834293641663,65.85289404301841,1.7645671171296726,68.3609878615863,-69.83570053560857
zero-tritium-price,0,1650.0,1,1,sens-zero-tritium-main-L1650-F1300-M0-S0.85,20260926-design-study-exchanger-architecture:c0625,1300.0,0.85,341.03945284358855,140.0582469733506,140.03364263289544,0.00046768009281095146,1,1,sens-zero-tritium-main-L1650-F1300-M1-S0.5,20260926-design-study-exchanger-architecture:c0626,1300.0,0.5,341.03945284358855,140.0582469733506,140.03364263289544,0.29219836054710413,0.0,0.0
zero-tritium-price,0,1835.4512830147435,1,1,sens-zero-tritium-main-L1835.45128301474-F1300-M0-S0.85,20260926-design-study-exchanger-architecture:c0627,1300.0,0.85,491.4677819649969,97.19117463371427,97.17218221767098,0.0005147317419869069,1,1,sens-zero-tritium-main-L1835.45128301474-F1300-M1-S0.5,20260926-design-study-exchanger-architecture:c0628,1300.0,0.5,491.4677819649969,97.19117463371427,97.17218221767098,0.3215954098374141,0.0,0.0
zero-tritium-price,0,2000.0,1,1,sens-zero-tritium-main-L2000-F1300-M0-S0.85,20260926-design-study-exchanger-architecture:c0629,1300.0,0.85,624.9410486517409,76.4346780179434,76.41840292976288,0.0005564801103901118,1,1,sens-zero-tritium-main-L2000-F1300-M1-S0.6,20260926-design-study-exchanger-architecture:c0630,1300.0,0.6,624.9410486517409,76.4346780179434,76.41840292976288,1.011043754118532,0.0,0.0
zero-tritium-price,0,2100.0,1,1,sens-zero-tritium-main-L2100-F1300-M0-S0.85,20260926-design-study-exchanger-architecture:c0631,1300.0,0.85,706.0557903096468,67.6542520265665,67.63912642409325,0.0005818515440978445,1,1,sens-zero-tritium-main-L2100-F1300-M1-S0.6,20260926-design-study-exchanger-architecture:c0632,1300.0,0.6,706.0557903096468,67.6542520265665,67.63912642409325,1.0542040447960517,0.0,0.0
zero-tritium-price,0,2200.0,1,1,sens-zero-tritium-main-L2200-F1400-M0-S0.85,20260926-design-study-exchanger-architecture:c0633,1400.0,0.85,718.8095441093403,66.45457802059036,66.43901330274045,0.000373731717559167,1,1,sens-zero-tritium-main-L2200-F1300-M1-S0.7,20260926-design-study-exchanger-architecture:c0634,1300.0,0.7,787.170531967552,60.683400852876694,60.669187836398656,0.17144439903063358,68.36098785821173,-5.771177167713667
zero-tritium-price,0,2250.0,1,1,sens-zero-tritium-main-L2250-F1400-M0-S0.85,20260926-design-study-exchanger-architecture:c0636,1400.0,0.85,759.3669149387149,62.90561027284312,62.89054200770852,0.00038153948321451026,1,1,sens-zero-tritium-main-L2250-F1400-M1-S0.6,20260926-design-study-exchanger-architecture:c0637,1400.0,0.6,759.3669149387149,62.90561027284312,62.89054200770852,1.6874333600927685,0.0,0.0
zero-tritium-price,0,2300.0,1,1,sens-zero-tritium-main-L2300-F1500-M0-S0.85,20260926-design-study-exchanger-architecture:c0638,1500.0,0.85,731.5632979081904,65.29673319599438,65.2807446734577,0.0002552759340233024,1,1,sens-zero-tritium-main-L2300-F1400-M1-S0.65,20260926-design-study-exchanger-architecture:c0639,1400.0,0.65,799.9242857680886,59.716518587287666,59.70189643306169,1.7199774744656224,68.36098785989816,-5.5802146087067115
zero-tritium-price,0,2350.0,1,1,sens-zero-tritium-main-L2350-F1500-M0-S0.85,20260926-design-study-exchanger-architecture:c0640,1500.0,0.85,772.1206687392528,61.867205072697566,61.85172706384957,0.00026039510396458354,1,1,sens-zero-tritium-main-L2350-F1400-M1-S0.7,20260926-design-study-exchanger-architecture:c0641,1400.0,0.7,840.4816565974646,56.835205597637355,56.82098650023213,0.7331812069917305,68.36098785821184,-5.031999475060211
zero-tritium-price,0,2400.0,1,1,sens-zero-tritium-main-L2400-F1500-M0-S0.85,20260926-design-study-exchanger-architecture:c0642,1500.0,0.85,812.6780395703154,58.779983833798994,58.764965383422535,0.000265514273678491,1,1,sens-zero-tritium-main-L2400-F1500-M1-S0.6,20260926-design-study-exchanger-architecture:c0643,1500.0,0.6,812.6780395703154,58.779983833798994,58.764965383422535,1.050665321948145,0.0,0.0
zero-tritium-price,0,2450.0,1,1,sens-zero-tritium-main-L2450-F1600-M0-S0.85,20260926-design-study-exchanger-architecture:c0644,1600.0,0.85,784.8744225347275,60.86254683650345,60.846672400136995,0.00018685912698401808,1,1,sens-zero-tritium-main-L2450-F1500-M1-S0.65,20260926-design-study-exchanger-architecture:c0645,1500.0,0.65,853.2354104013774,55.98625621951372,55.97165363864999,2.569153408965576,68.36098786664991,-4.876290616989728
zero-tritium-price,0,2500.0,1,1,sens-zero-tritium-main-L2500-F1600-M0-S0.85,20260926-design-study-exchanger-architecture:c0646,1600.0,0.85,825.4317933674765,57.87238989387166,57.85698739369514,0.00019039366281958792,1,1,sens-zero-tritium-main-L2500-F1500-M1-S0.7,20260926-design-study-exchanger-architecture:c0647,1500.0,0.7,893.7927812324401,53.44606890949738,53.431844456570474,2.3062307825183552,68.36098786496359,-4.426320984374286
