fusion_MW,series_case,network_case,series_id,network_id,series_flow,network_flow,network_split,series_loss,network_loss,series_net,network_net,delta_net,series_lcoe,network_lcoe,delta_lcoe,delta_nonfuel_lcoe,annual_budget_USD,power_budget_MW,budget_slope_USD_y_per_MW
1650.0,main-L1650-F1300-M0-S0.85,main-L1650-F1300-M1-S0.5,20260926-design-study-exchanger-architecture:c0000,20260926-design-study-exchanger-architecture:c0001,1300.0,1300.0,0.5,0.045,0.045,341.03945284358855,341.03945284358855,0.0,1264.5118511988373,1264.5118511988373,0.0,0.0,0.0,0.0,-9415555.244026544
1835.4512830147435,main-L1835.45128301474-F1300-M0-S0.85,main-L1835.45128301474-F1300-M1-S0.5,20260926-design-study-exchanger-architecture:c0036,20260926-design-study-exchanger-architecture:c0037,1300.0,1300.0,0.5,0.045,0.045,491.4677819649969,491.4677819649969,0.0,963.7033857432849,963.7033857432849,0.0,0.0,4.76837158203125e-07,5.684341886080802e-14,-7175735.410244499
2000.0,main-L2000-F1300-M0-S0.85,main-L2000-F1300-M1-S0.6,20260926-design-study-exchanger-architecture:c0072,20260926-design-study-exchanger-architecture:c0074,1300.0,1300.0,0.6,0.045,0.045,624.9410486517409,624.9410486517409,0.0,818.0501009618861,818.0501009618861,0.0,0.0,0.0,0.0,-6091201.051762204
2100.0,main-L2100-F1300-M0-S0.85,main-L2100-F1300-M1-S0.6,20260926-design-study-exchanger-architecture:c0108,20260926-design-study-exchanger-architecture:c0110,1300.0,1300.0,0.6,0.045,0.045,706.0557903096468,706.0557903096468,0.0,756.4357586629819,756.4357586629819,0.0,0.0,4.76837158203125e-07,0.0,-5632420.6590045635
2200.0,main-L2200-F1400-M0-S0.85,main-L2200-F1300-M1-S0.7,20260926-design-study-exchanger-architecture:c0153,20260926-design-study-exchanger-architecture:c0148,1400.0,1300.0,0.7,0.045,0.045,718.8095441093403,787.170531967552,68.36098785821173,774.8069171060378,707.5196342343669,-67.28728287167087,-6.27190374421491,394389052.31793547,68.36098785821196,-5769212.304771557
2250.0,main-L2250-F1400-M0-S0.85,main-L2250-F1400-M1-S0.6,20260926-design-study-exchanger-architecture:c0189,20260926-design-study-exchanger-architecture:c0191,1400.0,1400.0,0.6,0.045,0.045,759.3669149387149,759.3669149387149,0.0,748.4721488450249,748.4721488450249,0.0,0.0,9.5367431640625e-07,1.1368683772161603e-13,-5573123.6203000555
2300.0,main-L2300-F1500-M0-S0.85,main-L2300-F1400-M1-S0.65,20260926-design-study-exchanger-architecture:c0234,20260926-design-study-exchanger-architecture:c0228,1500.0,1400.0,0.65,0.045,0.045,731.5632979081904,799.9242857680886,68.36098785989816,792.5375261061856,724.8078057256671,-67.72972038051853,-6.0643080750812715,403414214.50210476,68.36098785989816,-5901234.419386658
2350.0,main-L2350-F1500-M0-S0.85,main-L2350-F1400-M1-S0.7,20260926-design-study-exchanger-architecture:c0270,20260926-design-study-exchanger-architecture:c0265,1500.0,1400.0,0.7,0.045,0.045,772.1206687392528,840.4816565974646,68.36098785821184,765.706410900572,703.4273043339447,-62.27910656662732,-5.468505201965854,389756749.8194084,68.36098785821207,-5701449.935565659
2400.0,main-L2400-F1500-M0-S0.85,main-L2400-F1500-M1-S0.6,20260926-design-study-exchanger-architecture:c0306,20260926-design-study-exchanger-architecture:c0308,1500.0,1500.0,0.6,0.045,0.045,812.6780395703154,812.6780395703154,0.0,741.553353760315,741.553353760315,0.0,0.0,9.5367431640625e-07,2.2737367544323206e-13,-5521606.272099305
2450.0,main-L2450-F1600-M0-S0.85,main-L2450-F1500-M1-S0.65,20260926-design-study-exchanger-architecture:c0351,20260926-design-study-exchanger-architecture:c0345,1600.0,1500.0,0.65,0.045,0.045,784.8744225347275,853.2354104013774,68.36098786664991,782.380579450973,719.6964612733291,-62.68411817764388,-5.299232810706371,398244167.03998566,68.36098786665002,-5825605.794591945
2500.0,main-L2500-F1600-M0-S0.85,main-L2500-F1500-M1-S0.7,20260926-design-study-exchanger-architecture:c0387,20260926-design-study-exchanger-architecture:c0382,1600.0,1500.0,0.7,0.045,0.045,825.4317933674765,893.7927812324401,68.36098786496359,757.7814305836216,699.8231562854206,-57.95827429820099,-4.81020972262354,385722808.7454214,68.36098786496382,-5642440.532125646
