T,p,h,s,cp,phase
171.0,6.2,726.4088,2.0446026,4.3500884,liquid
171.5,6.2,728.58426,2.0494979,4.3517728,liquid
172.0,6.2,730.76057,2.0543896,4.3534687,liquid
172.5,6.2,732.93773,2.0592777,4.3551762,liquid
173.0,6.2,735.11575,2.0641622,4.3568954,liquid
173.5,6.2,737.29463,2.0690432,4.3586264,liquid
174.0,6.2,739.47438,2.0739207,4.3603692,liquid
174.5,6.2,741.655,2.0787947,4.3621239,liquid
175.0,6.2,743.8365,2.0836652,4.3638906,liquid
175.5,6.2,746.01889,2.0885323,4.3656694,liquid
176.0,6.2,748.20218,2.0933959,4.3674602,liquid
176.5,6.2,750.38636,2.0982561,4.3692633,liquid
177.0,6.2,752.57144,2.1031129,4.3710788,liquid
177.5,6.2,754.75744,2.1079664,4.3729065,liquid
178.0,6.2,756.94435,2.1128165,4.3747468,liquid
178.5,6.2,759.13219,2.1176633,4.3765996,liquid
179.0,6.2,761.32095,2.1225067,4.378465,liquid
179.5,6.2,763.51065,2.1273469,4.3803431,liquid
180.0,6.2,765.7013,2.1321839,4.382234,liquid
180.5,6.2,767.89289,2.1370175,4.3841378,liquid
181.0,6.2,770.08544,2.141848,4.3860545,liquid
181.5,6.2,772.27895,2.1466753,4.3879844,liquid
182.0,6.2,774.47342,2.1514994,4.3899273,liquid
182.5,6.2,776.66888,2.1563203,4.3918835,liquid
183.0,6.2,778.86531,2.1611381,4.393853,liquid
183.5,6.2,781.06273,2.1659528,4.395836,liquid
184.0,6.2,783.26115,2.1707644,4.3978324,liquid
184.5,6.2,785.46057,2.1755729,4.3998425,liquid
185.0,6.2,787.66099,2.1803784,4.4018662,liquid
185.5,6.2,789.86243,2.1851808,4.4039038,liquid
186.0,6.2,792.0649,2.1899802,4.4059552,liquid
186.5,6.2,794.26839,2.1947767,4.4080207,liquid
187.0,6.2,796.47292,2.1995702,4.4101002,liquid
187.5,6.2,798.67849,2.2043608,4.412194,liquid
188.0,6.2,800.88512,2.2091484,4.414302,liquid
188.5,6.2,803.0928,2.2139331,4.4164245,liquid
189.0,6.2,805.30154,2.218715,4.4185614,liquid
189.5,6.2,807.51136,2.223494,4.420713,liquid
190.0,6.2,809.72226,2.2282702,4.4228793,liquid
190.5,6.2,811.93424,2.2330436,4.4250604,liquid
191.0,6.2,814.14732,2.2378142,4.4272564,liquid
191.5,6.2,816.3615,2.242582,4.4294676,liquid
192.0,6.2,818.57679,2.2473471,4.4316938,liquid
192.5,6.2,820.7932,2.2521095,4.4339354,liquid
193.0,6.2,823.01073,2.2568692,4.4361923,liquid
193.5,6.2,825.22939,2.2616262,4.4384648,liquid
194.0,6.2,827.4492,2.2663805,4.4407529,liquid
194.5,6.2,829.67015,2.2711322,4.4430567,liquid
195.0,6.2,831.89226,2.2758813,4.4453764,liquid
195.5,6.2,834.11553,2.2806279,4.4477122,liquid
196.0,6.2,836.33997,2.2853718,4.450064,liquid
196.5,6.2,838.5656,2.2901132,4.4524321,liquid
197.0,6.2,840.79241,2.2948521,4.4548165,liquid
197.5,6.2,843.02042,2.2995886,4.4572175,liquid
198.0,6.2,845.24963,2.3043225,4.4596351,liquid
198.5,6.2,847.48005,2.309054,4.4620694,liquid
199.0,6.2,849.7117,2.3137831,4.4645207,liquid
199.5,6.2,851.94458,2.3185097,4.466989,liquid
200.0,6.2,854.17869,2.323234,4.4694745,liquid
200.5,6.2,856.41405,2.3279559,4.4719773,liquid
201.0,6.2,858.65067,2.3326755,4.4744975,liquid
201.5,6.2,860.88855,2.3373928,4.4770354,liquid
202.0,6.2,863.12771,2.3421078,4.479591,liquid
202.5,6.2,865.36815,2.3468206,4.4821645,liquid
203.0,6.2,867.60988,2.3515311,4.484756,liquid
203.5,6.2,869.85291,2.3562394,4.4873658,liquid
204.0,6.2,872.09725,2.3609455,4.4899939,liquid
204.5,6.2,874.3429,2.3656494,4.4926404,liquid
205.0,6.2,876.58989,2.3703512,4.4953057,liquid
205.5,6.2,878.83821,2.3750509,4.4979898,liquid
206.0,6.2,881.08788,2.3797484,4.5006929,liquid
206.5,6.2,883.33891,2.384444,4.5034151,liquid
207.0,6.2,885.5913,2.3891374,4.5061566,liquid
207.5,6.2,887.84507,2.3938289,4.5089176,liquid
208.0,6.2,890.10022,2.3985183,4.5116983,liquid
208.5,6.2,892.35677,2.4032058,4.5144988,liquid
209.0,6.2,894.61472,2.4078913,4.5173193,liquid
209.5,6.2,896.87409,2.4125749,4.5201599,liquid
210.0,6.2,899.13489,2.4172566,4.523021,liquid
210.5,6.2,901.39712,2.4219364,4.5259026,liquid
211.0,6.2,903.66079,2.4266144,4.5288049,liquid
211.5,6.2,905.92593,2.4312906,4.5317281,liquid
212.0,6.2,908.19253,2.4359649,4.5346724,liquid
212.5,6.2,910.4606,2.4406375,4.5376381,liquid
213.0,6.2,912.73017,2.4453084,4.5406253,liquid
213.5,6.2,915.00123,2.4499775,4.5436341,liquid
214.0,6.2,917.2738,2.4546449,4.5466649,liquid
214.5,6.2,919.5479,2.4593107,4.5497177,liquid
215.0,6.2,921.82353,2.4639748,4.5527929,liquid
215.5,6.2,924.1007,2.4686373,4.5558906,liquid
216.0,6.2,926.37942,2.4732983,4.5590111,liquid
216.5,6.2,928.65971,2.4779576,4.5621545,liquid
217.0,6.2,930.94158,2.4826154,4.5653211,liquid
217.5,6.2,933.22504,2.4872718,4.5685111,liquid
218.0,6.2,935.51009,2.4919266,4.5717247,liquid
218.5,6.2,937.79676,2.49658,4.5749622,liquid
219.0,6.2,940.08506,2.5012319,4.5782238,liquid
219.5,6.2,942.37499,2.5058825,4.5815098,liquid
220.0,6.2,944.66657,2.5105317,4.5848203,liquid
220.5,6.2,946.95982,2.5151795,4.5881556,liquid
221.0,6.2,949.25473,2.519826,4.591516,liquid
221.5,6.2,951.55134,2.5244713,4.5949017,liquid
222.0,6.2,953.84964,2.5291152,4.598313,liquid
222.5,6.2,956.14965,2.533758,4.6017502,liquid
223.0,6.2,958.45139,2.5383995,4.6052135,liquid
223.5,6.2,960.75487,2.5430399,4.6087031,liquid
224.0,6.2,963.0601,2.5476791,4.6122194,liquid
224.5,6.2,965.3671,2.5523172,4.6157626,liquid
225.0,6.2,967.67587,2.5569542,4.619333,liquid
225.5,6.2,969.98643,2.5615902,4.622931,liquid
226.0,6.2,972.2988,2.5662251,4.6265567,liquid
226.5,6.2,974.613,2.5708591,4.6302105,liquid
227.0,6.2,976.92902,2.5754921,4.6338926,liquid
227.5,6.2,979.24689,2.5801241,4.6376035,liquid
228.0,6.2,981.56663,2.5847552,4.6413433,liquid
228.5,6.2,983.88824,2.5893855,4.6451125,liquid
229.0,6.2,986.21175,2.5940149,4.6489113,liquid
229.5,6.2,988.53716,2.5986435,4.6527401,liquid
230.0,6.2,990.86449,2.6032713,4.6565991,liquid
230.5,6.2,993.19376,2.6078984,4.6604888,liquid
231.0,6.2,995.52498,2.6125248,4.6644094,liquid
231.5,6.2,997.85818,2.6171505,4.6683614,liquid
232.0,6.2,1000.1934,2.6217755,4.6723451,liquid
232.5,6.2,1002.5305,2.6263999,4.6763607,liquid
233.0,6.2,1004.8697,2.6310237,4.6804088,liquid
233.5,6.2,1007.2109,2.635647,4.6844896,liquid
234.0,6.2,1009.5542,2.6402697,4.6886036,liquid
234.5,6.2,1011.8995,2.644892,4.6927512,liquid
235.0,6.2,1014.247,2.6495138,4.6969326,liquid
235.5,6.2,1016.5965,2.6541352,4.7011484,liquid
236.0,6.2,1018.9481,2.6587562,4.7053989,liquid
236.5,6.2,1021.3019,2.6633769,4.7096846,liquid
237.0,6.2,1023.6578,2.6679972,4.7140058,liquid
237.5,6.2,1026.0159,2.6726173,4.718363,liquid
238.0,6.2,1028.3762,2.6772372,4.7227567,liquid
238.5,6.2,1030.7387,2.6818568,4.7271872,liquid
239.0,6.2,1033.1034,2.6864763,4.731655,liquid
239.5,6.2,1035.4703,2.6910956,4.7361607,liquid
240.0,6.2,1037.8395,2.6957149,4.7407046,liquid
240.5,6.2,1040.211,2.7003341,4.7452872,liquid
241.0,6.2,1042.5848,2.7049533,4.749909,liquid
241.5,6.2,1044.961,2.7095725,4.7545706,liquid
242.0,6.2,1047.3394,2.7141917,4.7592724,liquid
242.5,6.2,1049.7202,2.7188111,4.7640148,liquid
243.0,6.2,1052.1034,2.7234306,4.7687986,liquid
243.5,6.2,1054.489,2.7280503,4.7736241,liquid
244.0,6.2,1056.8771,2.7326702,4.778492,liquid
244.5,6.2,1059.2675,2.7372903,4.7834027,liquid
245.0,6.2,1061.6605,2.7419108,4.7883569,liquid
245.5,6.2,1064.0559,2.7465316,4.7933551,liquid
246.0,6.2,1066.4538,2.7511528,4.7983979,liquid
246.5,6.2,1068.8543,2.7557744,4.803486,liquid
247.0,6.2,1071.2573,2.7603965,4.8086198,liquid
247.5,6.2,1073.6629,2.7650191,4.8138001,liquid
248.0,6.2,1076.0711,2.7696423,4.8190275,liquid
248.5,6.2,1078.482,2.774266,4.8243025,liquid
249.0,6.2,1080.8955,2.7788905,4.829626,liquid
249.5,6.2,1083.3116,2.7835156,4.8349985,liquid
250.0,6.2,1085.7305,2.7881414,4.8404208,liquid
250.5,6.2,1088.152,2.792768,4.8458934,liquid
251.0,6.2,1090.5764,2.7973955,4.8514173,liquid
251.5,6.2,1093.0035,2.8020238,4.856993,liquid
252.0,6.2,1095.4334,2.8066531,4.8626214,liquid
252.5,6.2,1097.8661,2.8112833,4.8683032,liquid
253.0,6.2,1100.3017,2.8159146,4.8740391,liquid
253.5,6.2,1102.7401,2.8205469,4.8798301,liquid
254.0,6.2,1105.1815,2.8251804,4.8856768,liquid
254.5,6.2,1107.6258,2.8298151,4.8915801,liquid
255.0,6.2,1110.0731,2.8344509,4.8975408,liquid
255.5,6.2,1112.5234,2.8390881,4.9035599,liquid
256.0,6.2,1114.9767,2.8437266,4.9096382,liquid
256.5,6.2,1117.433,2.8483665,4.9157766,liquid
257.0,6.2,1119.8925,2.8530078,4.9219761,liquid
257.5,6.2,1122.355,2.8576506,4.9282375,liquid
258.0,6.2,1124.8207,2.862295,4.9345618,liquid
258.5,6.2,1127.2896,2.8669409,4.9409501,liquid
259.0,6.2,1129.7617,2.8715886,4.9474034,liquid
259.5,6.2,1132.237,2.876238,4.9539226,liquid
260.0,6.2,1134.7156,2.8808891,4.9605088,liquid
260.5,6.2,1137.1975,2.8855421,4.9671631,liquid
261.0,6.2,1139.6828,2.8901971,4.9738867,liquid
261.5,6.2,1142.1714,2.8948539,4.9806806,liquid
262.0,6.2,1144.6635,2.8995129,4.9875461,liquid
262.5,6.2,1147.159,2.9041739,4.9944842,liquid
263.0,6.2,1149.658,2.908837,5.0014962,liquid
263.5,6.2,1152.1605,2.9135024,5.0085834,liquid
264.0,6.2,1154.6666,2.9181701,5.0157471,liquid
264.5,6.2,1157.1762,2.9228402,5.0229884,liquid
265.0,6.2,1159.6896,2.9275126,5.0303089,liquid
265.5,6.2,1162.2066,2.9321876,5.0377098,liquid
266.0,6.2,1164.7273,2.9368651,5.0451925,liquid
266.5,6.2,1167.2518,2.9415453,5.0527586,liquid
267.0,6.2,1169.7801,2.9462282,5.0604094,liquid
267.5,6.2,1172.3122,2.9509138,5.0681466,liquid
268.0,6.2,1174.8482,2.9556024,5.0759716,liquid
268.5,6.2,1177.3882,2.9602938,5.083886,liquid
269.0,6.2,1179.9321,2.9649883,5.0918915,liquid
269.5,6.2,1182.4801,2.9696859,5.0999897,liquid
270.0,6.2,1185.0321,2.9743867,5.1081825,liquid
270.5,6.2,1187.5883,2.9790907,5.1164715,liquid
271.0,6.2,1190.1486,2.983798,5.1248586,liquid
271.5,6.2,1192.7132,2.9885088,5.1333456,liquid
272.0,6.2,1195.282,2.9932231,5.1419345,liquid
272.5,6.2,1197.8551,2.997941,5.1506272,liquid
273.0,6.2,1200.4326,3.0026625,5.1594258,liquid
273.5,6.2,1203.0146,3.0073879,5.1683323,liquid
274.0,6.2,1205.601,3.0121171,5.1773489,liquid
274.5,6.2,1208.1919,3.0168503,5.1864778,liquid
275.0,6.2,1210.7875,3.0215876,5.1957213,liquid
275.5,6.2,1213.3877,3.026329,5.2050816,liquid
276.0,6.2,1215.9926,3.0310747,5.2145612,liquid
276.5,6.2,1218.6022,3.0358247,5.2241625,liquid
277.0,6.2,1221.2168,3.0405793,5.2338882,liquid
277.5,6.2,1223.8362,3.0453383,5.2437408,liquid
277.73289,6.2,1225.0579,3.0475566,5.248374,liquid
277.73289,6.2,2782.3705,5.874496,4.9715405,vapor
278.0,6.2,2783.6949,5.8768996,4.9451211,vapor
278.5,6.2,2786.1554,5.8813618,4.8971297,vapor
279.0,6.2,2788.5923,5.8857774,4.8509466,vapor
279.5,6.2,2791.0066,5.8901479,4.8064626,vapor
280.0,6.2,2793.399,5.894475,4.763577,vapor
280.5,6.2,2795.7704,5.8987601,4.7221965,vapor
281.0,6.2,2798.1215,5.9030047,4.6822351,vapor
281.5,6.2,2800.4529,5.90721,4.6436129,vapor
282.0,6.2,2802.7653,5.9113772,4.6062558,vapor
282.5,6.2,2805.0593,5.9155077,4.5700952,vapor
283.0,6.2,2807.3356,5.9196024,4.5350672,vapor
283.5,6.2,2809.5946,5.9236624,4.5011123,vapor
284.0,6.2,2811.8368,5.9276888,4.4681753,vapor
284.5,6.2,2814.0629,5.9316824,4.4362046,vapor
285.0,6.2,2816.2732,5.9356442,4.4051521,vapor
285.5,6.2,2818.4682,5.9395751,4.3749729,vapor
286.0,6.2,2820.6483,5.9434758,4.3456251,vapor
286.5,6.2,2822.814,5.9473472,4.3170693,vapor
287.0,6.2,2824.9655,5.95119,4.2892689,vapor
287.5,6.2,2827.1033,5.9550048,4.2621894,vapor
288.0,6.2,2829.2278,5.9587924,4.2357985,vapor
288.5,6.2,2831.3393,5.9625534,4.2100658,vapor
289.0,6.2,2833.438,5.9662885,4.184963,vapor
289.5,6.2,2835.5243,5.9699982,4.1604632,vapor
290.0,6.2,2837.5985,5.9736831,4.1365412,vapor
290.5,6.2,2839.661,5.9773437,4.1131734,vapor
291.0,6.2,2841.7118,5.9809806,4.0903373,vapor
291.5,6.2,2843.7514,5.9845943,4.0680119,vapor
292.0,6.2,2845.7799,5.9881853,4.0461774,vapor
292.5,6.2,2847.7976,5.991754,4.0248148,vapor
293.0,6.2,2849.8048,5.9953008,4.0039065,vapor
293.5,6.2,2851.8016,5.9988263,3.9834356,vapor
294.0,6.2,2853.7883,6.0023308,3.9633863,vapor
294.5,6.2,2855.7651,6.0058147,3.9437435,vapor
295.0,6.2,2857.7321,6.0092784,3.9244929,vapor
295.5,6.2,2859.6896,6.0127223,3.905621,vapor
296.0,6.2,2861.6378,6.0161467,3.8871149,vapor
296.5,6.2,2863.5768,6.0195521,3.8689623,vapor
297.0,6.2,2865.5068,6.0229387,3.8511518,vapor
297.5,6.2,2867.428,6.0263068,3.8336721,vapor
298.0,6.2,2869.3405,6.0296568,3.8165129,vapor
298.5,6.2,2871.2446,6.0329891,3.7996641,vapor
299.0,6.2,2873.1403,6.0363038,3.7831162,vapor
299.5,6.2,2875.0277,6.0396013,3.76686,vapor
300.0,6.2,2876.9072,6.0428818,3.7508868,vapor
300.5,6.2,2878.7787,6.0461457,3.7351884,vapor
301.0,6.2,2880.6424,6.0493932,3.7197569,vapor
301.5,6.2,2882.4985,6.0526245,3.7045846,vapor
302.0,6.2,2884.347,6.0558399,3.6896642,vapor
302.5,6.2,2886.1882,6.0590397,3.674989,vapor
303.0,6.2,2888.022,6.0622241,3.6605521,vapor
303.5,6.2,2889.8488,6.0653933,3.6463472,vapor
304.0,6.2,2891.6684,6.0685475,3.6323682,vapor
304.5,6.2,2893.4812,6.071687,3.6186092,vapor
305.0,6.2,2895.2871,6.0748119,3.6050647,vapor
305.5,6.2,2897.0863,6.0779225,3.591729,vapor
306.0,6.2,2898.8788,6.0810191,3.5785972,vapor
306.5,6.2,2900.6649,6.0841017,3.5656641,vapor
307.0,6.2,2902.4445,6.0871705,3.5529249,vapor
307.5,6.2,2904.2179,6.0902259,3.5403751,vapor
308.0,6.2,2905.9849,6.0932679,3.52801,vapor
308.5,6.2,2907.7459,6.0962967,3.5158255,vapor
309.0,6.2,2909.5008,6.0993125,3.5038173,vapor
309.5,6.2,2911.2497,6.1023155,3.4919815,vapor
310.0,6.2,2912.9928,6.1053058,3.4803142,vapor
310.5,6.2,2914.7301,6.1082837,3.4688117,vapor
311.0,6.2,2916.4616,6.1112492,3.4574703,vapor
311.5,6.2,2918.1876,6.1142025,3.4462866,vapor
312.0,6.2,2919.908,6.1171438,3.4352571,vapor
312.5,6.2,2921.6229,6.1200733,3.4243787,vapor
313.0,6.2,2923.3324,6.122991,3.4136481,vapor
313.5,6.2,2925.0365,6.1258972,3.4030623,vapor
314.0,6.2,2926.7354,6.1287919,3.3926184,vapor
314.5,6.2,2928.4292,6.1316754,3.3823135,vapor
315.0,6.2,2930.1178,6.1345476,3.3721447,vapor
315.5,6.2,2931.8013,6.1374089,3.3621095,vapor
316.0,6.2,2933.4799,6.1402592,3.3522051,vapor
316.5,6.2,2935.1536,6.1430988,3.342429,vapor
317.0,6.2,2936.8224,6.1459278,3.3327788,vapor
317.5,6.2,2938.4864,6.1487462,3.323252,vapor
318.0,6.2,2940.1456,6.1515542,3.3138464,vapor
318.5,6.2,2941.8002,6.154352,3.3045597,vapor
319.0,6.2,2943.4502,6.1571396,3.2953896,vapor
319.5,6.2,2945.0956,6.1599172,3.2863341,vapor
320.0,6.2,2946.7366,6.1626848,3.277391,vapor
320.5,6.2,2948.373,6.1654426,3.2685583,vapor
321.0,6.2,2950.0051,6.1681907,3.2598341,vapor
321.5,6.2,2951.6329,6.1709292,3.2512164,vapor
322.0,6.2,2953.2564,6.1736582,3.2427033,vapor
322.5,6.2,2954.8756,6.1763778,3.2342931,vapor
323.0,6.2,2956.4907,6.1790881,3.2259839,vapor
323.5,6.2,2958.1016,6.1817892,3.2177741,vapor
324.0,6.2,2959.7085,6.1844812,3.2096618,vapor
324.5,6.2,2961.3113,6.1871642,3.2016456,vapor
325.0,6.2,2962.9101,6.1898383,3.1937237,vapor
325.5,6.2,2964.505,6.1925035,3.1858946,vapor
326.0,6.2,2966.096,6.1951601,3.1781568,vapor
326.5,6.2,2967.6832,6.197808,3.1705088,vapor
327.0,6.2,2969.2666,6.2004474,3.1629491,vapor
327.5,6.2,2970.8462,6.2030783,3.1554763,vapor
328.0,6.2,2972.4221,6.2057008,3.1480889,vapor
328.5,6.2,2973.9943,6.2083151,3.1407857,vapor
329.0,6.2,2975.5629,6.2109212,3.1335653,vapor
329.5,6.2,2977.1279,6.2135191,3.1264264,vapor
330.0,6.2,2978.6893,6.216109,3.1193677,vapor
330.5,6.2,2980.2472,6.2186909,3.1123879,vapor
331.0,6.2,2981.8017,6.221265,3.105486,vapor
331.5,6.2,2983.3527,6.2238312,3.0986606,vapor
332.0,6.2,2984.9004,6.2263897,3.0919106,vapor
332.5,6.2,2986.4447,6.2289405,3.0852348,vapor
333.0,6.2,2987.9856,6.2314838,3.0786322,vapor
333.5,6.2,2989.5233,6.2340196,3.0721016,vapor
334.0,6.2,2991.0577,6.2365479,3.0656421,vapor
334.5,6.2,2992.589,6.2390688,3.0592524,vapor
335.0,6.2,2994.117,6.2415825,3.0529316,vapor
335.5,6.2,2995.6419,6.2440889,3.0466787,vapor
336.0,6.2,2997.1637,6.2465881,3.0404927,vapor
336.5,6.2,2998.6824,6.2490803,3.0343727,vapor
337.0,6.2,3000.1981,6.2515654,3.0283176,vapor
337.5,6.2,3001.7107,6.2540435,3.0223266,vapor
338.0,6.2,3003.2204,6.2565148,3.0163987,vapor
338.5,6.2,3004.7271,6.2589792,3.0105331,vapor
339.0,6.2,3006.231,6.2614368,3.0047289,vapor
339.5,6.2,3007.7319,6.2638877,2.9989851,vapor
340.0,6.2,3009.2299,6.2663319,2.9933011,vapor
340.5,6.2,3010.7252,6.2687695,2.9876758,vapor
341.0,6.2,3012.2176,6.2712006,2.9821086,vapor
341.5,6.2,3013.7073,6.2736252,2.9765987,vapor
342.0,6.2,3015.1942,6.2760434,2.9711451,vapor
342.5,6.2,3016.6785,6.2784552,2.9657473,vapor
343.0,6.2,3018.16,6.2808607,2.9604044,vapor
343.5,6.2,3019.6389,6.2832599,2.9551157,vapor
344.0,6.2,3021.1151,6.2856529,2.9498804,vapor
344.5,6.2,3022.5888,6.2880397,2.9446979,vapor
345.0,6.2,3024.0598,6.2904205,2.9395674,vapor
345.5,6.2,3025.5283,6.2927952,2.9344883,vapor
346.0,6.2,3026.9943,6.2951639,2.9294599,vapor
346.5,6.2,3028.4578,6.2975266,2.9244815,vapor
347.0,6.2,3029.9188,6.2998835,2.9195524,vapor
347.5,6.2,3031.3774,6.3022345,2.9146721,vapor
348.0,6.2,3032.8335,6.3045796,2.9098398,vapor
348.5,6.2,3034.2872,6.3069191,2.9050551,vapor
349.0,6.2,3035.7386,6.3092528,2.9003172,vapor
349.5,6.2,3037.1875,6.3115809,2.8956255,vapor
350.0,6.2,3038.6342,6.3139033,2.8909796,vapor
350.5,6.2,3040.0785,6.3162202,2.8863787,vapor
351.0,6.2,3041.5206,6.3185315,2.8818223,vapor
351.5,6.2,3042.9604,6.3208374,2.87731,vapor
352.0,6.2,3044.3979,6.3231378,2.872841,vapor
352.5,6.2,3045.8332,6.3254328,2.8684149,vapor
353.0,6.2,3047.2663,6.3277225,2.8640312,vapor
353.5,6.2,3048.6972,6.3300069,2.8596892,vapor
354.0,6.2,3050.126,6.332286,2.8553886,vapor
354.5,6.2,3051.5526,6.3345599,2.8511288,vapor
355.0,6.2,3052.9771,6.3368285,2.8469092,vapor
355.5,6.2,3054.3996,6.3390921,2.8427295,vapor
356.0,6.2,3055.8199,6.3413505,2.8385891,vapor
356.5,6.2,3057.2382,6.3436039,2.8344876,vapor
357.0,6.2,3058.6544,6.3458522,2.8304244,vapor
357.5,6.2,3060.0686,6.3480956,2.8263992,vapor
358.0,6.2,3061.4808,6.3503339,2.8224114,vapor
358.5,6.2,3062.891,6.3525674,2.8184606,vapor
359.0,6.2,3064.2993,6.354796,2.8145465,vapor
359.5,6.2,3065.7056,6.3570198,2.8106684,vapor
360.0,6.2,3067.1099,6.3592387,2.8068261,vapor
360.5,6.2,3068.5124,6.3614529,2.8030191,vapor
361.0,6.2,3069.913,6.3636623,2.799247,vapor
361.5,6.2,3071.3116,6.3658671,2.7955094,vapor
362.0,6.2,3072.7085,6.3680672,2.7918059,vapor
362.5,6.2,3074.1035,6.3702626,2.788136,vapor
363.0,6.2,3075.4966,6.3724534,2.7844995,vapor
363.5,6.2,3076.888,6.3746397,2.7808959,vapor
364.0,6.2,3078.2775,6.3768215,2.7773248,vapor
364.5,6.2,3079.6653,6.3789987,2.7737859,vapor
365.0,6.2,3081.0513,6.3811715,2.7702788,vapor
365.5,6.2,3082.4356,6.3833398,2.7668031,vapor
366.0,6.2,3083.8181,6.3855038,2.7633586,vapor
366.5,6.2,3085.1989,6.3876633,2.7599448,vapor
367.0,6.2,3086.5781,6.3898186,2.7565613,vapor
367.5,6.2,3087.9555,6.3919695,2.753208,vapor
368.0,6.2,3089.3313,6.3941161,2.7498843,vapor
368.5,6.2,3090.7054,6.3962585,2.74659,vapor
369.0,6.2,3092.0779,6.3983966,2.7433248,vapor
369.5,6.2,3093.4487,6.4005306,2.7400884,vapor
370.0,6.2,3094.818,6.4026604,2.7368804,vapor
370.5,6.2,3096.1856,6.404786,2.7337005,vapor
371.0,6.2,3097.5517,6.4069075,2.7305484,vapor
371.5,6.2,3098.9162,6.409025,2.7274238,vapor
372.0,6.2,3100.2791,6.4111384,2.7243264,vapor
372.5,6.2,3101.6405,6.4132478,2.7212559,vapor
373.0,6.2,3103.0004,6.4153532,2.7182121,vapor
373.5,6.2,3104.3587,6.4174546,2.7151946,vapor
374.0,6.2,3105.7156,6.4195521,2.7122031,vapor
374.5,6.2,3107.0709,6.4216456,2.7092374,vapor
375.0,6.2,3108.4248,6.4237352,2.7062972,vapor
375.5,6.2,3109.7772,6.425821,2.7033823,vapor
376.0,6.2,3111.1282,6.427903,2.7004923,vapor
376.5,6.2,3112.4777,6.4299811,2.697627,vapor
377.0,6.2,3113.8258,6.4320554,2.6947861,vapor
377.5,6.2,3115.1725,6.4341259,2.6919695,vapor
378.0,6.2,3116.5178,6.4361928,2.6891767,vapor
378.5,6.2,3117.8617,6.4382558,2.6864077,vapor
379.0,6.2,3119.2042,6.4403152,2.683662,vapor
379.5,6.2,3120.5453,6.442371,2.6809396,vapor
380.0,6.2,3121.8851,6.444423,2.6782401,vapor
380.5,6.2,3123.2236,6.4464715,2.6755634,vapor
381.0,6.2,3124.5607,6.4485163,2.6729091,vapor
381.5,6.2,3125.8965,6.4505575,2.670277,vapor
382.0,6.2,3127.231,6.4525952,2.667667,vapor
382.5,6.2,3128.5642,6.4546294,2.6650788,vapor
383.0,6.2,3129.8961,6.45666,2.6625122,vapor
383.5,6.2,3131.2267,6.4586872,2.6599669,vapor
384.0,6.2,3132.556,6.4607109,2.6574427,vapor
384.5,6.2,3133.8841,6.4627311,2.6549395,vapor
385.0,6.2,3135.211,6.4647479,2.652457,vapor
385.5,6.2,3136.5366,6.4667613,2.6499951,vapor
386.0,6.2,3137.861,6.4687713,2.6475534,vapor
386.5,6.2,3139.1842,6.4707779,2.6451318,vapor
387.0,6.2,3140.5061,6.4727812,2.6427302,vapor
387.5,6.2,3141.8269,6.4747811,2.6403483,vapor
388.0,6.2,3143.1465,6.4767778,2.6379858,vapor
388.5,6.2,3144.4649,6.4787711,2.6356427,vapor
389.0,6.2,3145.7821,6.4807612,2.6333187,vapor
389.5,6.2,3147.0982,6.482748,2.6310137,vapor
390.0,6.2,3148.4131,6.4847317,2.6287275,vapor
390.5,6.2,3149.7269,6.4867121,2.6264598,vapor
391.0,6.2,3151.0396,6.4886893,2.6242105,vapor
391.5,6.2,3152.3511,6.4906633,2.6219794,vapor
392.0,6.2,3153.6616,6.4926342,2.6197664,vapor
392.5,6.2,3154.9709,6.4946019,2.6175712,vapor
393.0,6.2,3156.2792,6.4965665,2.6153938,vapor
393.5,6.2,3157.5863,6.498528,2.6132338,vapor
394.0,6.2,3158.8924,6.5004865,2.6110913,vapor
394.5,6.2,3160.1974,6.5024418,2.6089659,vapor
395.0,6.2,3161.5014,6.5043942,2.6068576,vapor
395.5,6.2,3162.8043,6.5063435,2.6047661,vapor
396.0,6.2,3164.1061,6.5082897,2.6026914,vapor
396.5,6.2,3165.407,6.510233,2.6006332,vapor
397.0,6.2,3166.7068,6.5121733,2.5985914,vapor
397.5,6.2,3168.0055,6.5141106,2.5965658,vapor
398.0,6.2,3169.3033,6.516045,2.5945564,vapor
398.5,6.2,3170.6001,6.5179765,2.5925628,vapor
399.0,6.2,3171.8959,6.519905,2.5905851,vapor
399.5,6.2,3173.1907,6.5218307,2.588623,vapor
400.0,6.2,3174.4845,6.5237534,2.5866765,vapor
400.5,6.2,3175.7774,6.5256733,2.5847453,vapor
401.0,6.2,3177.0693,6.5275904,2.5828293,vapor
401.5,6.2,3178.3602,6.5295046,2.5809284,vapor
402.0,6.2,3179.6502,6.5314159,2.5790424,vapor
402.5,6.2,3180.9393,6.5333245,2.5771713,vapor
403.0,6.2,3182.2274,6.5352303,2.5753148,vapor
403.5,6.2,3183.5146,6.5371333,2.5734728,vapor
404.0,6.2,3184.8008,6.5390336,2.5716453,vapor
404.5,6.2,3186.0862,6.5409311,2.569832,vapor
405.0,6.2,3187.3707,6.5428258,2.5680329,vapor
405.5,6.2,3188.6543,6.5447179,2.5662478,vapor
406.0,6.2,3189.9369,6.5466073,2.5644766,vapor
406.5,6.2,3191.2187,6.5484939,2.5627191,vapor
407.0,6.2,3192.4997,6.5503779,2.5609754,vapor
407.5,6.2,3193.7797,6.5522592,2.5592451,vapor
408.0,6.2,3195.0589,6.5541379,2.5575282,vapor
408.5,6.2,3196.3372,6.556014,2.5558247,vapor
409.0,6.2,3197.6147,6.5578874,2.5541342,vapor
409.5,6.2,3198.8914,6.5597582,2.5524569,vapor
410.0,6.2,3200.1672,6.5616264,2.5507925,vapor
410.5,6.2,3201.4422,6.5634921,2.5491409,vapor
411.0,6.2,3202.7163,6.5653552,2.547502,vapor
411.5,6.2,3203.9897,6.5672157,2.5458757,vapor
412.0,6.2,3205.2622,6.5690737,2.544262,vapor
412.5,6.2,3206.5339,6.5709291,2.5426606,vapor
413.0,6.2,3207.8049,6.5727821,2.5410714,vapor
413.5,6.2,3209.075,6.5746325,2.5394945,vapor
414.0,6.2,3210.3444,6.5764804,2.5379296,vapor
414.5,6.2,3211.6129,6.5783259,2.5363767,vapor
415.0,6.2,3212.8807,6.5801689,2.5348356,vapor
415.5,6.2,3214.1478,6.5820095,2.5333063,vapor
416.0,6.2,3215.4141,6.5838476,2.5317886,vapor
416.5,6.2,3216.6796,6.5856833,2.5302825,vapor
417.0,6.2,3217.9443,6.5875165,2.5287879,vapor
417.5,6.2,3219.2084,6.5893474,2.5273046,vapor
418.0,6.2,3220.4716,6.5911758,2.5258326,vapor
418.5,6.2,3221.7342,6.5930019,2.5243718,vapor
419.0,6.2,3222.996,6.5948256,2.522922,vapor
419.5,6.2,3224.2571,6.596647,2.5214832,vapor
420.0,6.2,3225.5175,6.598466,2.5200554,vapor
420.5,6.2,3226.7772,6.6002826,2.5186383,vapor
421.0,6.2,3228.0361,6.602097,2.5172319,vapor
421.5,6.2,3229.2944,6.603909,2.5158361,vapor
422.0,6.2,3230.552,6.6057187,2.5144509,vapor
422.5,6.2,3231.8089,6.6075261,2.5130762,vapor
423.0,6.2,3233.0651,6.6093313,2.5117118,vapor
423.5,6.2,3234.3206,6.6111341,2.5103576,vapor
424.0,6.2,3235.5754,6.6129347,2.5090137,vapor
424.5,6.2,3236.8296,6.6147331,2.5076798,vapor
425.0,6.2,3238.0831,6.6165292,2.506356,vapor
425.5,6.2,3239.3359,6.6183231,2.5050422,vapor
426.0,6.2,3240.5881,6.6201148,2.5037382,vapor
426.5,6.2,3241.8397,6.6219042,2.5024439,vapor
427.0,6.2,3243.0906,6.6236915,2.5011594,vapor
427.5,6.2,3244.3409,6.6254765,2.4998845,vapor
428.0,6.2,3245.5905,6.6272594,2.4986191,vapor
428.5,6.2,3246.8395,6.6290401,2.4973633,vapor
429.0,6.2,3248.0878,6.6308187,2.4961168,vapor
429.5,6.2,3249.3356,6.6325951,2.4948796,vapor
430.0,6.2,3250.5827,6.6343694,2.4936517,vapor
430.5,6.2,3251.8292,6.6361415,2.4924329,vapor
431.0,6.2,3253.0752,6.6379115,2.4912232,vapor
431.5,6.2,3254.3205,6.6396794,2.4900226,vapor
432.0,6.2,3255.5652,6.6414452,2.4888309,vapor
432.5,6.2,3256.8093,6.6432089,2.4876481,vapor
433.0,6.2,3258.0528,6.6449706,2.4864741,vapor
433.5,6.2,3259.2958,6.6467301,2.4853088,vapor
434.0,6.2,3260.5381,6.6484876,2.4841523,vapor
434.5,6.2,3261.7799,6.650243,2.4830043,vapor
435.0,6.2,3263.0211,6.6519964,2.4818649,vapor
435.5,6.2,3264.2618,6.6537477,2.4807339,vapor
436.0,6.2,3265.5019,6.6554971,2.4796113,vapor
436.5,6.2,3266.7414,6.6572443,2.4784971,vapor
437.0,6.2,3267.9804,6.6589896,2.4773912,vapor
437.5,6.2,3269.2188,6.6607329,2.4762935,vapor
438.0,6.2,3270.4567,6.6624742,2.4752039,vapor
438.5,6.2,3271.694,6.6642135,2.4741224,vapor
439.0,6.2,3272.9308,6.6659508,2.4730489,vapor
439.5,6.2,3274.1671,6.6676861,2.4719834,vapor
440.0,6.2,3275.4028,6.6694195,2.4709258,vapor
440.5,6.2,3276.638,6.6711509,2.469876,vapor
441.0,6.2,3277.8727,6.6728804,2.468834,vapor
441.5,6.2,3279.1068,6.674608,2.4677998,vapor
442.0,6.2,3280.3405,6.6763336,2.4667732,vapor
442.5,6.2,3281.5736,6.6780573,2.4657542,vapor
443.0,6.2,3282.8062,6.679779,2.4647427,vapor
443.5,6.2,3284.0383,6.6814989,2.4637388,vapor
444.0,6.2,3285.27,6.6832169,2.4627423,vapor
444.5,6.2,3286.5011,6.684933,2.4617531,vapor
445.0,6.2,3287.7317,6.6866472,2.4607713,vapor
445.5,6.2,3288.9619,6.6883595,2.4597968,vapor
446.0,6.2,3290.1915,6.69007,2.4588294,vapor
446.5,6.2,3291.4207,6.6917786,2.4578693,vapor
447.0,6.2,3292.6494,6.6934854,2.4569162,vapor
447.5,6.2,3293.8776,6.6951903,2.4559702,vapor
448.0,6.2,3295.1054,6.6968934,2.4550312,vapor
448.5,6.2,3296.3326,6.6985946,2.4540992,vapor
449.0,6.2,3297.5595,6.7002941,2.453174,vapor
449.5,6.2,3298.7858,6.7019917,2.4522557,vapor
450.0,6.2,3300.0117,6.7036875,2.4513442,vapor
450.5,6.2,3301.2372,6.7053815,2.4504395,vapor
451.0,6.2,3302.4621,6.7070737,2.4495414,vapor
451.5,6.2,3303.6867,6.7087641,2.44865,vapor
452.0,6.2,3304.9108,6.7104528,2.4477652,vapor
452.5,6.2,3306.1345,6.7121397,2.446887,vapor
453.0,6.2,3307.3577,6.7138248,2.4460153,vapor
453.5,6.2,3308.5805,6.7155081,2.44515,vapor
454.0,6.2,3309.8028,6.7171897,2.4442911,vapor
454.5,6.2,3311.0248,6.7188696,2.4434387,vapor
455.0,6.2,3312.2463,6.7205477,2.4425925,vapor
