id,source_table,R_m,required_breeding_R_m,passes_necessary_radius_condition,published_axis_field_T,published_peak_field_T,published_peak_in_selected_product_interval,source_input_deck,new_numerical_execution,scientific_whole_plant_applicability,engineering_adequacy,supported_LCOE_comparison_candidate
VII-Reference,VII,7.75,12.7,False,5.7,15.1,False,incomplete; no complete matched selected geometry/current/equipment deck established,not_performed,excluded_by_necessary_breeding_geometry_condition,not_evaluated_for_this_source_row,False
VII-ARE-1,VII,10.13,12.7,False,4.64,12.4,False,incomplete; no complete matched selected geometry/current/equipment deck established,not_performed,excluded_by_necessary_breeding_geometry_condition,not_evaluated_for_this_source_row,False
VII-ARE-2,VII,7.75,12.7,False,5.64,15.0,False,incomplete; no complete matched selected geometry/current/equipment deck established,not_performed,excluded_by_necessary_breeding_geometry_condition,not_evaluated_for_this_source_row,False
VII-ARE-3,VII,7.9,12.7,False,5.17,14.4,False,incomplete; no complete matched selected geometry/current/equipment deck established,not_performed,excluded_by_necessary_breeding_geometry_condition,not_evaluated_for_this_source_row,False
IX-Reference,IX,7.75,12.7,False,5.7,15.1,False,incomplete; no complete matched selected geometry/current/equipment deck established,not_performed,excluded_by_necessary_breeding_geometry_condition,not_evaluated_for_this_source_row,False
IX-SNS,IX,8.96,12.7,False,6.8,16.0,False,incomplete; no complete matched selected geometry/current/equipment deck established,not_performed,excluded_by_necessary_breeding_geometry_condition,not_evaluated_for_this_source_row,False
IX-MHH2,IX,9.25,12.7,False,3.76,11.4,False,incomplete; no complete matched selected geometry/current/equipment deck established,not_performed,excluded_by_necessary_breeding_geometry_condition,not_evaluated_for_this_source_row,False
X-LiPb-FS-He-1.00GW,X,7.75,12.7,False,5.7,,,incomplete; no complete matched selected geometry/current/equipment deck established,not_performed,excluded_by_necessary_breeding_geometry_condition,not_evaluated_for_this_source_row,False
X-LiPb-FS-He-1.25GW,X,8.55,12.7,False,7.61,,,incomplete; no complete matched selected geometry/current/equipment deck established,not_performed,excluded_by_necessary_breeding_geometry_condition,not_evaluated_for_this_source_row,False
X-LiPb-FS-He-1.50GW,X,9.32,12.7,False,8.07,,,incomplete; no complete matched selected geometry/current/equipment deck established,not_performed,excluded_by_necessary_breeding_geometry_condition,not_evaluated_for_this_source_row,False
X-LiPb-FS-He-1.75GW,X,10.11,12.7,False,10,,,incomplete; no complete matched selected geometry/current/equipment deck established,not_performed,excluded_by_necessary_breeding_geometry_condition,not_evaluated_for_this_source_row,False
X-LiPb-FS-He-2.00GW,X,10.9,12.7,False,10,,,incomplete; no complete matched selected geometry/current/equipment deck established,not_performed,excluded_by_necessary_breeding_geometry_condition,not_evaluated_for_this_source_row,False
X-LiPb-SiC-1.00GW,X,7.75,12.7,False,5.64,,,incomplete; no complete matched selected geometry/current/equipment deck established,not_performed,excluded_by_necessary_breeding_geometry_condition,not_evaluated_for_this_source_row,False
X-LiPb-SiC-1.25GW,X,7.75,12.7,False,5.64,,,incomplete; no complete matched selected geometry/current/equipment deck established,not_performed,excluded_by_necessary_breeding_geometry_condition,not_evaluated_for_this_source_row,False
X-LiPb-SiC-1.50GW,X,8.1,12.7,False,6.89,,,incomplete; no complete matched selected geometry/current/equipment deck established,not_performed,excluded_by_necessary_breeding_geometry_condition,not_evaluated_for_this_source_row,False
X-LiPb-SiC-1.75GW,X,8.74,12.7,False,7.75,,,incomplete; no complete matched selected geometry/current/equipment deck established,not_performed,excluded_by_necessary_breeding_geometry_condition,not_evaluated_for_this_source_row,False
X-LiPb-SiC-2.00GW,X,9.42,12.7,False,8.27,,,incomplete; no complete matched selected geometry/current/equipment deck established,not_performed,excluded_by_necessary_breeding_geometry_condition,not_evaluated_for_this_source_row,False
