id,family,candidate_id,direct,contingency,CAS20,indirect,supplementary,overnight,idc,comparison_annual_capital,routine_raw,routine_levelized,replacement_total,cooling_replacement,annual_expense,fuel_raw,fuel_levelized,net_MW,availability,LCOE,LCOE_comparison,cooling,facilities,magnet,fuel_processing,hx_supply,primary_pipe_supply,secondary_pipe_supply,bundle_purchase,bundle_installation,bundle_removal,delivered,shipping_base,cycle_interface,salt_pump_equation_range,heat_transport__equipment_stainless_fabrication_usd2017_per_kg,buildings__tonne_interpretation_kg,fuel_cycle__processing_containment_cpi,magnet__winding_pack__insulation_sheet_price,contingency_rate,unplanned_fraction,energy_MWh,headline_annual_capital,financed_comparison_capital,in_vessel_replacement,failed
fabrication240-tonne907.185-containment65.2-sheet61.6772,source-envelope,20260919-cost-estimate-maturity-and-uncertainty:c0000,10862652721.159061,1086265272.1159062,11948917993.274967,3186378131.5399914,785159380.679603,15978739943.575655,4513599696.789185,1651403951.14518,55143720.25148218,79360458.58514267,189105839.13995048,50779434.359244674,269258803.6902076,550716.1814915092,792505.9651144512,1008.898405504204,0.9027777777777779,245.2942501469743,240.72362385473147,5114294826.18509,799758795.94032,1707443242.2597551,23180989.577015813,2124957510.55965,1534990417.742323,113372518.4586566,547128421.3719292,14225338.955670157,13131082.1129263,4121913381.7182555,7038131396.702251,0.0,1.0,240.0,907.18474,65.2,61.67720668774671,0.1,0.0,7978704.890195747,1687871629.4943552,20492339640.364838,138326404.7807058,divertor_heat_ok;reference_conductor_current_ok;tbr_ok;wp_fit_ok
fabrication240-tonne907.185-containment65.2-sheet0,source-envelope,20260919-cost-estimate-maturity-and-uncertainty:c0001,10862172630.716381,1086217263.071638,11948389893.78802,3186237305.0101385,785136144.3021772,15978047781.181427,4513404177.994602,1651332416.1107097,55143720.25148218,79360458.58514267,189105839.13995048,50779434.359244674,269258803.6902076,550716.1814915092,792505.9651144512,1008.898405504204,0.9027777777777779,245.2850864127936,240.7146581096068,5114294826.18509,799758795.94032,1707022110.2924912,23180989.577015813,2124957510.55965,1534990417.742323,113372518.4586566,547128421.3719292,14225338.955670157,13131082.1129263,4121913381.7182555,7037603297.215303,0.0,1.0,240.0,907.18474,65.2,0.0,0.1,0.0,7978704.890195747,1687798514.7636354,20491451959.17603,138326404.7807058,divertor_heat_ok;reference_conductor_current_ok;tbr_ok;wp_fit_ok
fabrication240-tonne907.185-containment82.4-sheet61.6772,source-envelope,20260919-cost-estimate-maturity-and-uncertainty:c0002,10862257960.98584,1086225796.098584,11948483757.084423,3186262335.222513,785141196.014982,15978171726.403011,4513439189.460872,1651345225.8584979,55143720.25148218,79360458.58514267,189105839.13995048,50779434.359244674,269258803.6902076,550716.1814915092,792505.9651144512,1008.898405504204,0.9027777777777779,245.28672735872343,240.7162636017217,5114294826.18509,799758795.94032,1707443242.2597551,22786229.403793395,2124957510.55965,1534990417.742323,113372518.4586566,547128421.3719292,14225338.955670157,13131082.1129263,4121913381.7182555,7037758609.029237,0.0,1.0,240.0,907.18474,82.4,61.67720668774671,0.1,0.0,7978704.890195747,1687811607.3869498,20491610915.863884,138326404.7807058,divertor_heat_ok;reference_conductor_current_ok;tbr_ok;wp_fit_ok
fabrication240-tonne907.185-containment82.4-sheet0,source-envelope,20260919-cost-estimate-maturity-and-uncertainty:c0003,10861777870.54316,1086177787.054316,11947955657.597475,3186121508.69266,785117959.6375562,15977479564.008783,4513243670.666289,1651273690.824027,55143720.25148218,79360458.58514267,189105839.13995048,50779434.359244674,269258803.6902076,550716.1814915092,792505.9651144512,1008.898405504204,0.9027777777777779,245.27756362454267,240.70729785659697,5114294826.18509,799758795.94032,1707022110.2924912,22786229.403793395,2124957510.55965,1534990417.742323,113372518.4586566,547128421.3719292,14225338.955670157,13131082.1129263,4121913381.7182555,7037230509.542289,0.0,1.0,240.0,907.18474,82.4,0.0,0.1,0.0,7978704.890195747,1687738492.6562297,20490723234.67507,138326404.7807058,divertor_heat_ok;reference_conductor_current_ok;tbr_ok;wp_fit_ok
fabrication240-tonne907.185-containment96.5-sheet61.6772,source-envelope,20260919-cost-estimate-maturity-and-uncertainty:c0004,10862039313.605164,1086203931.3605163,11948243244.96568,3186198198.6575146,785131124.002764,15977857005.70705,4513350288.631214,1651312699.4513686,55143720.25148218,79360458.58514267,189105839.13995048,50779434.359244674,269258803.6902076,550716.1814915092,792505.9651144512,1008.898405504204,0.9027777777777779,245.2825606821992,240.71218694923525,5114294826.18509,799758795.94032,1707443242.2597551,22567582.023116913,2124957510.55965,1534990417.742323,113372518.4586566,547128421.3719292,14225338.955670157,13131082.1129263,4121913381.7182555,7037552131.644278,0.0,1.0,240.0,907.18474,96.5,61.67720668774671,0.1,0.0,7978704.890195747,1687778362.7045903,20491207294.338264,138326404.7807058,divertor_heat_ok;reference_conductor_current_ok;tbr_ok;wp_fit_ok
fabrication240-tonne907.185-containment96.5-sheet0,source-envelope,20260919-cost-estimate-maturity-and-uncertainty:c0005,10861559223.162483,1086155922.3162484,11947715145.478731,3186057372.1276617,785107887.6253383,15977164843.312822,4513154769.836632,1651241164.4168975,55143720.25148218,79360458.58514267,189105839.13995048,50779434.359244674,269258803.6902076,550716.1814915092,792505.9651144512,1008.898405504204,0.9027777777777779,245.2733969480185,240.7032212041105,5114294826.18509,799758795.94032,1707022110.2924912,22567582.023116913,2124957510.55965,1534990417.742323,113372518.4586566,547128421.3719292,14225338.955670157,13131082.1129263,4121913381.7182555,7037024032.15733,0.0,1.0,240.0,907.18474,96.5,0.0,0.1,0.0,7978704.890195747,1687705247.9738705,20490319613.149452,138326404.7807058,divertor_heat_ok;reference_conductor_current_ok;tbr_ok;wp_fit_ok
fabrication240-tonne1000-containment65.2-sheet61.6772,source-envelope,20260919-cost-estimate-maturity-and-uncertainty:c0006,10841915273.56845,1084191527.3568451,11926106800.925297,3180295146.9134126,784497856.1014625,15949184242.021265,4505250940.501432,1648349367.2106435,55143720.25148218,79360458.58514267,189105839.13995048,50779434.359244674,269258803.6902076,550716.1814915092,792505.9651144512,1008.898405504204,0.9027777777777779,244.90295383439323,240.3407817799118,5114294826.18509,779021348.3497106,1707443242.2597551,23180989.577015813,2124957510.55965,1534990417.742323,113372518.4586566,547128421.3719292,14225338.955670157,13131082.1129263,4121913381.7182555,7038131396.702251,0.0,1.0,240.0,1000.0,65.2,61.67720668774671,0.1,0.0,7978704.890195747,1684749591.691649,20454435182.522697,138326404.7807058,divertor_heat_ok;reference_conductor_current_ok;tbr_ok;wp_fit_ok
fabrication240-tonne1000-containment65.2-sheet0,source-envelope,20260919-cost-estimate-maturity-and-uncertainty:c0007,10841435183.12577,1084143518.312577,11925578701.438347,3180154320.383559,784474619.7240367,15948492079.627037,4505055421.70685,1648277832.1761727,55143720.25148218,79360458.58514267,189105839.13995048,50779434.359244674,269258803.6902076,550716.1814915092,792505.9651144512,1008.898405504204,0.9027777777777779,244.89379010021247,240.33181603478707,5114294826.18509,779021348.3497106,1707022110.2924912,23180989.577015813,2124957510.55965,1534990417.742323,113372518.4586566,547128421.3719292,14225338.955670157,13131082.1129263,4121913381.7182555,7037603297.2153015,0.0,1.0,240.0,1000.0,65.2,0.0,0.1,0.0,7978704.890195747,1684676476.960929,20453547501.333885,138326404.7807058,divertor_heat_ok;reference_conductor_current_ok;tbr_ok;wp_fit_ok
fabrication240-tonne1000-containment82.4-sheet61.6772,source-envelope,20260919-cost-estimate-maturity-and-uncertainty:c0008,10841520513.39523,1084152051.339523,11925672564.734753,3180179350.595934,784479671.4368415,15948616024.848621,4505090433.17312,1648290641.923961,55143720.25148218,79360458.58514267,189105839.13995048,50779434.359244674,269258803.6902076,550716.1814915092,792505.9651144512,1008.898405504204,0.9027777777777779,244.89543104614228,240.33342152690196,5114294826.18509,779021348.3497106,1707443242.2597551,22786229.403793395,2124957510.55965,1534990417.742323,113372518.4586566,547128421.3719292,14225338.955670157,13131082.1129263,4121913381.7182555,7037758609.029237,0.0,1.0,240.0,1000.0,82.4,61.67720668774671,0.1,0.0,7978704.890195747,1684689569.5842435,20453706458.02174,138326404.7807058,divertor_heat_ok;reference_conductor_current_ok;tbr_ok;wp_fit_ok
fabrication240-tonne1000-containment82.4-sheet0,source-envelope,20260919-cost-estimate-maturity-and-uncertainty:c0009,10841040422.952549,1084104042.295255,11925144465.247805,3180038524.066081,784456435.0594158,15947923862.454393,4504894914.378537,1648219106.8894904,55143720.25148218,79360458.58514267,189105839.13995048,50779434.359244674,269258803.6902076,550716.1814915092,792505.9651144512,1008.898405504204,0.9027777777777779,244.88626731196157,240.32445578177726,5114294826.18509,779021348.3497106,1707022110.2924912,22786229.403793395,2124957510.55965,1534990417.742323,113372518.4586566,547128421.3719292,14225338.955670157,13131082.1129263,4121913381.7182555,7037230509.542289,0.0,1.0,240.0,1000.0,82.4,0.0,0.1,0.0,7978704.890195747,1684616454.8535235,20452818776.83293,138326404.7807058,divertor_heat_ok;reference_conductor_current_ok;tbr_ok;wp_fit_ok
fabrication240-tonne1000-containment96.5-sheet61.6772,source-envelope,20260919-cost-estimate-maturity-and-uncertainty:c0010,10841301866.014553,1084130186.6014555,11925432052.616009,3180115214.030936,784469599.4246236,15948301304.15266,4505001532.343462,1648258115.5168319,55143720.25148218,79360458.58514267,189105839.13995048,50779434.359244674,269258803.6902076,550716.1814915092,792505.9651144512,1008.898405504204,0.9027777777777779,244.8912643696181,240.32934487441554,5114294826.18509,779021348.3497106,1707443242.2597551,22567582.023116913,2124957510.55965,1534990417.742323,113372518.4586566,547128421.3719292,14225338.955670157,13131082.1129263,4121913381.7182555,7037552131.644278,0.0,1.0,240.0,1000.0,96.5,61.67720668774671,0.1,0.0,7978704.890195747,1684656324.9018843,20453302836.496124,138326404.7807058,divertor_heat_ok;reference_conductor_current_ok;tbr_ok;wp_fit_ok
fabrication240-tonne1000-containment96.5-sheet0,source-envelope,20260919-cost-estimate-maturity-and-uncertainty:c0011,10840821775.571873,1084082177.5571873,11924903953.12906,3179974387.5010824,784446363.0471978,15947609141.758432,4504806013.54888,1648186580.482361,55143720.25148218,79360458.58514267,189105839.13995048,50779434.359244674,269258803.6902076,550716.1814915092,792505.9651144512,1008.898405504204,0.9027777777777779,244.8821006354374,240.3203791292908,5114294826.18509,779021348.3497106,1707022110.2924912,22567582.023116913,2124957510.55965,1534990417.742323,113372518.4586566,547128421.3719292,14225338.955670157,13131082.1129263,4121913381.7182555,7037024032.15733,0.0,1.0,240.0,1000.0,96.5,0.0,0.1,0.0,7978704.890195747,1684583210.171164,20452415155.307312,138326404.7807058,divertor_heat_ok;reference_conductor_current_ok;tbr_ok;wp_fit_ok
fabrication310-tonne907.185-containment65.2-sheet61.6772,source-envelope,20260919-cost-estimate-maturity-and-uncertainty:c0012,12219705040.781963,1221970504.0781963,13441675544.860159,3584446811.9627094,834332435.9947736,17918739230.898735,5061601618.464695,1851903020.509673,55143720.25148218,79360458.58514267,193999912.5748553,55673507.79414948,274152877.1251124,550716.1814915092,792505.9651144512,1008.898405504204,0.9027777777777779,271.5918427055457,266.46629081961515,6471347145.807992,799758795.94032,1707443242.2597551,23180989.577015813,2744736784.472881,1982695956.2505002,146439503.0090981,706707544.2720753,18374396.151073955,16960981.062529806,5222465178.690105,7430337151.315594,0.0,1.0,310.0,907.18474,65.2,61.67720668774671,0.1,0.0,7978704.890195747,1892798286.4068995,22980340849.36343,138326404.7807058,divertor_heat_ok;reference_conductor_current_ok;tbr_ok;wp_fit_ok
fabrication310-tonne907.185-containment65.2-sheet0,source-envelope,20260919-cost-estimate-maturity-and-uncertainty:c0013,12219224950.339283,1221922495.0339284,13441147445.37321,3584305985.432856,834309199.617348,17918047068.50451,5061406099.670113,1851831485.4752026,55143720.25148218,79360458.58514267,193999912.5748553,55673507.79414948,274152877.1251124,550716.1814915092,792505.9651144512,1008.898405504204,0.9027777777777779,271.58267897136506,266.4573250744905,6471347145.807992,799758795.94032,1707022110.2924912,23180989.577015813,2744736784.472881,1982695956.2505002,146439503.0090981,706707544.2720753,18374396.151073955,16960981.062529806,5222465178.690105,7429809051.828646,0.0,1.0,310.0,907.18474,65.2,0.0,0.1,0.0,7978704.890195747,1892725171.67618,22979453168.17462,138326404.7807058,divertor_heat_ok;reference_conductor_current_ok;tbr_ok;wp_fit_ok
reference,source-envelope,20260919-cost-estimate-maturity-and-uncertainty:c0014,12219310280.608742,1221931028.0608742,13441241308.669617,3584331015.6452312,834314251.3301528,17918171013.726093,5061441111.136382,1851844295.222991,55143720.25148218,79360458.58514267,193999912.5748553,55673507.79414948,274152877.1251124,550716.1814915092,792505.9651144512,1008.898405504204,0.9027777777777779,271.5843199172948,266.4589305666054,6471347145.807992,799758795.94032,1707443242.2597551,22786229.403793395,2744736784.472881,1982695956.2505002,146439503.0090981,706707544.2720753,18374396.151073955,16960981.062529806,5222465178.690105,7429964363.642581,0.0,1.0,310.0,907.18474,82.4,61.67720668774671,0.1,0.0,7978704.890195747,1892738264.2994943,22979612124.862476,138326404.7807058,divertor_heat_ok;reference_conductor_current_ok;tbr_ok;wp_fit_ok
fabrication310-tonne907.185-containment82.4-sheet0,source-envelope,20260919-cost-estimate-maturity-and-uncertainty:c0015,12218830190.166061,1221883019.016606,13440713209.182667,3584190189.115378,834291014.9527268,17917478851.331863,5061245592.341799,1851772760.1885197,55143720.25148218,79360458.58514267,193999912.5748553,55673507.79414948,274152877.1251124,550716.1814915092,792505.9651144512,1008.898405504204,0.9027777777777779,271.57515618311413,266.4499648214806,6471347145.807992,799758795.94032,1707022110.2924912,22786229.403793395,2744736784.472881,1982695956.2505002,146439503.0090981,706707544.2720753,18374396.151073955,16960981.062529806,5222465178.690105,7429436264.155631,0.0,1.0,310.0,907.18474,82.4,0.0,0.1,0.0,7978704.890195747,1892665149.568774,22978724443.67366,138326404.7807058,divertor_heat_ok;reference_conductor_current_ok;tbr_ok;wp_fit_ok
fabrication310-tonne907.185-containment96.5-sheet61.6772,source-envelope,20260919-cost-estimate-maturity-and-uncertainty:c0016,12219091633.228065,1221909163.3228066,13441000796.550873,3584266879.080233,834304179.3179348,17917856293.030132,5061352210.306725,1851811768.8158615,55143720.25148218,79360458.58514267,193999912.5748553,55673507.79414948,274152877.1251124,550716.1814915092,792505.9651144512,1008.898405504204,0.9027777777777779,271.58015324077064,266.45485391411887,6471347145.807992,799758795.94032,1707443242.2597551,22567582.023116913,2744736784.472881,1982695956.2505002,146439503.0090981,706707544.2720753,18374396.151073955,16960981.062529806,5222465178.690105,7429757886.257622,0.0,1.0,310.0,907.18474,96.5,61.67720668774671,0.1,0.0,7978704.890195747,1892705019.6171348,22979208503.336857,138326404.7807058,divertor_heat_ok;reference_conductor_current_ok;tbr_ok;wp_fit_ok
fabrication310-tonne907.185-containment96.5-sheet0,source-envelope,20260919-cost-estimate-maturity-and-uncertainty:c0017,12218611542.785385,1221861154.2785385,13440472697.063923,3584126052.5503793,834280942.9405088,17917164130.635902,5061156691.512142,1851740233.7813907,55143720.25148218,79360458.58514267,193999912.5748553,55673507.79414948,274152877.1251124,550716.1814915092,792505.9651144512,1008.898405504204,0.9027777777777779,271.5709895065899,266.4458881689942,6471347145.807992,799758795.94032,1707022110.2924912,22567582.023116913,2744736784.472881,1982695956.2505002,146439503.0090981,706707544.2720753,18374396.151073955,16960981.062529806,5222465178.690105,7429229786.770672,0.0,1.0,310.0,907.18474,96.5,0.0,0.1,0.0,7978704.890195747,1892631904.8864145,22978320822.148045,138326404.7807058,divertor_heat_ok;reference_conductor_current_ok;tbr_ok;wp_fit_ok
fabrication310-tonne1000-containment65.2-sheet61.6772,source-envelope,20260919-cost-estimate-maturity-and-uncertainty:c0018,12198967593.191353,1219896759.3191354,13418864352.510489,3578363827.3361306,833670911.4166331,17889183529.344345,5053252862.176943,1848848436.5751362,55143720.25148218,79360458.58514267,193999912.5748553,55673507.79414948,274152877.1251124,550716.1814915092,792505.9651144512,1008.898405504204,0.9027777777777779,271.2005463929646,266.0834487447954,6471347145.807992,779021348.3497106,1707443242.2597551,23180989.577015813,2744736784.472881,1982695956.2505002,146439503.0090981,706707544.2720753,18374396.151073955,16960981.062529806,5222465178.690105,7430337151.315594,0.0,1.0,310.0,1000.0,65.2,61.67720668774671,0.1,0.0,7978704.890195747,1889676248.6041932,22942436391.521286,138326404.7807058,divertor_heat_ok;reference_conductor_current_ok;tbr_ok;wp_fit_ok
fabrication310-tonne1000-containment65.2-sheet0,source-envelope,20260919-cost-estimate-maturity-and-uncertainty:c0019,12198487502.748672,1219848750.2748673,13418336253.02354,3578223000.8062773,833647675.0392075,17888491366.95012,5053057343.38236,1848776901.540666,55143720.25148218,79360458.58514267,193999912.5748553,55673507.79414948,274152877.1251124,550716.1814915092,792505.9651144512,1008.898405504204,0.9027777777777779,271.191382658784,266.0744829996708,6471347145.807992,779021348.3497106,1707022110.2924912,23180989.577015813,2744736784.472881,1982695956.2505002,146439503.0090981,706707544.2720753,18374396.151073955,16960981.062529806,5222465178.690105,7429809051.828646,0.0,1.0,310.0,1000.0,65.2,0.0,0.1,0.0,7978704.890195747,1889603133.8734734,22941548710.33248,138326404.7807058,divertor_heat_ok;reference_conductor_current_ok;tbr_ok;wp_fit_ok
fabrication310-tonne1000-containment82.4-sheet61.6772,source-envelope,20260919-cost-estimate-maturity-and-uncertainty:c0020,12198572833.018131,1219857283.3018131,13418430116.319944,3578248031.018652,833652726.7520123,17888615312.1717,5053092354.848629,1848789711.2884536,55143720.25148218,79360458.58514267,193999912.5748553,55673507.79414948,274152877.1251124,550716.1814915092,792505.9651144512,1008.898405504204,0.9027777777777779,271.1930236047137,266.0760884917856,6471347145.807992,779021348.3497106,1707443242.2597551,22786229.403793395,2744736784.472881,1982695956.2505002,146439503.0090981,706707544.2720753,18374396.151073955,16960981.062529806,5222465178.690105,7429964363.642579,0.0,1.0,310.0,1000.0,82.4,61.67720668774671,0.1,0.0,7978704.890195747,1889616226.4967875,22941707667.02033,138326404.7807058,divertor_heat_ok;reference_conductor_current_ok;tbr_ok;wp_fit_ok
fabrication310-tonne1000-containment82.4-sheet0,source-envelope,20260919-cost-estimate-maturity-and-uncertainty:c0021,12198092742.57545,1219809274.2575452,13417902016.832996,3578107204.488799,833629490.3745866,17887923149.777477,5052896836.054048,1848718176.2539835,55143720.25148218,79360458.58514267,193999912.5748553,55673507.79414948,274152877.1251124,550716.1814915092,792505.9651144512,1008.898405504204,0.9027777777777779,271.18385987053307,266.06712274666097,6471347145.807992,779021348.3497106,1707022110.2924912,22786229.403793395,2744736784.472881,1982695956.2505002,146439503.0090981,706707544.2720753,18374396.151073955,16960981.062529806,5222465178.690105,7429436264.155631,0.0,1.0,310.0,1000.0,82.4,0.0,0.1,0.0,7978704.890195747,1889543111.7660682,22940819985.831524,138326404.7807058,divertor_heat_ok;reference_conductor_current_ok;tbr_ok;wp_fit_ok
fabrication310-tonne1000-containment96.5-sheet61.6772,source-envelope,20260919-cost-estimate-maturity-and-uncertainty:c0022,12198354185.637455,1219835418.5637455,13418189604.2012,3578183894.453654,833642654.7397943,17888300591.475742,5053003454.018972,1848757184.8813245,55143720.25148218,79360458.58514267,193999912.5748553,55673507.79414948,274152877.1251124,550716.1814915092,792505.9651144512,1008.898405504204,0.9027777777777779,271.1888569281895,266.07201183929914,6471347145.807992,779021348.3497106,1707443242.2597551,22567582.023116913,2744736784.472881,1982695956.2505002,146439503.0090981,706707544.2720753,18374396.151073955,16960981.062529806,5222465178.690105,7429757886.25762,0.0,1.0,310.0,1000.0,96.5,61.67720668774671,0.1,0.0,7978704.890195747,1889582981.8144288,22941304045.494713,138326404.7807058,divertor_heat_ok;reference_conductor_current_ok;tbr_ok;wp_fit_ok
fabrication310-tonne1000-containment96.5-sheet0,source-envelope,20260919-cost-estimate-maturity-and-uncertainty:c0023,12197874095.194775,1219787409.5194776,13417661504.714252,3578043067.9238005,833619418.3623686,17887608429.081516,5052807935.224391,1848685649.8468544,55143720.25148218,79360458.58514267,193999912.5748553,55673507.79414948,274152877.1251124,550716.1814915092,792505.9651144512,1008.898405504204,0.9027777777777779,271.17969319400885,266.0630460941745,6471347145.807992,779021348.3497106,1707022110.2924912,22567582.023116913,2744736784.472881,1982695956.2505002,146439503.0090981,706707544.2720753,18374396.151073955,16960981.062529806,5222465178.690105,7429229786.770672,0.0,1.0,310.0,1000.0,96.5,0.0,0.1,0.0,7978704.890195747,1889509867.0837088,22940416364.30591,138326404.7807058,divertor_heat_ok;reference_conductor_current_ok;tbr_ok;wp_fit_ok
fabrication360-tonne907.185-containment65.2-sheet61.6772,source-envelope,20260919-cost-estimate-maturity-and-uncertainty:c0024,13189028126.226894,1318902812.6226895,14507930938.849585,3868781583.6932225,869456046.9341815,19304453007.558083,5453031562.518632,1995116641.4843113,55143720.25148218,79360458.58514267,197495679.31407303,59169274.5333672,277648643.8643302,550716.1814915092,792505.9651144512,1008.898405504204,0.9027777777777779,290.3758373902396,284.8539100802464,7440670231.252923,799758795.94032,1707443242.2597551,23180989.577015813,3187436265.8394747,2302485626.6134844,170058777.68798488,820692632.0578939,21338008.43350524,19696623.169389453,6008573605.09857,7710484118.896555,0.0,1.0,360.0,907.18474,65.2,61.67720668774671,0.1,0.0,7978704.890195747,2039174469.9158602,24757484570.076714,138326404.7807058,divertor_heat_ok;reference_conductor_current_ok;tbr_ok;wp_fit_ok
fabrication360-tonne907.185-containment65.2-sheet0,source-envelope,20260919-cost-estimate-maturity-and-uncertainty:c0025,13188548035.784214,1318854803.5784216,14507402839.362637,3868640757.16337,869432810.5567555,19303760845.163857,5452836043.72405,1995045106.4498408,55143720.25148218,79360458.58514267,197495679.31407303,59169274.5333672,277648643.8643302,550716.1814915092,792505.9651144512,1008.898405504204,0.9027777777777779,290.36667365605894,284.8449443351217,7440670231.252923,799758795.94032,1707022110.2924912,23180989.577015813,3187436265.8394747,2302485626.6134844,170058777.68798488,820692632.0578939,21338008.43350524,19696623.169389453,6008573605.09857,7709956019.409607,0.0,1.0,360.0,907.18474,65.2,0.0,0.1,0.0,7978704.890195747,2039101355.1851404,24756596888.887905,138326404.7807058,divertor_heat_ok;reference_conductor_current_ok;tbr_ok;wp_fit_ok
fabrication360-tonne907.185-containment82.4-sheet61.6772,source-envelope,20260919-cost-estimate-maturity-and-uncertainty:c0026,13188633366.053673,1318863336.6053674,14507496702.65904,3868665787.3757443,869437862.2695603,19303884790.38544,5452871055.190319,1995057916.197629,55143720.25148218,79360458.58514267,197495679.31407303,59169274.5333672,277648643.8643302,550716.1814915092,792505.9651144512,1008.898405504204,0.9027777777777779,290.36831460198874,284.84654982723663,7440670231.252923,799758795.94032,1707443242.2597551,22786229.403793395,3187436265.8394747,2302485626.6134844,170058777.68798488,820692632.0578939,21338008.43350524,19696623.169389453,6008573605.09857,7710111331.22354,0.0,1.0,360.0,907.18474,82.4,61.67720668774671,0.1,0.0,7978704.890195747,2039114447.808455,24756755845.57576,138326404.7807058,divertor_heat_ok;reference_conductor_current_ok;tbr_ok;wp_fit_ok
fabrication360-tonne907.185-containment82.4-sheet0,source-envelope,20260919-cost-estimate-maturity-and-uncertainty:c0027,13188153275.610992,1318815327.5610993,14506968603.172092,3868524960.845891,869414625.8921347,19303192627.99121,5452675536.395736,1994986381.1631582,55143720.25148218,79360458.58514267,197495679.31407303,59169274.5333672,277648643.8643302,550716.1814915092,792505.9651144512,1008.898405504204,0.9027777777777779,290.35915086780807,284.83758408211196,7440670231.252923,799758795.94032,1707022110.2924912,22786229.403793395,3187436265.8394747,2302485626.6134844,170058777.68798488,820692632.0578939,21338008.43350524,19696623.169389453,6008573605.09857,7709583231.736592,0.0,1.0,360.0,907.18474,82.4,0.0,0.1,0.0,7978704.890195747,2039041333.0777347,24755868164.386948,138326404.7807058,divertor_heat_ok;reference_conductor_current_ok;tbr_ok;wp_fit_ok
fabrication360-tonne907.185-containment96.5-sheet61.6772,source-envelope,20260919-cost-estimate-maturity-and-uncertainty:c0028,13188414718.672997,1318841471.8672998,14507256190.540297,3868601650.8107457,869427790.2573423,19303570069.68948,5452782154.3606615,1995025389.7904997,55143720.25148218,79360458.58514267,197495679.31407303,59169274.5333672,277648643.8643302,550716.1814915092,792505.9651144512,1008.898405504204,0.9027777777777779,290.3641479254646,284.8424731747502,7440670231.252923,799758795.94032,1707443242.2597551,22567582.023116913,3187436265.8394747,2302485626.6134844,170058777.68798488,820692632.0578939,21338008.43350524,19696623.169389453,6008573605.09857,7709904853.838581,0.0,1.0,360.0,907.18474,96.5,61.67720668774671,0.1,0.0,7978704.890195747,2039081203.1260955,24756352224.05014,138326404.7807058,divertor_heat_ok;reference_conductor_current_ok;tbr_ok;wp_fit_ok
fabrication360-tonne907.185-containment96.5-sheet0,source-envelope,20260919-cost-estimate-maturity-and-uncertainty:c0029,13187934628.230316,1318793462.8230317,14506728091.053349,3868460824.2808933,869404553.8799167,19302877907.295254,5452586635.56608,1994953854.7560294,55143720.25148218,79360458.58514267,197495679.31407303,59169274.5333672,277648643.8643302,550716.1814915092,792505.9651144512,1008.898405504204,0.9027777777777779,290.3549841912839,284.83350742962546,7440670231.252923,799758795.94032,1707022110.2924912,22567582.023116913,3187436265.8394747,2302485626.6134844,170058777.68798488,820692632.0578939,21338008.43350524,19696623.169389453,6008573605.09857,7709376754.351633,0.0,1.0,360.0,907.18474,96.5,0.0,0.1,0.0,7978704.890195747,2039008088.3953757,24755464542.861336,138326404.7807058,divertor_heat_ok;reference_conductor_current_ok;tbr_ok;wp_fit_ok
fabrication360-tonne1000-containment65.2-sheet61.6772,source-envelope,20260919-cost-estimate-maturity-and-uncertainty:c0030,13168290678.636284,1316829067.8636284,14485119746.499912,3862698599.066643,868794522.3560407,19274897306.00369,5444682806.230879,1992062057.5497742,55143720.25148218,79360458.58514267,197495679.31407303,59169274.5333672,277648643.8643302,550716.1814915092,792505.9651144512,1008.898405504204,0.9027777777777779,289.9845410776585,284.4710680054267,7440670231.252923,779021348.3497106,1707443242.2597551,23180989.577015813,3187436265.8394747,2302485626.6134844,170058777.68798488,820692632.0578939,21338008.43350524,19696623.169389453,6008573605.09857,7710484118.896553,0.0,1.0,360.0,1000.0,65.2,61.67720668774671,0.1,0.0,7978704.890195747,2036052432.1131535,24719580112.234566,138326404.7807058,divertor_heat_ok;reference_conductor_current_ok;tbr_ok;wp_fit_ok
fabrication360-tonne1000-containment65.2-sheet0,source-envelope,20260919-cost-estimate-maturity-and-uncertainty:c0031,13167810588.193604,1316781058.8193605,14484591647.012964,3862557772.536791,868771285.978615,19274205143.609463,5444487287.436296,1991990522.5153039,55143720.25148218,79360458.58514267,197495679.31407303,59169274.5333672,277648643.8643302,550716.1814915092,792505.9651144512,1008.898405504204,0.9027777777777779,289.9753773434778,284.46210226030195,7440670231.252923,779021348.3497106,1707022110.2924912,23180989.577015813,3187436265.8394747,2302485626.6134844,170058777.68798488,820692632.0578939,21338008.43350524,19696623.169389453,6008573605.09857,7709956019.409605,0.0,1.0,360.0,1000.0,65.2,0.0,0.1,0.0,7978704.890195747,2035979317.3824337,24718692431.04576,138326404.7807058,divertor_heat_ok;reference_conductor_current_ok;tbr_ok;wp_fit_ok
fabrication360-tonne1000-containment82.4-sheet61.6772,source-envelope,20260919-cost-estimate-maturity-and-uncertainty:c0032,13167895918.463062,1316789591.8463063,14484685510.309368,3862582802.749165,868776337.6914198,19274329088.831047,5444522298.902566,1992003332.2630918,55143720.25148218,79360458.58514267,197495679.31407303,59169274.5333672,277648643.8643302,550716.1814915092,792505.9651144512,1008.898405504204,0.9027777777777779,289.9770182894076,284.4637077524169,7440670231.252923,779021348.3497106,1707443242.2597551,22786229.403793395,3187436265.8394747,2302485626.6134844,170058777.68798488,820692632.0578939,21338008.43350524,19696623.169389453,6008573605.09857,7710111331.223538,0.0,1.0,360.0,1000.0,82.4,61.67720668774671,0.1,0.0,7978704.890195747,2035992410.0057483,24718851387.733612,138326404.7807058,divertor_heat_ok;reference_conductor_current_ok;tbr_ok;wp_fit_ok
fabrication360-tonne1000-containment82.4-sheet0,source-envelope,20260919-cost-estimate-maturity-and-uncertainty:c0033,13167415828.020382,1316741582.8020382,14484157410.82242,3862441976.2193117,868753101.3139942,19273636926.43682,5444326780.107984,1991931797.2286212,55143720.25148218,79360458.58514267,197495679.31407303,59169274.5333672,277648643.8643302,550716.1814915092,792505.9651144512,1008.898405504204,0.9027777777777779,289.9678545552269,284.45474200729217,7440670231.252923,779021348.3497106,1707022110.2924912,22786229.403793395,3187436265.8394747,2302485626.6134844,170058777.68798488,820692632.0578939,21338008.43350524,19696623.169389453,6008573605.09857,7709583231.73659,0.0,1.0,360.0,1000.0,82.4,0.0,0.1,0.0,7978704.890195747,2035919295.2750285,24717963706.544804,138326404.7807058,divertor_heat_ok;reference_conductor_current_ok;tbr_ok;wp_fit_ok
fabrication360-tonne1000-containment96.5-sheet61.6772,source-envelope,20260919-cost-estimate-maturity-and-uncertainty:c0034,13167677271.082386,1316767727.1082387,14484444998.190624,3862518666.1841664,868766265.6792018,19274014368.135086,5444433398.072908,1991970805.8559625,55143720.25148218,79360458.58514267,197495679.31407303,59169274.5333672,277648643.8643302,550716.1814915092,792505.9651144512,1008.898405504204,0.9027777777777779,289.97285161288346,284.45963109993045,7440670231.252923,779021348.3497106,1707443242.2597551,22567582.023116913,3187436265.8394747,2302485626.6134844,170058777.68798488,820692632.0578939,21338008.43350524,19696623.169389453,6008573605.09857,7709904853.838579,0.0,1.0,360.0,1000.0,96.5,61.67720668774671,0.1,0.0,7978704.890195747,2035959165.3233888,24718447766.207993,138326404.7807058,divertor_heat_ok;reference_conductor_current_ok;tbr_ok;wp_fit_ok
fabrication360-tonne1000-containment96.5-sheet0,source-envelope,20260919-cost-estimate-maturity-and-uncertainty:c0035,13167197180.639706,1316719718.0639706,14483916898.703676,3862377839.654314,868743029.3017762,19273322205.74086,5444237879.278327,1991899270.8214922,55143720.25148218,79360458.58514267,197495679.31407303,59169274.5333672,277648643.8643302,550716.1814915092,792505.9651144512,1008.898405504204,0.9027777777777779,289.96368787870273,284.4506653548057,7440670231.252923,779021348.3497106,1707022110.2924912,22567582.023116913,3187436265.8394747,2302485626.6134844,170058777.68798488,820692632.0578939,21338008.43350524,19696623.169389453,6008573605.09857,7709376754.351631,0.0,1.0,360.0,1000.0,96.5,0.0,0.1,0.0,7978704.890195747,2035886050.592669,24717560085.019188,138326404.7807058,divertor_heat_ok;reference_conductor_current_ok;tbr_ok;wp_fit_ok
zero-contingency-fabrication240-tonne907.185-containment65.2-sheet61.6772,contingency-diagnostic,20260919-cost-estimate-maturity-and-uncertainty:c0036,10862652721.159061,0.0,10862652721.159061,2896707392.309083,738439444.9085773,14556083996.457813,4111734501.2718034,1504372354.1302247,55143720.25148218,79360458.58514267,189105839.13995048,50779434.359244674,269258803.6902076,550716.1814915092,792505.9651144512,1008.898405504204,0.9027777777777779,226.45930470829663,222.29562093465503,5114294826.18509,799758795.94032,1707443242.2597551,23180989.577015813,2124957510.55965,1534990417.742323,113372518.4586566,547128421.3719292,14225338.955670157,13131082.1129263,4121913381.7182555,6023581871.391296,0.0,1.0,240.0,907.18474,65.2,61.67720668774671,0.0,0.0,7978704.890195747,1537593158.2162073,18667818497.729618,138326404.7807058,divertor_heat_ok;reference_conductor_current_ok;tbr_ok;wp_fit_ok
zero-contingency-fabrication240-tonne907.185-containment65.2-sheet0,contingency-diagnostic,20260919-cost-estimate-maturity-and-uncertainty:c0037,10862172630.716381,0.0,10862172630.716381,2896579368.191035,738418320.9290994,14555454757.917608,4111556756.9130926,1504307322.280706,55143720.25148218,79360458.58514267,189105839.13995048,50779434.359244674,269258803.6902076,550716.1814915092,792505.9651144512,1008.898405504204,0.9027777777777779,226.45097404085965,222.28747025726895,5114294826.18509,799758795.94032,1707022110.2924912,23180989.577015813,2124957510.55965,1534990417.742323,113372518.4586566,547128421.3719292,14225338.955670157,13131082.1129263,4121913381.7182555,6023101780.948616,0.0,1.0,240.0,907.18474,65.2,0.0,0.0,0.0,7978704.890195747,1537526690.2791896,18667011514.8307,138326404.7807058,divertor_heat_ok;reference_conductor_current_ok;tbr_ok;wp_fit_ok
zero-contingency-fabrication240-tonne907.185-containment82.4-sheet61.6772,contingency-diagnostic,20260919-cost-estimate-maturity-and-uncertainty:c0038,10862257960.98584,0.0,10862257960.98584,2896602122.929557,738422913.3952856,14555567435.391777,4111588585.5187926,1504318967.5059679,55143720.25148218,79360458.58514267,189105839.13995048,50779434.359244674,269258803.6902076,550716.1814915092,792505.9651144512,1008.898405504204,0.9027777777777779,226.45246580988675,222.2889297955552,5114294826.18509,799758795.94032,1707443242.2597551,22786229.403793395,2124957510.55965,1534990417.742323,113372518.4586566,547128421.3719292,14225338.955670157,13131082.1129263,4121913381.7182555,6023242973.506739,0.0,1.0,240.0,907.18474,82.4,61.67720668774671,0.0,0.0,7978704.890195747,1537538592.664021,18667156020.91057,138326404.7807058,divertor_heat_ok;reference_conductor_current_ok;tbr_ok;wp_fit_ok
zero-contingency-fabrication240-tonne907.185-containment82.4-sheet0,contingency-diagnostic,20260919-cost-estimate-maturity-and-uncertainty:c0039,10861777870.54316,0.0,10861777870.54316,2896474098.811509,738401789.4158076,14554938196.851568,4111410841.160081,1504253935.656449,55143720.25148218,79360458.58514267,189105839.13995048,50779434.359244674,269258803.6902076,550716.1814915092,792505.9651144512,1008.898405504204,0.9027777777777779,226.4441351424497,222.2807791181691,5114294826.18509,799758795.94032,1707022110.2924912,22786229.403793395,2124957510.55965,1534990417.742323,113372518.4586566,547128421.3719292,14225338.955670157,13131082.1129263,4121913381.7182555,6022762883.064058,0.0,1.0,240.0,907.18474,82.4,0.0,0.0,0.0,7978704.890195747,1537472124.7270026,18666349038.01165,138326404.7807058,divertor_heat_ok;reference_conductor_current_ok;tbr_ok;wp_fit_ok
zero-contingency-fabrication240-tonne907.185-containment96.5-sheet61.6772,contingency-diagnostic,20260919-cost-estimate-maturity-and-uncertainty:c0040,10862039313.605164,0.0,10862039313.605164,2896543816.9613767,738413757.0205419,14555281325.668175,4111507766.58274,1504289398.0449414,55143720.25148218,79360458.58514267,189105839.13995048,50779434.359244674,269258803.6902076,550716.1814915092,792505.9651144512,1008.898405504204,0.9027777777777779,226.44867792213742,222.28522374784026,5114294826.18509,799758795.94032,1707443242.2597551,22567582.023116913,2124957510.55965,1534990417.742323,113372518.4586566,547128421.3719292,14225338.955670157,13131082.1129263,4121913381.7182555,6023055266.793139,0.0,1.0,240.0,907.18474,96.5,61.67720668774671,0.0,0.0,7978704.890195747,1537508370.2255125,18666789092.250916,138326404.7807058,divertor_heat_ok;reference_conductor_current_ok;tbr_ok;wp_fit_ok
zero-contingency-fabrication240-tonne907.185-containment96.5-sheet0,contingency-diagnostic,20260919-cost-estimate-maturity-and-uncertainty:c0041,10861559223.162483,0.0,10861559223.162483,2896415792.843329,738392633.041064,14554652087.127968,4111330022.2240286,1504224366.1954226,55143720.25148218,79360458.58514267,189105839.13995048,50779434.359244674,269258803.6902076,550716.1814915092,792505.9651144512,1008.898405504204,0.9027777777777779,226.44034725470044,222.27707307045418,5114294826.18509,799758795.94032,1707022110.2924912,22567582.023116913,2124957510.55965,1534990417.742323,113372518.4586566,547128421.3719292,14225338.955670157,13131082.1129263,4121913381.7182555,6022575176.350459,0.0,1.0,240.0,907.18474,96.5,0.0,0.0,0.0,7978704.890195747,1537441902.2884943,18665982109.351997,138326404.7807058,divertor_heat_ok;reference_conductor_current_ok;tbr_ok;wp_fit_ok
zero-contingency-fabrication240-tonne1000-containment65.2-sheet61.6772,contingency-diagnostic,20260919-cost-estimate-maturity-and-uncertainty:c0042,10841915273.56845,0.0,10841915273.56845,2891177406.28492,737838058.9284496,14529215176.862913,4104144722.8283925,1501595459.644282,55143720.25148218,79360458.58514267,189105839.13995048,50779434.359244674,269258803.6902076,550716.1814915092,792505.9651144512,1008.898405504204,0.9027777777777779,226.10358078776835,221.9475826848189,5114294826.18509,779021348.3497106,1707443242.2597551,23180989.577015813,2124957510.55965,1534990417.742323,113372518.4586566,547128421.3719292,14225338.955670157,13131082.1129263,4121913381.7182555,6023581871.391295,0.0,1.0,240.0,1000.0,65.2,61.67720668774671,0.0,0.0,7978704.890195747,1534754942.031929,18633359899.691307,138326404.7807058,divertor_heat_ok;reference_conductor_current_ok;tbr_ok;wp_fit_ok
zero-contingency-fabrication240-tonne1000-containment65.2-sheet0,contingency-diagnostic,20260919-cost-estimate-maturity-and-uncertainty:c0043,10841435183.12577,0.0,10841435183.12577,2891049382.166872,737816934.9489717,14528585938.322708,4103966978.4696817,1501530427.7947633,55143720.25148218,79360458.58514267,189105839.13995048,50779434.359244674,269258803.6902076,550716.1814915092,792505.9651144512,1008.898405504204,0.9027777777777779,226.09525012033131,221.93943200743283,5114294826.18509,779021348.3497106,1707022110.2924912,23180989.577015813,2124957510.55965,1534990417.742323,113372518.4586566,547128421.3719292,14225338.955670157,13131082.1129263,4121913381.7182555,6023101780.948615,0.0,1.0,240.0,1000.0,65.2,0.0,0.0,0.0,7978704.890195747,1534688474.094911,18632552916.79239,138326404.7807058,divertor_heat_ok;reference_conductor_current_ok;tbr_ok;wp_fit_ok
zero-contingency-fabrication240-tonne1000-containment82.4-sheet61.6772,contingency-diagnostic,20260919-cost-estimate-maturity-and-uncertainty:c0044,10841520513.39523,0.0,10841520513.39523,2891072136.9053946,737821527.4151579,14528698615.796875,4103998807.075381,1501542073.0200255,55143720.25148218,79360458.58514267,189105839.13995048,50779434.359244674,269258803.6902076,550716.1814915092,792505.9651144512,1008.898405504204,0.9027777777777779,226.0967418893584,221.9408915457191,5114294826.18509,779021348.3497106,1707443242.2597551,22786229.403793395,2124957510.55965,1534990417.742323,113372518.4586566,547128421.3719292,14225338.955670157,13131082.1129263,4121913381.7182555,6023242973.506738,0.0,1.0,240.0,1000.0,82.4,61.67720668774671,0.0,0.0,7978704.890195747,1534700376.4797425,18632697422.872257,138326404.7807058,divertor_heat_ok;reference_conductor_current_ok;tbr_ok;wp_fit_ok
zero-contingency-fabrication240-tonne1000-containment82.4-sheet0,contingency-diagnostic,20260919-cost-estimate-maturity-and-uncertainty:c0045,10841040422.952549,0.0,10841040422.952549,2890944112.7873464,737800403.4356799,14528069377.256668,4103821062.7166696,1501477041.1705067,55143720.25148218,79360458.58514267,189105839.13995048,50779434.359244674,269258803.6902076,550716.1814915092,792505.9651144512,1008.898405504204,0.9027777777777779,226.08841122192143,221.932740868333,5114294826.18509,779021348.3497106,1707022110.2924912,22786229.403793395,2124957510.55965,1534990417.742323,113372518.4586566,547128421.3719292,14225338.955670157,13131082.1129263,4121913381.7182555,6022762883.064057,0.0,1.0,240.0,1000.0,82.4,0.0,0.0,0.0,7978704.890195747,1534633908.5427241,18631890439.97334,138326404.7807058,divertor_heat_ok;reference_conductor_current_ok;tbr_ok;wp_fit_ok
zero-contingency-fabrication240-tonne1000-containment96.5-sheet61.6772,contingency-diagnostic,20260919-cost-estimate-maturity-and-uncertainty:c0046,10841301866.014553,0.0,10841301866.014553,2891013830.9372144,737812371.0404143,14528412506.073275,4103917988.139329,1501512503.5589988,55143720.25148218,79360458.58514267,189105839.13995048,50779434.359244674,269258803.6902076,550716.1814915092,792505.9651144512,1008.898405504204,0.9027777777777779,226.09295400160914,221.93718549800414,5114294826.18509,779021348.3497106,1707443242.2597551,22567582.023116913,2124957510.55965,1534990417.742323,113372518.4586566,547128421.3719292,14225338.955670157,13131082.1129263,4121913381.7182555,6023055266.7931385,0.0,1.0,240.0,1000.0,96.5,61.67720668774671,0.0,0.0,7978704.890195747,1534670154.0412338,18632330494.212605,138326404.7807058,divertor_heat_ok;reference_conductor_current_ok;tbr_ok;wp_fit_ok
zero-contingency-fabrication240-tonne1000-containment96.5-sheet0,contingency-diagnostic,20260919-cost-estimate-maturity-and-uncertainty:c0047,10840821775.571873,0.0,10840821775.571873,2890885806.819166,737791247.0609363,14527783267.533068,4103740243.7806177,1501447471.70948,55143720.25148218,79360458.58514267,189105839.13995048,50779434.359244674,269258803.6902076,550716.1814915092,792505.9651144512,1008.898405504204,0.9027777777777779,226.0846233341722,221.92903482061806,5114294826.18509,779021348.3497106,1707022110.2924912,22567582.023116913,2124957510.55965,1534990417.742323,113372518.4586566,547128421.3719292,14225338.955670157,13131082.1129263,4121913381.7182555,6022575176.350458,0.0,1.0,240.0,1000.0,96.5,0.0,0.0,0.0,7978704.890195747,1534603686.1042159,18631523511.313686,138326404.7807058,divertor_heat_ok;reference_conductor_current_ok;tbr_ok;wp_fit_ok
zero-contingency-fabrication310-tonne907.185-containment65.2-sheet61.6772,contingency-diagnostic,20260919-cost-estimate-maturity-and-uncertainty:c0048,12219705040.781963,0.0,12219705040.781963,3258588010.87519,781641470.0174073,16318218959.755653,4609494140.900993,1686489132.4942846,55143720.25148218,79360458.58514267,193999912.5748553,55673507.79414948,274152877.1251124,550716.1814915092,792505.9651144512,1008.898405504204,0.9027777777777779,250.40210105258336,245.73436874807075,6471347145.807992,799758795.94032,1707443242.2597551,23180989.577015813,2744736784.472881,1982695956.2505002,146439503.0090981,706707544.2720753,18374396.151073955,16960981.062529806,5222465178.690105,6280082394.042349,0.0,1.0,310.0,907.18474,65.2,61.67720668774671,0.0,0.0,7978704.890195747,1723731591.0584242,20927713100.656647,138326404.7807058,divertor_heat_ok;reference_conductor_current_ok;tbr_ok;wp_fit_ok
zero-contingency-fabrication310-tonne907.185-containment65.2-sheet0,contingency-diagnostic,20260919-cost-estimate-maturity-and-uncertainty:c0049,12219224950.339283,0.0,12219224950.339283,3258459986.757142,781620346.0379293,16317589721.215446,4609316396.542282,1686424100.6447659,55143720.25148218,79360458.58514267,193999912.5748553,55673507.79414948,274152877.1251124,550716.1814915092,792505.9651144512,1008.898405504204,0.9027777777777779,250.39377038514635,245.72621807068467,6471347145.807992,799758795.94032,1707022110.2924912,23180989.577015813,2744736784.472881,1982695956.2505002,146439503.0090981,706707544.2720753,18374396.151073955,16960981.062529806,5222465178.690105,6279602303.5996685,0.0,1.0,310.0,907.18474,65.2,0.0,0.0,0.0,7978704.890195747,1723665123.1214058,20926906117.75773,138326404.7807058,divertor_heat_ok;reference_conductor_current_ok;tbr_ok;wp_fit_ok
zero-contingency-reference,contingency-diagnostic,20260919-cost-estimate-maturity-and-uncertainty:c0050,12219310280.608742,0.0,12219310280.608742,3258482741.4956646,781624938.5041156,16317702398.689615,4609348225.147982,1686435745.8700278,55143720.25148218,79360458.58514267,193999912.5748553,55673507.79414948,274152877.1251124,550716.1814915092,792505.9651144512,1008.898405504204,0.9027777777777779,250.39526215417342,245.7276776089709,6471347145.807992,799758795.94032,1707443242.2597551,22786229.403793395,2744736784.472881,1982695956.2505002,146439503.0090981,706707544.2720753,18374396.151073955,16960981.062529806,5222465178.690105,6279743496.157791,0.0,1.0,310.0,907.18474,82.4,61.67720668774671,0.0,0.0,7978704.890195747,1723677025.5062377,20927050623.837597,138326404.7807058,divertor_heat_ok;reference_conductor_current_ok;tbr_ok;wp_fit_ok
zero-contingency-fabrication310-tonne907.185-containment82.4-sheet0,contingency-diagnostic,20260919-cost-estimate-maturity-and-uncertainty:c0051,12218830190.166061,0.0,12218830190.166061,3258354717.377616,781603814.5246376,16317073160.149408,4609170480.78927,1686370714.020509,55143720.25148218,79360458.58514267,193999912.5748553,55673507.79414948,274152877.1251124,550716.1814915092,792505.9651144512,1008.898405504204,0.9027777777777779,250.38693148673642,245.71952693158482,6471347145.807992,799758795.94032,1707022110.2924912,22786229.403793395,2744736784.472881,1982695956.2505002,146439503.0090981,706707544.2720753,18374396.151073955,16960981.062529806,5222465178.690105,6279263405.715111,0.0,1.0,310.0,907.18474,82.4,0.0,0.0,0.0,7978704.890195747,1723610557.5692194,20926243640.93868,138326404.7807058,divertor_heat_ok;reference_conductor_current_ok;tbr_ok;wp_fit_ok
zero-contingency-fabrication310-tonne907.185-containment96.5-sheet61.6772,contingency-diagnostic,20260919-cost-estimate-maturity-and-uncertainty:c0052,12219091633.228065,0.0,12219091633.228065,3258424435.527484,781615782.1293719,16317416288.966015,4609267406.211929,1686406176.4090014,55143720.25148218,79360458.58514267,193999912.5748553,55673507.79414948,274152877.1251124,550716.1814915092,792505.9651144512,1008.898405504204,0.9027777777777779,250.39147426642418,245.72397156125598,6471347145.807992,799758795.94032,1707443242.2597551,22567582.023116913,2744736784.472881,1982695956.2505002,146439503.0090981,706707544.2720753,18374396.151073955,16960981.062529806,5222465178.690105,6279555789.444192,0.0,1.0,310.0,907.18474,96.5,61.67720668774671,0.0,0.0,7978704.890195747,1723646803.067729,20926683695.177944,138326404.7807058,divertor_heat_ok;reference_conductor_current_ok;tbr_ok;wp_fit_ok
zero-contingency-fabrication310-tonne907.185-containment96.5-sheet0,contingency-diagnostic,20260919-cost-estimate-maturity-and-uncertainty:c0053,12218611542.785385,0.0,12218611542.785385,3258296411.4094357,781594658.149894,16316787050.425808,4609089661.853218,1686341144.5594826,55143720.25148218,79360458.58514267,193999912.5748553,55673507.79414948,274152877.1251124,550716.1814915092,792505.9651144512,1008.898405504204,0.9027777777777779,250.3831435989872,245.7158208838699,6471347145.807992,799758795.94032,1707022110.2924912,22567582.023116913,2744736784.472881,1982695956.2505002,146439503.0090981,706707544.2720753,18374396.151073955,16960981.062529806,5222465178.690105,6279075699.001512,0.0,1.0,310.0,907.18474,96.5,0.0,0.0,0.0,7978704.890195747,1723580335.130711,20925876712.279026,138326404.7807058,divertor_heat_ok;reference_conductor_current_ok;tbr_ok;wp_fit_ok
zero-contingency-fabrication310-tonne1000-containment65.2-sheet61.6772,contingency-diagnostic,20260919-cost-estimate-maturity-and-uncertainty:c0054,12198967593.191353,0.0,12198967593.191353,3253058024.8510275,781040084.0372796,16291350140.160753,4601904362.4575815,1683712238.008342,55143720.25148218,79360458.58514267,193999912.5748553,55673507.79414948,274152877.1251124,550716.1814915092,792505.9651144512,1008.898405504204,0.9027777777777779,250.04637713205506,245.38633049823463,6471347145.807992,779021348.3497106,1707443242.2597551,23180989.577015813,2744736784.472881,1982695956.2505002,146439503.0090981,706707544.2720753,18374396.151073955,16960981.062529806,5222465178.690105,6280082394.042348,0.0,1.0,310.0,1000.0,65.2,61.67720668774671,0.0,0.0,7978704.890195747,1720893374.8741457,20893254502.618336,138326404.7807058,divertor_heat_ok;reference_conductor_current_ok;tbr_ok;wp_fit_ok
zero-contingency-fabrication310-tonne1000-containment65.2-sheet0,contingency-diagnostic,20260919-cost-estimate-maturity-and-uncertainty:c0055,12198487502.748672,0.0,12198487502.748672,3252930000.7329793,781018960.0578017,16290720901.620546,4601726618.09887,1683647206.1588233,55143720.25148218,79360458.58514267,193999912.5748553,55673507.79414948,274152877.1251124,550716.1814915092,792505.9651144512,1008.898405504204,0.9027777777777779,250.03804646461802,245.37817982084854,6471347145.807992,779021348.3497106,1707022110.2924912,23180989.577015813,2744736784.472881,1982695956.2505002,146439503.0090981,706707544.2720753,18374396.151073955,16960981.062529806,5222465178.690105,6279602303.599668,0.0,1.0,310.0,1000.0,65.2,0.0,0.0,0.0,7978704.890195747,1720826906.9371274,20892447519.719418,138326404.7807058,divertor_heat_ok;reference_conductor_current_ok;tbr_ok;wp_fit_ok
zero-contingency-fabrication310-tonne1000-containment82.4-sheet61.6772,contingency-diagnostic,20260919-cost-estimate-maturity-and-uncertainty:c0056,12198572833.018131,0.0,12198572833.018131,3252952755.4715014,781023552.5239878,16290833579.094711,4601758446.704569,1683658851.3840847,55143720.25148218,79360458.58514267,193999912.5748553,55673507.79414948,274152877.1251124,550716.1814915092,792505.9651144512,1008.898405504204,0.9027777777777779,250.03953823364517,245.37963935913473,6471347145.807992,779021348.3497106,1707443242.2597551,22786229.403793395,2744736784.472881,1982695956.2505002,146439503.0090981,706707544.2720753,18374396.151073955,16960981.062529806,5222465178.690105,6279743496.15779,0.0,1.0,310.0,1000.0,82.4,61.67720668774671,0.0,0.0,7978704.890195747,1720838809.3219588,20892592025.79928,138326404.7807058,divertor_heat_ok;reference_conductor_current_ok;tbr_ok;wp_fit_ok
zero-contingency-fabrication310-tonne1000-containment82.4-sheet0,contingency-diagnostic,20260919-cost-estimate-maturity-and-uncertainty:c0057,12198092742.57545,0.0,12198092742.57545,3252824731.3534536,781002428.5445099,16290204340.554508,4601580702.345859,1683593819.5345666,55143720.25148218,79360458.58514267,193999912.5748553,55673507.79414948,274152877.1251124,550716.1814915092,792505.9651144512,1008.898405504204,0.9027777777777779,250.03120756620814,245.37148868174873,6471347145.807992,779021348.3497106,1707022110.2924912,22786229.403793395,2744736784.472881,1982695956.2505002,146439503.0090981,706707544.2720753,18374396.151073955,16960981.062529806,5222465178.690105,6279263405.71511,0.0,1.0,310.0,1000.0,82.4,0.0,0.0,0.0,7978704.890195747,1720772341.3849406,20891785042.900368,138326404.7807058,divertor_heat_ok;reference_conductor_current_ok;tbr_ok;wp_fit_ok
zero-contingency-fabrication310-tonne1000-containment96.5-sheet61.6772,contingency-diagnostic,20260919-cost-estimate-maturity-and-uncertainty:c0058,12198354185.637455,0.0,12198354185.637455,3252894449.503321,781014396.1492442,16290547469.371113,4601677627.7685175,1683629281.9230585,55143720.25148218,79360458.58514267,193999912.5748553,55673507.79414948,274152877.1251124,550716.1814915092,792505.9651144512,1008.898405504204,0.9027777777777779,250.0357503458959,245.37593331141983,6471347145.807992,779021348.3497106,1707443242.2597551,22567582.023116913,2744736784.472881,1982695956.2505002,146439503.0090981,706707544.2720753,18374396.151073955,16960981.062529806,5222465178.690105,6279555789.444191,0.0,1.0,310.0,1000.0,96.5,61.67720668774671,0.0,0.0,7978704.890195747,1720808586.8834505,20892225097.13963,138326404.7807058,divertor_heat_ok;reference_conductor_current_ok;tbr_ok;wp_fit_ok
zero-contingency-fabrication310-tonne1000-containment96.5-sheet0,contingency-diagnostic,20260919-cost-estimate-maturity-and-uncertainty:c0059,12197874095.194775,0.0,12197874095.194775,3252766425.3852735,780993272.1697663,16289918230.830906,4601499883.409806,1683564250.0735397,55143720.25148218,79360458.58514267,193999912.5748553,55673507.79414948,274152877.1251124,550716.1814915092,792505.9651144512,1008.898405504204,0.9027777777777779,250.02741967845887,245.36778263403374,6471347145.807992,779021348.3497106,1707022110.2924912,22567582.023116913,2744736784.472881,1982695956.2505002,146439503.0090981,706707544.2720753,18374396.151073955,16960981.062529806,5222465178.690105,6279075699.001511,0.0,1.0,310.0,1000.0,96.5,0.0,0.0,0.0,7978704.890195747,1720742118.946432,20891418114.24071,138326404.7807058,divertor_heat_ok;reference_conductor_current_ok;tbr_ok;wp_fit_ok
zero-contingency-fabrication360-tonne907.185-containment65.2-sheet61.6772,contingency-diagnostic,20260919-cost-estimate-maturity-and-uncertainty:c0060,13189028126.226894,0.0,13189028126.226894,3517074166.9938383,812500059.3808572,17576886790.682682,4965036740.636128,1816572545.6114702,55143720.25148218,79360458.58514267,197495679.31407303,59169274.5333672,277648643.8643302,550716.1814915092,792505.9651144512,1008.898405504204,0.9027777777777779,267.5040984413596,262.4763314719391,7440670231.252923,799758795.94032,1707443242.2597551,23180989.577015813,3187436265.8394747,2302485626.6134844,170058777.68798488,820692632.0578939,21338008.43350524,19696623.169389453,6008573605.09857,6463297053.078815,0.0,1.0,360.0,907.18474,65.2,61.67720668774671,0.0,0.0,7978704.890195747,1856687614.5171504,22541923531.31881,138326404.7807058,divertor_heat_ok;reference_conductor_current_ok;tbr_ok;wp_fit_ok
zero-contingency-fabrication360-tonne907.185-containment65.2-sheet0,contingency-diagnostic,20260919-cost-estimate-maturity-and-uncertainty:c0061,13188548035.784214,0.0,13188548035.784214,3516946142.8757906,812478935.4013793,17576257552.142475,4964858996.277417,1816507513.7619514,55143720.25148218,79360458.58514267,197495679.31407303,59169274.5333672,277648643.8643302,550716.1814915092,792505.9651144512,1008.898405504204,0.9027777777777779,267.4957677739226,262.468180794553,7440670231.252923,799758795.94032,1707022110.2924912,23180989.577015813,3187436265.8394747,2302485626.6134844,170058777.68798488,820692632.0578939,21338008.43350524,19696623.169389453,6008573605.09857,6462816962.636135,0.0,1.0,360.0,907.18474,65.2,0.0,0.0,0.0,7978704.890195747,1856621146.580132,22541116548.41989,138326404.7807058,divertor_heat_ok;reference_conductor_current_ok;tbr_ok;wp_fit_ok
zero-contingency-fabrication360-tonne907.185-containment82.4-sheet61.6772,contingency-diagnostic,20260919-cost-estimate-maturity-and-uncertainty:c0062,13188633366.053673,0.0,13188633366.053673,3516968897.614313,812483527.8675654,17576370229.616646,4964890824.883118,1816519158.9872139,55143720.25148218,79360458.58514267,197495679.31407303,59169274.5333672,277648643.8643302,550716.1814915092,792505.9651144512,1008.898405504204,0.9027777777777779,267.4972595429497,262.46964033283933,7440670231.252923,799758795.94032,1707443242.2597551,22786229.403793395,3187436265.8394747,2302485626.6134844,170058777.68798488,820692632.0578939,21338008.43350524,19696623.169389453,6008573605.09857,6462958155.194258,0.0,1.0,360.0,907.18474,82.4,61.67720668774671,0.0,0.0,7978704.890195747,1856633048.9649637,22541261054.499763,138326404.7807058,divertor_heat_ok;reference_conductor_current_ok;tbr_ok;wp_fit_ok
zero-contingency-fabrication360-tonne907.185-containment82.4-sheet0,contingency-diagnostic,20260919-cost-estimate-maturity-and-uncertainty:c0063,13188153275.610992,0.0,13188153275.610992,3516840873.4962645,812462403.8880875,17575740991.07644,4964713080.524406,1816454127.137695,55143720.25148218,79360458.58514267,197495679.31407303,59169274.5333672,277648643.8643302,550716.1814915092,792505.9651144512,1008.898405504204,0.9027777777777779,267.4889288755127,262.46148965545325,7440670231.252923,799758795.94032,1707022110.2924912,22786229.403793395,3187436265.8394747,2302485626.6134844,170058777.68798488,820692632.0578939,21338008.43350524,19696623.169389453,6008573605.09857,6462478064.751577,0.0,1.0,360.0,907.18474,82.4,0.0,0.0,0.0,7978704.890195747,1856566581.0279458,22540454071.600845,138326404.7807058,divertor_heat_ok;reference_conductor_current_ok;tbr_ok;wp_fit_ok
zero-contingency-fabrication360-tonne907.185-containment96.5-sheet61.6772,contingency-diagnostic,20260919-cost-estimate-maturity-and-uncertainty:c0064,13188414718.672997,0.0,13188414718.672997,3516910591.6461325,812474371.4928219,17576084119.893044,4964810005.947064,1816489589.526187,55143720.25148218,79360458.58514267,197495679.31407303,59169274.5333672,277648643.8643302,550716.1814915092,792505.9651144512,1008.898405504204,0.9027777777777779,267.49347165520044,262.4659342851243,7440670231.252923,799758795.94032,1707443242.2597551,22567582.023116913,3187436265.8394747,2302485626.6134844,170058777.68798488,820692632.0578939,21338008.43350524,19696623.169389453,6008573605.09857,6462770448.480659,0.0,1.0,360.0,907.18474,96.5,61.67720668774671,0.0,0.0,7978704.890195747,1856602826.5264552,22540894125.840107,138326404.7807058,divertor_heat_ok;reference_conductor_current_ok;tbr_ok;wp_fit_ok
zero-contingency-fabrication360-tonne907.185-containment96.5-sheet0,contingency-diagnostic,20260919-cost-estimate-maturity-and-uncertainty:c0065,13187934628.230316,0.0,13187934628.230316,3516782567.5280843,812453247.513344,17575454881.352837,4964632261.588353,1816424557.6766682,55143720.25148218,79360458.58514267,197495679.31407303,59169274.5333672,277648643.8643302,550716.1814915092,792505.9651144512,1008.898405504204,0.9027777777777779,267.48514098776343,262.45778360773824,7440670231.252923,799758795.94032,1707022110.2924912,22567582.023116913,3187436265.8394747,2302485626.6134844,170058777.68798488,820692632.0578939,21338008.43350524,19696623.169389453,6008573605.09857,6462290358.037978,0.0,1.0,360.0,907.18474,96.5,0.0,0.0,0.0,7978704.890195747,1856536358.589437,22540087142.94119,138326404.7807058,divertor_heat_ok;reference_conductor_current_ok;tbr_ok;wp_fit_ok
zero-contingency-fabrication360-tonne1000-containment65.2-sheet61.6772,contingency-diagnostic,20260919-cost-estimate-maturity-and-uncertainty:c0066,13168290678.636284,0.0,13168290678.636284,3511544180.9696755,811898673.4007294,17550017971.08778,4957446962.192717,1813795651.1255274,55143720.25148218,79360458.58514267,197495679.31407303,59169274.5333672,277648643.8643302,550716.1814915092,792505.9651144512,1008.898405504204,0.9027777777777779,267.1483745208313,262.12829322210297,7440670231.252923,779021348.3497106,1707443242.2597551,23180989.577015813,3187436265.8394747,2302485626.6134844,170058777.68798488,820692632.0578939,21338008.43350524,19696623.169389453,6008573605.09857,6463297053.0788145,0.0,1.0,360.0,1000.0,65.2,61.67720668774671,0.0,0.0,7978704.890195747,1853849398.3328714,22507464933.280495,138326404.7807058,divertor_heat_ok;reference_conductor_current_ok;tbr_ok;wp_fit_ok
zero-contingency-fabrication360-tonne1000-containment65.2-sheet0,contingency-diagnostic,20260919-cost-estimate-maturity-and-uncertainty:c0067,13167810588.193604,0.0,13167810588.193604,3511416156.851628,811877549.4212515,17549388732.547577,4957269217.834006,1813730619.2760093,55143720.25148218,79360458.58514267,197495679.31407303,59169274.5333672,277648643.8643302,550716.1814915092,792505.9651144512,1008.898405504204,0.9027777777777779,267.14004385339433,262.12014254471694,7440670231.252923,779021348.3497106,1707022110.2924912,23180989.577015813,3187436265.8394747,2302485626.6134844,170058777.68798488,820692632.0578939,21338008.43350524,19696623.169389453,6008573605.09857,6462816962.636134,0.0,1.0,360.0,1000.0,65.2,0.0,0.0,0.0,7978704.890195747,1853782930.3958538,22506657950.381584,138326404.7807058,divertor_heat_ok;reference_conductor_current_ok;tbr_ok;wp_fit_ok
zero-contingency-fabrication360-tonne1000-containment82.4-sheet61.6772,contingency-diagnostic,20260919-cost-estimate-maturity-and-uncertainty:c0068,13167895918.463062,0.0,13167895918.463062,3511438911.59015,811882141.8874378,17549501410.021744,4957301046.439706,1813742264.501271,55143720.25148218,79360458.58514267,197495679.31407303,59169274.5333672,277648643.8643302,550716.1814915092,792505.9651144512,1008.898405504204,0.9027777777777779,267.14153562242143,262.12160208300315,7440670231.252923,779021348.3497106,1707443242.2597551,22786229.403793395,3187436265.8394747,2302485626.6134844,170058777.68798488,820692632.0578939,21338008.43350524,19696623.169389453,6008573605.09857,6462958155.194257,0.0,1.0,360.0,1000.0,82.4,61.67720668774671,0.0,0.0,7978704.890195747,1853794832.7806852,22506802456.46145,138326404.7807058,divertor_heat_ok;reference_conductor_current_ok;tbr_ok;wp_fit_ok
zero-contingency-fabrication360-tonne1000-containment82.4-sheet0,contingency-diagnostic,20260919-cost-estimate-maturity-and-uncertainty:c0069,13167415828.020382,0.0,13167415828.020382,3511310887.4721017,811861017.9079599,17548872171.481537,4957123302.080995,1813677232.6517522,55143720.25148218,79360458.58514267,197495679.31407303,59169274.5333672,277648643.8643302,550716.1814915092,792505.9651144512,1008.898405504204,0.9027777777777779,267.1332049549844,262.11345140561707,7440670231.252923,779021348.3497106,1707022110.2924912,22786229.403793395,3187436265.8394747,2302485626.6134844,170058777.68798488,820692632.0578939,21338008.43350524,19696623.169389453,6008573605.09857,6462478064.751576,0.0,1.0,360.0,1000.0,82.4,0.0,0.0,0.0,7978704.890195747,1853728364.843667,22505995473.56253,138326404.7807058,divertor_heat_ok;reference_conductor_current_ok;tbr_ok;wp_fit_ok
zero-contingency-fabrication360-tonne1000-containment96.5-sheet61.6772,contingency-diagnostic,20260919-cost-estimate-maturity-and-uncertainty:c0070,13167677271.082386,0.0,13167677271.082386,3511380605.6219697,811872985.5126941,17549215300.29814,4957220227.503653,1813712695.0402443,55143720.25148218,79360458.58514267,197495679.31407303,59169274.5333672,277648643.8643302,550716.1814915092,792505.9651144512,1008.898405504204,0.9027777777777779,267.13774773467213,262.1178960352882,7440670231.252923,779021348.3497106,1707443242.2597551,22567582.023116913,3187436265.8394747,2302485626.6134844,170058777.68798488,820692632.0578939,21338008.43350524,19696623.169389453,6008573605.09857,6462770448.480658,0.0,1.0,360.0,1000.0,96.5,61.67720668774671,0.0,0.0,7978704.890195747,1853764610.3421767,22506435527.801796,138326404.7807058,divertor_heat_ok;reference_conductor_current_ok;tbr_ok;wp_fit_ok
zero-contingency-fabrication360-tonne1000-containment96.5-sheet0,contingency-diagnostic,20260919-cost-estimate-maturity-and-uncertainty:c0071,13167197180.639706,0.0,13167197180.639706,3511252581.5039215,811851861.5332162,17548586061.757935,4957042483.144941,1813647663.1907256,55143720.25148218,79360458.58514267,197495679.31407303,59169274.5333672,277648643.8643302,550716.1814915092,792505.9651144512,1008.898405504204,0.9027777777777779,267.12941706723507,262.1097453579021,7440670231.252923,779021348.3497106,1707022110.2924912,22567582.023116913,3187436265.8394747,2302485626.6134844,170058777.68798488,820692632.0578939,21338008.43350524,19696623.169389453,6008573605.09857,6462290358.037977,0.0,1.0,360.0,1000.0,96.5,0.0,0.0,0.0,7978704.890195747,1853698142.4051583,22505628544.902878,138326404.7807058,divertor_heat_ok;reference_conductor_current_ok;tbr_ok;wp_fit_ok
downtime-stress-0.05,downtime-stress,20260919-cost-estimate-maturity-and-uncertainty:c0072,12219310280.608742,1221931028.0608742,13441241308.669617,3584331015.6452312,834314251.3301528,17918171013.726093,5061441111.136382,1851844295.222991,55143720.25148218,79360458.58514267,188907285.42495188,55673507.79414948,269020624.67695326,523180.37241693394,752880.6668587289,1008.898405504204,0.8576388888888891,285.2011327556394,279.8059860707031,6471347145.807992,799758795.94032,1707443242.2597551,22786229.403793395,2744736784.472881,1982695956.2505002,146439503.0090981,706707544.2720753,18374396.151073955,16960981.062529806,5222465178.690105,7429964363.642581,0.0,1.0,310.0,907.18474,82.4,61.67720668774671,0.1,0.05,7579769.645685961,1892738264.2994943,22979612124.862476,133233777.6308024,divertor_heat_ok;reference_conductor_current_ok;tbr_ok;wp_fit_ok
downtime-stress-0.1,downtime-stress,20260919-cost-estimate-maturity-and-uncertainty:c0073,12219310280.608742,1221931028.0608742,13441241308.669617,3584331015.6452312,834314251.3301528,17918171013.726093,5061441111.136382,1851844295.222991,55143720.25148218,79360458.58514267,183534493.93836787,55673507.79414948,263608207.89211357,495644.5633423584,713255.3686030061,1008.898405504204,0.8125000000000002,300.29190922971463,294.597032173393,6471347145.807992,799758795.94032,1707443242.2597551,22786229.403793395,2744736784.472881,1982695956.2505002,146439503.0090981,706707544.2720753,18374396.151073955,16960981.062529806,5222465178.690105,7429964363.642581,0.0,1.0,310.0,907.18474,82.4,61.67720668774671,0.1,0.1,7180834.401176173,1892738264.2994943,22979612124.862476,127860986.14421839,divertor_heat_ok;reference_conductor_current_ok;tbr_ok;wp_fit_ok
