proposal_id,candidate_id,R_m,current_MAturn,classification,power_account_valid,all20_satisfied,LCOE_dollars_MWh,field_margin_T,divertor_margin_MW_m2,auxiliary_window_margin_MW,net_electric_MW,violated
map-000,20260917-pre-reveal-feasible-neighborhood:c0079,10.5,12.0,fail,True,False,153.54558038223644,-1.6308946461074925,1.6263150828838508,18.84501664917957,928.7939957403886,peak_field_ok
map-001,20260917-pre-reveal-feasible-neighborhood:c0080,10.5,12.085325654335055,fail,True,False,154.1289420381151,-1.819541808255284,1.7202788324683613,16.868105853221437,925.5630038825751,peak_field_ok
map-002,20260917-pre-reveal-feasible-neighborhood:c0081,10.5,12.170651308670111,fail,True,False,154.74098783251642,-2.008188970403083,1.812145708967714,14.98326454255374,922.2077998998757,peak_field_ok
map-003,20260917-pre-reveal-feasible-neighborhood:c0082,10.5,12.217184408047014,fail,True,False,155.08672383013175,-2.1110693668302076,1.8613833462863383,13.993022415973883,920.3277514631233,peak_field_ok
map-004,20260917-pre-reveal-feasible-neighborhood:c0083,10.5,12.255976963005166,fail,True,False,155.38134263423566,-2.1968361325508816,1.901973721501811,13.187362093021136,918.7341818182311,peak_field_ok
map-005,20260917-pre-reveal-feasible-neighborhood:c0084,10.5,12.341302617340222,fail,True,False,156.04966869223125,-2.3854832946986733,1.9898188653324027,11.477385358829622,915.1477130730377,peak_field_ok
map-006,20260917-pre-reveal-feasible-neighborhood:c0085,10.5,12.426628271675277,fail,True,False,156.7456617714604,-2.5741304568464685,2.075735151503384,9.850431308152736,911.4537479360603,peak_field_ok
map-007,20260917-pre-reveal-feasible-neighborhood:c0086,10.5,12.511953926010333,fail,True,False,157.46904966266445,-2.76277761899426,2.1597747045491937,8.303703158579879,907.6574357011918,peak_field_ok
map-008,20260917-pre-reveal-feasible-neighborhood:c0087,10.5,12.597279580345388,fail,True,False,158.21959039598028,-2.951424781142059,2.241987840992831,6.834506039281962,903.7637288530201,peak_field_ok
map-009,20260917-pre-reveal-feasible-neighborhood:c0088,10.5,12.682605234680445,fail,True,False,158.9970706032456,-3.1400719432898576,2.3224231440691963,5.440242855254155,899.7773908654772,peak_field_ok
map-010,20260917-pre-reveal-feasible-neighborhood:c0089,10.5,12.7679308890155,fail,True,False,158.79058486014964,-3.3287191054376493,2.4011275472800397,4.11841095354572,895.702999856962,peak_field_ok
map-011,20260917-pre-reveal-feasible-neighborhood:c0090,10.5,12.853256543350556,fail,True,False,158.50494422654057,-3.517366267585448,2.478146349618785,2.8665957770939485,891.544971759433,peak_field_ok
map-012,20260917-pre-reveal-feasible-neighborhood:c0091,10.5,12.93858219768561,fail,True,False,158.24083231416896,-3.7060134297332397,2.5535233640201795,1.6824713870103665,887.3075415394427,peak_field_ok
map-013,20260917-pre-reveal-feasible-neighborhood:c0092,10.5,13.023907852020667,fail,True,False,158.0112188302125,-3.8946605918810313,2.62730091910832,0.5637941081158147,882.9947879081939,peak_field_ok
map-014,20260917-pre-reveal-feasible-neighborhood:c0093,10.5,13.109233506355721,invalid-account,False,False,158.91402833555898,-4.083307754028834,2.6995199339918345,-0.4915999601986982,878.6106346509489,burn_hold_ok;peak_field_ok
map-015,20260917-pre-reveal-feasible-neighborhood:c0094,10.5,13.194559160690776,invalid-account,False,False,159.8422982999326,-4.271954916176625,2.7702199742369995,-1.4857980718280146,874.1588565785006,burn_hold_ok;peak_field_ok
map-016,20260917-pre-reveal-feasible-neighborhood:c0095,10.617992005286965,12.0,fail,True,False,152.66284588554203,-1.1901192969446228,1.3850956175590632,22.240433107561387,943.4164952880928,peak_field_ok
map-017,20260917-pre-reveal-feasible-neighborhood:c0096,10.617992005286965,12.085325654335055,fail,True,False,153.18995169075689,-1.3756323386689147,1.4823895718718685,20.116957147618393,940.4038597298928,peak_field_ok
map-018,20260917-pre-reveal-feasible-neighborhood:c0097,10.617992005286965,12.170651308670111,fail,True,False,153.7457934824185,-1.5611453803932065,1.577517055186398,18.089528307202954,937.2586597352986,peak_field_ok
map-019,20260917-pre-reveal-feasible-neighborhood:c0098,10.617992005286965,12.217184408047014,fail,True,False,154.06088192978024,-1.662316556559869,1.6285043054867128,17.02315975795915,935.4897025252867,peak_field_ok
map-020,20260917-pre-reveal-feasible-neighborhood:c0099,10.617992005286965,12.255976963005166,fail,True,False,154.32994602025454,-1.7466584221174877,1.6705381417425844,16.154901406361148,933.986924227272,peak_field_ok
map-021,20260917-pre-reveal-feasible-neighborhood:c0100,10.617992005286965,12.341302617340222,fail,True,False,154.9420210909323,-1.9321714638417795,1.76151073336524,14.30994872469222,930.5944648084086,peak_field_ok
map-022,20260917-pre-reveal-feasible-neighborhood:c0101,10.617992005286965,12.426628271675277,fail,True,False,155.58166791576426,-2.117684505566068,1.8504907414429894,12.551659233162525,927.0868585594048,peak_field_ok
map-023,20260917-pre-reveal-feasible-neighborhood:c0102,10.617992005286965,12.511953926010333,fail,True,False,156.24856908331887,-2.3031975472903525,1.9375321072412461,10.877130962200738,923.4694755249238,peak_field_ok
map-024,20260917-pre-reveal-feasible-neighborhood:c0103,10.617992005286965,12.597279580345388,fail,True,False,156.94243909936745,-2.4887105890146444,2.022686900484014,9.283567298693526,919.7474822032003,peak_field_ok
map-025,20260917-pre-reveal-feasible-neighborhood:c0104,10.617992005286965,12.682605234680445,fail,True,False,157.66302259022413,-2.674223630738929,2.1060053967096364,7.768272715072044,915.9258495990103,peak_field_ok
map-026,20260917-pre-reveal-feasible-neighborhood:c0105,10.617992005286965,12.7679308890155,fail,True,False,158.41009265463097,-2.8597366724632245,2.1875361509324103,6.328648696027358,912.0093609140437,peak_field_ok
map-027,20260917-pre-reveal-feasible-neighborhood:c0106,10.617992005286965,12.853256543350556,fail,True,False,159.18344985840952,-3.0452497141875057,2.267326082549678,4.962190574046417,908.0026144112244,peak_field_ok
map-028,20260917-pre-reveal-feasible-neighborhood:c0107,10.617992005286965,12.93858219768561,fail,True,False,158.54919899583052,-3.2307627559117975,2.3454204798292286,3.666480773774083,903.9100493742353,peak_field_ok
map-029,20260917-pre-reveal-feasible-neighborhood:c0108,10.617992005286965,13.023907852020667,fail,True,False,158.2694499249247,-3.416275797636086,2.4218631629887577,2.439190115167321,899.7359226975208,peak_field_ok
map-030,20260917-pre-reveal-feasible-neighborhood:c0109,10.617992005286965,13.109233506355721,fail,True,False,158.010641145129,-3.6017888393603705,2.4966964742604025,1.2780709951568383,895.4843366979985,peak_field_ok
map-031,20260917-pre-reveal-feasible-neighborhood:c0110,10.617992005286965,13.194559160690776,fail,True,False,158.17041842320288,-3.7873018810846624,2.5699613548264173,0.18095507788359555,891.1592395255403,peak_field_ok
map-032,20260917-pre-reveal-feasible-neighborhood:c0111,10.735984010573928,12.0,fail,True,False,151.89288603621839,-0.7637503904279761,1.138743480942754,24.13643223122176,957.6347738993701,peak_field_ok
map-033,20260917-pre-reveal-feasible-neighborhood:c0112,10.735984010573928,12.085325654335055,fail,True,False,152.36474659932594,-0.9462317483242053,1.2394395387493073,23.588948009994454,954.8523054961267,peak_field_ok
map-034,20260917-pre-reveal-feasible-neighborhood:c0113,10.735984010573928,12.170651308670111,fail,True,False,152.8654856722308,-1.128713106220438,1.3378978817952127,21.414448832243067,951.9286923269643,peak_field_ok
map-035,20260917-pre-reveal-feasible-neighborhood:c0114,10.735984010573928,12.217184408047014,fail,True,False,153.15056426428387,-1.2282309268289247,1.3906723686380307,20.269548066658786,950.2770525803433,peak_field_ok
map-036,20260917-pre-reveal-feasible-neighborhood:c0115,10.735984010573928,12.255976963005166,fail,True,False,153.39462430565226,-1.3111944641166744,1.4341806428977382,19.336705690850636,948.8702147171881,peak_field_ok
map-037,20260917-pre-reveal-feasible-neighborhood:c0116,10.735984010573928,12.341302617340222,fail,True,False,153.9517244099868,-1.4936758220129107,1.5283477529100633,17.35247748338918,945.682915149232,peak_field_ok
map-038,20260917-pre-reveal-feasible-neighborhood:c0117,10.735984010573928,12.426628271675277,fail,True,False,154.5363865669114,-1.6761571799091435,1.62045704625592,15.458642032157343,942.3726041915199,peak_field_ok
map-039,20260917-pre-reveal-feasible-neighborhood:c0118,10.735984010573928,12.511953926010333,fail,True,False,155.1482461046191,-1.8586385378053727,1.710564296181678,13.65218881217686,938.9448849388691,peak_field_ok
map-040,20260917-pre-reveal-feasible-neighborhood:c0119,10.735984010573928,12.597279580345388,fail,True,False,155.78697343490666,-2.0411198957016055,1.7987233829095484,11.930218144472974,935.4051375434069,peak_field_ok
map-041,20260917-pre-reveal-feasible-neighborhood:c0120,10.735984010573928,12.682605234680445,fail,True,False,156.45227033656516,-2.2236012535978418,1.8849863143435535,10.289934099209859,931.758544565429,peak_field_ok
map-042,20260917-pre-reveal-feasible-neighborhood:c0121,10.735984010573928,12.7679308890155,fail,True,False,157.14386861067374,-2.406082611494078,1.9694033180894905,8.72864100319191,928.0100943918585,peak_field_ok
map-043,20260917-pre-reveal-feasible-neighborhood:c0122,10.735984010573928,12.853256543350556,fail,True,False,157.86152842233855,-2.5885639693903144,2.0520229140656214,7.243739428246897,924.1645888201175,peak_field_ok
map-044,20260917-pre-reveal-feasible-neighborhood:c0123,10.735984010573928,12.93858219768561,fail,True,False,158.60503677783717,-2.7710453272865436,2.1328919836889035,5.832722362910772,920.2266503048485,peak_field_ok
map-045,20260917-pre-reveal-feasible-neighborhood:c0124,10.735984010573928,13.023907852020667,fail,True,False,159.37420658643086,-2.953526685182773,2.212055849321721,4.493172220952488,916.2007247757837,peak_field_ok
map-046,20260917-pre-reveal-feasible-neighborhood:c0125,10.735984010573928,13.109233506355721,fail,True,False,158.32037886983503,-3.136008043079009,2.2895582800262,3.2227545500177825,912.0911056278254,peak_field_ok
map-047,20260917-pre-reveal-feasible-neighborhood:c0126,10.735984010573928,13.194559160690776,fail,True,False,158.04622177146788,-3.3184894009752455,2.365441642544222,2.0192191517903098,907.9019124317397,peak_field_ok
map-048,20260917-pre-reveal-feasible-neighborhood:c0127,10.853976015860892,12.0,fail,True,False,151.23186467078298,-0.35109298620748675,0.8872061817715515,20.281164698843327,971.432189212467,peak_field_ok
map-049,20260917-pre-reveal-feasible-neighborhood:c0128,10.853976015860892,12.085325654335055,fail,True,False,151.64929519557916,-0.5306401555177764,0.99137722087284,22.71155272382873,968.8918420013878,peak_field_ok
map-050,20260917-pre-reveal-feasible-neighborhood:c0129,10.853976015860892,12.170651308670111,fail,True,False,152.0958370983032,-0.7101873248280697,1.093237623414911,24.96234907598597,966.2015438227025,peak_field_ok
map-051,20260917-pre-reveal-feasible-neighborhood:c0130,10.853976015860892,12.217184408047014,fail,True,False,152.35143691277466,-0.8081049597699526,1.1478374865334438,23.736485851046098,964.6735241727775,peak_field_ok
map-052,20260917-pre-reveal-feasible-neighborhood:c0131,10.853976015860892,12.255976963005166,fail,True,False,152.57095581576831,-0.8897344941383629,1.192851643164932,22.73705506332186,963.3678272987842,peak_field_ok
map-053,20260917-pre-reveal-feasible-neighborhood:c0132,10.853976015860892,12.341302617340222,fail,True,False,153.0741604297418,-1.0692816634486526,1.2902812562284414,20.609207096027376,960.3969792791135,peak_field_ok
map-054,20260917-pre-reveal-feasible-neighborhood:c0133,10.853976015860892,12.426628271675277,fail,True,False,153.60500085153,-1.2488288327589387,1.3855862571506332,18.57556926937434,957.2950507301086,peak_field_ok
map-055,20260917-pre-reveal-feasible-neighborhood:c0134,10.853976015860892,12.511953926010333,fail,True,False,154.16306566634532,-1.4283760020692284,1.478824364746247,16.6330235608753,954.0678620318761,peak_field_ok
map-056,20260917-pre-reveal-feasible-neighborhood:c0135,10.853976015860892,12.597279580345388,fail,True,False,154.7479780232278,-1.6079231713795181,1.5700512485559734,14.778562317265141,950.7210293113641,peak_field_ok
map-057,20260917-pre-reveal-feasible-neighborhood:c0136,10.853976015860892,12.682605234680445,fail,True,False,155.35939623552554,-1.7874703406898114,1.659320707319452,13.009288022431747,947.2599456795984,peak_field_ok
map-058,20260917-pre-reveal-feasible-neighborhood:c0137,10.853976015860892,12.7679308890155,fail,True,False,155.99700986528651,-1.967017510000101,1.7466846803904765,11.322405922617975,943.6898086653969,peak_field_ok
map-059,20260917-pre-reveal-feasible-neighborhood:c0138,10.853976015860892,12.853256543350556,fail,True,False,156.66053841780993,-2.1465646793103943,1.8321933407627053,9.715220689610533,940.0156229471932,peak_field_ok
map-060,20260917-pre-reveal-feasible-neighborhood:c0139,10.853976015860892,12.93858219768561,fail,True,False,157.34972967345558,-2.3261118486206875,1.9158951666406576,8.185132469996574,936.2422078321392,peak_field_ok
map-061,20260917-pre-reveal-feasible-neighborhood:c0140,10.853976015860892,13.023907852020667,fail,True,False,158.0643581548046,-2.5056590179309666,1.9978370096580331,6.7296331137433185,932.3742044046079,peak_field_ok
map-062,20260917-pre-reveal-feasible-neighborhood:c0141,10.853976015860892,13.109233506355721,fail,True,False,158.80422371740738,-2.6852061872412563,2.07806415992199,5.34630257276109,928.4160823612356,peak_field_ok
map-063,20260917-pre-reveal-feasible-neighborhood:c0142,10.853976015860892,13.194559160690776,fail,True,False,158.3928075188281,-2.864753356551553,2.1566204204181103,4.032806070589345,924.3721427794871,peak_field_ok
map-064,20260917-pre-reveal-feasible-neighborhood:c0143,10.971968021147857,12.0,pass,True,True,150.6764188040264,0.0485038665291313,0.6304308979987265,16.1893773986979,984.7921224991707,
map-065,20260917-pre-reveal-feasible-neighborhood:c0144,10.971968021147857,12.085325654335055,fail,True,False,151.04004627492577,-0.12820198087032963,0.7381507736047315,18.78020328315887,982.5059931874681,peak_field_ok
map-066,20260917-pre-reveal-feasible-neighborhood:c0145,10.971968021147857,12.170651308670111,fail,True,False,151.43310905826033,-0.30490782826979057,0.8434853927057926,21.26247379426809,980.0608793295604,peak_field_ok
map-067,20260917-pre-reveal-feasible-neighborhood:c0146,10.971968021147857,12.217184408047014,fail,True,False,151.6596590833199,-0.4012759232067502,0.8999492856392255,22.571753834924323,978.6628587993084,peak_field_ok
map-068,20260917-pre-reveal-feasible-neighborhood:c0147,10.971968021147857,12.255976963005166,fail,True,False,151.85501426735743,-0.4816136756692444,0.9465011791166482,23.639798043099518,977.4635708376064,peak_field_ok
map-069,20260917-pre-reveal-feasible-neighborhood:c0148,10.971968021147857,12.341302617340222,fail,True,False,152.3052157495561,-0.6583195230687053,1.0472622015439352,24.084346489470306,974.7206037363665,peak_field_ok
map-070,20260917-pre-reveal-feasible-neighborhood:c0149,10.971968021147857,12.426628271675277,fail,True,False,152.78321099468488,-0.8350253704681592,1.1458302729592305,21.906608527606522,971.8382703782114,peak_field_ok
map-071,20260917-pre-reveal-feasible-neighborhood:c0150,10.971968021147857,12.511953926010333,fail,True,False,153.2885383099762,-1.0117312178676237,1.2422650451316084,19.823757832328624,968.8226291820803,peak_field_ok
map-072,20260917-pre-reveal-feasible-neighborhood:c0151,10.971968021147857,12.597279580345388,fail,True,False,153.82077423578122,-1.188437065267081,1.336624098583206,17.832680276511326,965.6795139222648,peak_field_ok
map-073,20260917-pre-reveal-feasible-neighborhood:c0152,10.971968021147857,12.682605234680445,fail,True,False,154.37953155928244,-1.365142912666542,1.4289630413768943,15.930373749715955,962.4145388106509,peak_field_ok
map-074,20260917-pre-reveal-feasible-neighborhood:c0153,10.971968021147857,12.7679308890155,fail,True,False,154.96445555458763,-1.5418487600659994,1.5193355353826519,14.113941166125358,959.0331228178,peak_field_ok
map-075,20260917-pre-reveal-feasible-neighborhood:c0154,10.971968021147857,12.853256543350556,fail,True,False,155.57522449762266,-1.7185546074654567,1.6077934613099618,12.380590158153495,955.5404727293385,peak_field_ok
map-076,20260917-pre-reveal-feasible-neighborhood:c0155,10.971968021147857,12.93858219768561,fail,True,False,156.21154608238527,-1.8952604548649177,1.694386931120981,10.727626213391147,951.9416084701742,peak_field_ok
map-077,20260917-pre-reveal-feasible-neighborhood:c0156,10.971968021147857,13.023907852020667,fail,True,False,156.87315620711138,-2.071966302264375,1.7791643749388157,9.152449521651533,948.2413658155538,peak_field_ok
map-078,20260917-pre-reveal-feasible-neighborhood:c0157,10.971968021147857,13.109233506355721,fail,True,False,157.55981743165137,-2.2486721496638324,1.862172608308624,7.652551259690483,944.444403442952,peak_field_ok
map-079,20260917-pre-reveal-feasible-neighborhood:c0158,10.971968021147857,13.194559160690776,fail,True,False,158.27131755843754,-2.4253779970632863,1.9434568963488204,6.225510042346514,940.5552096763919,peak_field_ok
map-080,20260917-pre-reveal-feasible-neighborhood:c0159,11.089960026434822,12.0,pass,True,True,150.22362790807102,0.4356505554908594,0.3683644720488175,11.856712095595412,997.6979803134409,
map-081,20260917-pre-reveal-feasible-neighborhood:c0160,11.089960026434822,12.085325654335055,pass,True,True,150.53389674138197,0.26169750347133913,0.47970801847549716,14.61268978426881,995.6783072543668,
map-082,20260917-pre-reveal-feasible-neighborhood:c0161,11.089960026434822,12.170651308670111,pass,True,True,150.8740175938022,0.08774445145182597,0.5885899824093297,17.25574919586063,993.4903837341758,
map-083,20260917-pre-reveal-feasible-neighborhood:c0162,11.089960026434822,12.217184408047014,fail,True,False,151.0718484171474,-0.0071223822058925634,0.6469570716593562,18.650924151318293,992.22881747631,peak_field_ok
map-084,20260917-pre-reveal-feasible-neighborhood:c0163,11.089960026434822,12.255976963005166,fail,True,False,151.24333544767276,-0.0862086005676943,0.6950789797123775,19.789626467996584,991.1412694786586,peak_field_ok
map-085,20260917-pre-reveal-feasible-neighborhood:c0164,11.089960026434822,12.341302617340222,fail,True,False,151.64124650451802,-0.2601616525872039,0.7992412350447697,22.217920109069098,988.6377504904657,peak_field_ok
map-086,20260917-pre-reveal-feasible-neighborhood:c0165,11.089960026434822,12.426628271675277,fail,True,False,152.06719334642904,-0.43411470460672064,0.901140626023178,24.54409900884133,985.986365240165,peak_field_ok
map-087,20260917-pre-reveal-feasible-neighborhood:c0166,11.089960026434822,12.511953926010333,fail,True,False,152.52066221289067,-0.6080677566262338,1.0008387963758985,23.228492864243492,983.193410612269,peak_field_ok
map-088,20260917-pre-reveal-feasible-neighborhood:c0167,11.089960026434822,12.597279580345388,fail,True,False,153.00118016581803,-0.7820208086457541,1.0983952489287798,21.09663138294553,980.2649514961947,peak_field_ok
map-089,20260917-pre-reveal-feasible-neighborhood:c0168,11.089960026434822,12.682605234680445,fail,True,False,153.50831249537435,-0.9559738606652708,1.1938674341207847,19.05720741853645,977.2068299363384,peak_field_ok
map-090,20260917-pre-reveal-feasible-neighborhood:c0169,11.089960026434822,12.7679308890155,fail,True,False,154.0416607653819,-1.129926912684791,1.2873108492506304,17.10722290073369,974.0246695929341,peak_field_ok
map-091,20260917-pre-reveal-feasible-neighborhood:c0170,11.089960026434822,12.853256543350556,fail,True,False,154.60085887143973,-1.3038799647043042,1.3787790559899822,15.243783573698124,970.7239019814365,peak_field_ok
map-092,20260917-pre-reveal-feasible-neighborhood:c0171,11.089960026434822,12.93858219768561,fail,True,False,155.18557381360026,-1.477833016723821,1.468323855979465,13.46409926229552,967.3097462309486,peak_field_ok
map-093,20260917-pre-reveal-feasible-neighborhood:c0172,11.089960026434822,13.023907852020667,fail,True,False,155.79550191778958,-1.6517860687433306,1.5559952939816863,11.765476721668392,963.7872365116801,peak_field_ok
map-094,20260917-pre-reveal-feasible-neighborhood:c0173,11.089960026434822,13.109233506355721,fail,True,False,156.4303676603412,-1.8257391207628508,1.6418417459136734,10.145316634796131,960.1612240680804,peak_field_ok
map-095,20260917-pre-reveal-feasible-neighborhood:c0174,11.089960026434822,13.194559160690776,fail,True,False,157.08992211573437,-1.999692172782364,1.7259099851603708,8.601109952643867,956.4363841756967,peak_field_ok
map-096,20260917-pre-reveal-feasible-neighborhood:c0175,11.207952031721785,12.0,pass,True,True,149.87098972046164,0.810920016360047,0.1009534926297242,7.2788364642634065,1010.1331726448901,
map-097,20260917-pre-reveal-feasible-neighborhood:c0176,11.207952031721785,12.085325654335055,pass,True,True,150.1281656328573,0.6396353070322469,0.21599651313832702,10.204723985181715,1008.392338130891,
map-098,20260917-pre-reveal-feasible-neighborhood:c0177,11.207952031721785,12.170651308670111,pass,True,True,150.41570419188523,0.4683505977044504,0.3284998616549597,13.013233975617936,1006.4737631531451,
map-099,20260917-pre-reveal-feasible-neighborhood:c0178,11.207952031721785,12.217184408047014,pass,True,True,150.58505127569654,0.3749389683063775,0.38880984289380116,14.496804651255559,1005.3551778472998,
map-100,20260917-pre-reveal-feasible-neighborhood:c0179,11.207952031721785,12.255976963005166,pass,True,True,150.73288640079303,0.29706588837665393,0.43853446585209355,15.708229154538401,1004.3847638712516,
map-101,20260917-pre-reveal-feasible-neighborhood:c0180,11.207952031721785,12.341302617340222,pass,True,True,151.07904612111713,0.12578117904885033,0.5461686934001904,18.293433929341518,1002.1323976452147,
map-102,20260917-pre-reveal-feasible-neighborhood:c0181,11.207952031721785,12.426628271675277,fail,True,False,151.45356856846118,-0.045503530278942605,0.651468550311062,20.772436376410326,999.7234494073342,peak_field_ok
map-103,20260917-pre-reveal-feasible-neighborhood:c0182,11.207952031721785,12.511953926010333,fail,True,False,151.85588535189564,-0.2167882396067391,0.75449771739234,23.148696381982404,997.1644591665734,peak_field_ok
map-104,20260917-pre-reveal-feasible-neighborhood:c0183,11.207952031721785,12.597279580345388,fail,True,False,152.2854717694508,-0.3880729489345356,0.8553176633189867,24.574449812256887,994.4617274170741,peak_field_ok
map-105,20260917-pre-reveal-feasible-neighborhood:c0184,11.207952031721785,12.682605234680445,fail,True,False,152.74184396300197,-0.5593576582623392,0.9539877360980036,22.393784615545144,991.6213245841025,peak_field_ok
map-106,20260917-pre-reveal-feasible-neighborhood:c0185,11.207952031721785,12.7679308890155,fail,True,False,153.22455631398896,-0.7306423675901321,1.050565250165068,20.30620432629587,988.6491000381058,peak_field_ok
map-107,20260917-pre-reveal-feasible-neighborhood:c0186,11.207952031721785,12.853256543350556,fail,True,False,153.7331990571603,-0.9019270769179286,1.1451055693492957,18.308714589896738,985.5506907000799,peak_field_ok
map-108,20260917-pre-reveal-feasible-neighborhood:c0187,11.207952031721785,12.93858219768561,fail,True,False,154.26739647523772,-1.073211786245725,1.2376621996060333,16.398426687611277,982.3315253461426,peak_field_ok
map-109,20260917-pre-reveal-feasible-neighborhood:c0188,11.207952031721785,13.023907852020667,fail,True,False,154.8268032869183,-1.244496495573518,1.3282868069565978,14.572550789526474,978.9968488617227,peak_field_ok
map-110,20260917-pre-reveal-feasible-neighborhood:c0189,11.207952031721785,13.109233506355721,fail,True,False,155.4111053212823,-1.4157812049013216,1.4170293799740836,12.828396114400903,975.5517038974714,peak_field_ok
map-111,20260917-pre-reveal-feasible-neighborhood:c0190,11.207952031721785,13.194559160690776,fail,True,False,156.0200160540551,-1.5870659142291181,1.503938234479767,11.163364270448142,972.0009562093002,peak_field_ok
map-112,20260917-pre-reveal-feasible-neighborhood:c0191,11.251748216682868,12.0,pass,True,True,149.7651481181168,0.9472990920057818,0.00032521711097466266,5.516357437787008,1014.625752786161,
map-113,20260917-pre-reveal-feasible-neighborhood:c0192,11.251748216682868,12.085325654335055,pass,True,True,150.00264922935895,0.7769841021669066,0.11676089225530362,8.506531474996109,1012.9915969157569,
map-114,20260917-pre-reveal-feasible-neighborhood:c0193,11.251748216682868,12.170651308670111,pass,True,True,150.270727236174,0.6066691123280314,0.23062746847601368,11.377647704390938,1011.1761176877397,
map-115,20260917-pre-reveal-feasible-neighborhood:c0005,11.251748216682868,12.217184408047014,pass,True,True,150.42954219913497,0.5137863280199504,0.2916687896253922,12.894671145244502,1010.1122869821386,
map-116,20260917-pre-reveal-feasible-neighborhood:c0194,11.251748216682868,12.255976963005166,pass,True,True,150.5686376681913,0.43635412248915983,0.34199671486748606,14.133617676969607,1009.1867357081022,
map-117,20260917-pre-reveal-feasible-neighborhood:c0195,11.251748216682868,12.341302617340222,pass,True,True,150.895691818163,0.26603913265028467,0.45093786759417576,16.778210634573895,1007.0305942092756,
map-118,20260917-pre-reveal-feasible-neighborhood:c0196,11.251748216682868,12.426628271675277,pass,True,True,151.2512515584165,0.09572414281141661,0.5575176833076938,19.315061588311607,1004.714584525554,
map-119,20260917-pre-reveal-feasible-neighborhood:c0197,11.251748216682868,12.511953926010333,fail,True,False,151.63472786901048,-0.07459084702745855,0.6618006261664782,21.747673369961433,1002.2453339626655,peak_field_ok
map-120,20260917-pre-reveal-feasible-neighborhood:c0198,11.251748216682868,12.597279580345388,fail,True,False,152.04557618297463,-0.24490583686633371,0.7638489057112618,24.079424378051783,999.6292316284236,peak_field_ok
map-121,20260917-pre-reveal-feasible-neighborhood:c0199,11.251748216682868,12.682605234680445,fail,True,False,152.48329381722476,-0.4152208267052053,0.8637225850828507,23.686427013724995,996.872433838371,peak_field_ok
map-122,20260917-pre-reveal-feasible-neighborhood:c0200,11.251748216682868,12.7679308890155,fail,True,False,152.94741727787644,-0.585535816544084,0.9614796691767715,21.546737640620336,993.9808732363196,peak_field_ok
map-123,20260917-pre-reveal-feasible-neighborhood:c0201,11.251748216682868,12.853256543350556,fail,True,False,153.43751979178208,-0.7558508063829592,1.0571761886161557,19.498474953015773,990.9602675009348,peak_field_ok
map-124,20260917-pre-reveal-feasible-neighborhood:c0202,11.251748216682868,12.93858219768561,fail,True,False,153.9532094710826,-0.9261657962218344,1.1508662952842226,17.538713335421107,987.8161232438761,peak_field_ok
map-125,20260917-pre-reveal-feasible-neighborhood:c0203,11.251748216682868,13.023907852020667,fail,True,False,154.49412544717222,-1.096480786060706,1.2426022735176403,15.664626982924347,984.5537624460615,peak_field_ok
map-126,20260917-pre-reveal-feasible-neighborhood:c0204,11.251748216682868,13.109233506355721,fail,True,False,155.0599387721101,-1.2667957758995776,1.3324347154644496,13.873490530817321,981.17830093426,peak_field_ok
map-127,20260917-pre-reveal-feasible-neighborhood:c0205,11.251748216682868,13.194559160690776,fail,True,False,155.65034869695342,-1.4371107657384528,1.4204125182429017,12.16267199503568,977.6946760766242,peak_field_ok
map-128,20260917-pre-reveal-feasible-neighborhood:c0206,11.32594403700875,12.0,fail,True,False,149.61639601391303,1.1748505618620086,-0.17185578872023832,2.4514479894021406,1022.081134489598,divertor_heat_ok
map-129,20260917-pre-reveal-feasible-neighborhood:c0207,11.32594403700875,12.085325654335055,fail,True,False,149.82056882545214,1.006153570194833,-0.05303651511907859,5.552046587107611,1020.6316630366255,divertor_heat_ok
map-130,20260917-pre-reveal-feasible-neighborhood:c0208,11.32594403700875,12.170651308670111,pass,True,True,150.05571255716038,0.8374565785276538,0.06316325108729792,8.530709908803772,1018.9947248976606,
map-131,20260917-pre-reveal-feasible-neighborhood:c0209,11.32594403700875,12.217184408047014,pass,True,True,150.19671674595952,0.745456183816259,0.1254562825638157,10.105202193900652,1018.0257362530735,
map-132,20260917-pre-reveal-feasible-neighborhood:c0210,11.32594403700875,12.255976963005166,pass,True,True,150.32103882219903,0.6687595868604816,0.17681674435539918,11.391432024135497,1017.1779129633362,
map-133,20260917-pre-reveal-feasible-neighborhood:c0211,11.32594403700875,12.341302617340222,pass,True,True,150.615817733539,0.5000625951933095,0.28799461648693914,14.138061824315457,1015.1885366008074,
map-134,20260917-pre-reveal-feasible-neighborhood:c0212,11.32594403700875,12.426628271675277,pass,True,True,150.93937225901493,0.3313656035261374,0.39676498162632434,16.774311622145945,1013.0336500272953,
map-135,20260917-pre-reveal-feasible-neighborhood:c0213,11.32594403700875,12.511953926010333,pass,True,True,151.29107687559244,0.1626686118589582,0.5031936219438311,19.30375867657733,1010.7200362416685,
map-136,20260917-pre-reveal-feasible-neighborhood:c0214,11.32594403700875,12.597279580345388,fail,True,False,151.6703524818952,-0.0060283798082174656,0.6073440160163397,21.729853479248618,1008.2542359308492,peak_field_ok
map-137,20260917-pre-reveal-feasible-neighborhood:c0215,11.32594403700875,12.682605234680445,fail,True,False,152.07666371309827,-0.17472537147539313,0.709277451945157,24.05592414662118,1005.6425523223112,peak_field_ok
map-138,20260917-pre-reveal-feasible-neighborhood:c0216,11.32594403700875,12.7679308890155,fail,True,False,152.5095160853543,-0.34342236314256525,0.8090531173232165,23.714818671368562,1002.8910604879247,peak_field_ok
map-139,20260917-pre-reveal-feasible-neighborhood:c0217,11.32594403700875,12.853256543350556,fail,True,False,152.96845338117146,-0.5121193548097409,0.9067281849347903,21.57927710911241,1000.005616224673,peak_field_ok
map-140,20260917-pre-reveal-feasible-neighborhood:c0218,11.32594403700875,12.93858219768561,fail,True,False,153.4530552529704,-0.6808163464769166,1.0023578944153222,19.534461617696422,996.9918645347097,peak_field_ok
map-141,20260917-pre-reveal-feasible-neighborhood:c0219,11.32594403700875,13.023907852020667,fail,True,False,153.96293544844727,-0.8495133381440887,1.0959956455912518,17.577487402430734,993.8552433183308,peak_field_ok
map-142,20260917-pre-reveal-feasible-neighborhood:c0220,11.32594403700875,13.109233506355721,fail,True,False,154.49773801997065,-1.0182103298112644,1.1876930076997212,15.705567414079667,990.6010095683938,peak_field_ok
map-143,20260917-pre-reveal-feasible-neighborhood:c0221,11.32594403700875,13.194559160690776,fail,True,False,155.05713825126628,-1.18690732147844,1.2774998926603303,13.91601307970626,987.2342177257349,peak_field_ok
map-144,20260917-pre-reveal-feasible-neighborhood:c0222,11.443936042295714,12.0,fail,True,False,149.4581158804955,1.527948458206815,-0.45011738639993304,-2.629728581244194,1033.5253056770644,divertor_heat_ok;sustainment_ok
map-145,20260917-pre-reveal-feasible-neighborhood:c0223,11.443936042295714,12.085325654335055,fail,True,False,149.60920067198947,1.3617621589604667,-0.3274441086505391,0.6504251418108424,1032.3798652946898,divertor_heat_ok
map-146,20260917-pre-reveal-feasible-neighborhood:c0224,11.443936042295714,12.170651308670111,fail,True,False,149.79196549460775,1.1955758597141184,-0.20747195252684314,3.803987297402614,1031.0369970776278,divertor_heat_ok
map-147,20260917-pre-reveal-feasible-neighborhood:c0225,11.443936042295714,12.217184408047014,fail,True,False,149.90467668438473,1.1049446932944242,-0.14315515446761573,5.471947929491705,1030.224284485383,divertor_heat_ok
map-148,20260917-pre-reveal-feasible-neighborhood:c0226,11.443936042295714,12.255976963005166,fail,True,False,150.0055483579671,1.0293895604677736,-0.09012531129881118,6.835085209020349,1029.504572382339,divertor_heat_ok
map-149,20260917-pre-reveal-feasible-neighborhood:c0227,11.443936042295714,12.341302617340222,pass,True,True,150.2491500363826,0.8632032612214289,0.02466873897867572,9.747697181226215,1027.790174221695,
map-150,20260917-pre-reveal-feasible-neighborhood:c0228,11.443936042295714,12.426628271675277,pass,True,True,150.5220295425379,0.6970169619750877,0.13698055267644627,12.545658632865582,1025.901108888966,
map-151,20260917-pre-reveal-feasible-neighborhood:c0229,11.443936042295714,12.511953926010333,pass,True,True,150.82350034179902,0.5308306627287394,0.24687803642042283,15.232667353835666,1023.8444132725061,
map-152,20260917-pre-reveal-feasible-neighborhood:c0230,11.443936042295714,12.597279580345388,pass,True,True,151.15292520210505,0.3646443634823946,0.3544266925969257,17.81229150636466,1021.6268810756487,
map-153,20260917-pre-reveal-feasible-neighborhood:c0231,11.443936042295714,12.682605234680445,pass,True,True,151.50971494353468,0.19845806423604628,0.4596898094329891,20.28797112181917,1019.2550483625502,
map-154,20260917-pre-reveal-feasible-neighborhood:c0232,11.443936042295714,12.7679308890155,pass,True,True,151.89332378890748,0.03227176498969797,0.5627284892142352,22.663025813006982,1016.7352202619286,
map-155,20260917-pre-reveal-feasible-neighborhood:c0233,11.443936042295714,12.853256543350556,fail,True,False,152.3032468942788,-0.13391453425664324,0.6636017537946959,24.940658904279758,1014.0734756464785,peak_field_ok
map-156,20260917-pre-reveal-feasible-neighborhood:c0234,11.443936042295714,12.93858219768561,fail,True,False,152.73901772370627,-0.30010083350299155,0.7623666289208604,22.876037964464615,1011.2756758828235,peak_field_ok
map-157,20260917-pre-reveal-feasible-neighborhood:c0235,11.443936042295714,13.023907852020667,fail,True,False,153.20020564238428,-0.4662871327493292,0.8590782246068596,20.78408044342717,1008.3474731887901,peak_field_ok
map-158,20260917-pre-reveal-feasible-neighborhood:c0236,11.443936042295714,13.109233506355721,fail,True,False,153.68641370777246,-0.6324734319956775,0.953789811771868,18.780587277153415,1005.2943186188992,peak_field_ok
map-159,20260917-pre-reveal-feasible-neighborhood:c0237,11.443936042295714,13.194559160690776,fail,True,False,154.1972770266383,-0.7986597312420258,1.0465529095327337,16.86277694344784,1002.1214656530311,peak_field_ok
map-160,20260917-pre-reveal-feasible-neighborhood:c0238,11.561928047582677,12.0,fail,True,False,149.394780582911,1.8706902748360754,-0.7338855837855665,-7.968940813155655,1044.4491301013777,divertor_heat_ok;sustainment_ok
map-161,20260917-pre-reveal-feasible-neighborhood:c0239,11.561928047582677,12.085325654335055,fail,True,False,149.4925175315814,1.7069410314040532,-0.6072795799001991,-4.504345578249911,1043.6205331928843,divertor_heat_ok;sustainment_ok
map-162,20260917-pre-reveal-feasible-neighborhood:c0240,11.561928047582677,12.170651308670111,fail,True,False,149.6227487308997,1.5431917879720274,-0.4834581109117604,-1.1710973471198827,1042.5843100779,divertor_heat_ok;sustainment_ok
map-163,20260917-pre-reveal-feasible-neighborhood:c0241,11.561928047582677,12.217184408047014,fail,True,False,149.70712498667146,1.4538896914701525,-0.4170763350840687,0.5929015198989305,1041.9346335842301,divertor_heat_ok
map-164,20260917-pre-reveal-feasible-neighborhood:c0242,11.561928047582677,12.255976963005166,fail,True,False,149.78453346566113,1.3794425445400051,-0.36234314580927496,2.035066969733805,1041.348616212477,divertor_heat_ok
map-165,20260917-pre-reveal-feasible-neighborhood:c0243,11.561928047582677,12.341302617340222,fail,True,False,149.97699891351212,1.2156933011079794,-0.24385942285405626,5.118256876765372,1039.92130955406,divertor_heat_ok
map-166,20260917-pre-reveal-feasible-neighborhood:c0244,11.561928047582677,12.426628271675277,fail,True,False,150.19933515406015,1.0519440576759642,-0.12793433271823496,8.082434613466603,1038.309962566963,divertor_heat_ok
map-167,20260917-pre-reveal-feasible-neighborhood:c0245,11.561928047582677,12.511953926010333,fail,True,False,150.45079063034737,0.888194814243942,-0.014497807315517974,10.931421173860883,1036.5218736586335,divertor_heat_ok
map-168,20260917-pre-reveal-feasible-neighborhood:c0246,11.561928047582677,12.597279580345388,pass,True,True,150.73066837663518,0.7244455708119197,0.0965178015300232,13.668901402376093,1034.564073970677,
map-169,20260917-pre-reveal-feasible-neighborhood:c0247,11.561928047582677,12.682605234680445,pass,True,True,151.0383207513734,0.5606963273798939,0.20517775798789373,16.298432119932613,1032.4433548683382,
map-170,20260917-pre-reveal-feasible-neighborhood:c0248,11.561928047582677,12.7679308890155,pass,True,True,151.37314833731924,0.3969470839478717,0.3115451396833322,18.82344317998303,1030.1662511097604,
map-171,20260917-pre-reveal-feasible-neighborhood:c0249,11.561928047582677,12.853256543350556,pass,True,True,151.73459516930575,0.2331978405158459,0.41568085811305266,21.247245332508783,1027.7390689351564,
map-172,20260917-pre-reveal-feasible-neighborhood:c0250,11.561928047582677,12.93858219768561,pass,True,True,152.12214628227088,0.06944859708382367,0.517643764328076,23.573034210348226,1025.1678902139033,
map-173,20260917-pre-reveal-feasible-neighborhood:c0251,11.561928047582677,13.023907852020667,fail,True,False,152.53532507510482,-0.09430064634819146,0.6174907319037466,24.19610514364939,1022.4585810662882,peak_field_ok
map-174,20260917-pre-reveal-feasible-neighborhood:c0252,11.561928047582677,13.109233506355721,fail,True,False,152.97369089310627,-0.2580498897802137,0.7152767360499315,22.057193954296224,1019.6168001003983,peak_field_ok
map-175,20260917-pre-reveal-feasible-neighborhood:c0253,11.561928047582677,13.194559160690776,fail,True,False,153.43683680869847,-0.42179913321223594,0.81105492906525,20.007355585909522,1016.6480062843525,peak_field_ok
map-176,20260917-pre-reveal-feasible-neighborhood:c0254,11.679920052869642,12.0,fail,True,False,149.42537162627465,2.2035250304093275,-1.0232149386003417,-13.57040822076965,1054.836054749855,divertor_heat_ok;sustainment_ok
map-177,20260917-pre-reveal-feasible-neighborhood:c0255,11.679920052869642,12.085325654335055,fail,True,False,149.4693247820486,2.0421423989193634,-0.8925965009783745,-9.916443747576977,1054.3372554702014,divertor_heat_ok;sustainment_ok
map-178,20260917-pre-reveal-feasible-neighborhood:c0256,11.679920052869642,12.170651308670111,fail,True,False,149.54669628066316,1.880759767429403,-0.764847846509392,-6.398680900677505,1053.6203957294745,divertor_heat_ok;sustainment_ok
map-179,20260917-pre-reveal-feasible-neighborhood:c0257,11.679920052869642,12.217184408047014,fail,True,False,149.6026041295441,1.792748323657289,-0.6963593721319832,-4.536051637086132,1053.140592430667,divertor_heat_ok;sustainment_ok
map-180,20260917-pre-reveal-feasible-neighborhood:c0258,11.679920052869642,12.255976963005166,fail,True,False,149.65646125626895,1.7193771359394425,-0.6398884515952634,-3.0127188574896877,1052.693917057827,divertor_heat_ok;sustainment_ok
map-181,20260917-pre-reveal-feasible-neighborhood:c0259,11.679920052869642,12.341302617340222,fail,True,False,149.7976680970698,1.557994504449475,-0.5176406659852493,0.24568553618263422,1051.565957908374,divertor_heat_ok
map-182,20260917-pre-reveal-feasible-neighborhood:c0260,11.679920052869642,12.426628271675277,fail,True,False,149.96943325248245,1.3966118729595216,-0.3980295764646158,3.380623704131608,1050.2443622466806,divertor_heat_ok
map-183,20260917-pre-reveal-feasible-neighborhood:c0261,11.679920052869642,12.511953926010333,fail,True,False,150.1709362290027,1.2352292414695611,-0.2809828921388835,6.396041540791657,1048.7366913602505,divertor_heat_ok
map-184,20260917-pre-reveal-feasible-neighborhood:c0262,11.679920052869642,12.597279580345388,fail,True,False,150.40141503862023,1.0738466099796007,-0.16643083526719238,9.295745319332752,1047.0502351112202,divertor_heat_ok
map-185,20260917-pre-reveal-feasible-neighborhood:c0263,11.679920052869642,12.682605234680445,fail,True,False,150.66016205320145,0.9124639784896331,-0.05430603734116879,12.083407322670553,1045.1920226631246,divertor_heat_ok
map-186,20260917-pre-reveal-feasible-neighborhood:c0264,11.679920052869642,12.7679308890155,pass,True,True,150.94652055147895,0.7510813469996727,0.05545657407331106,14.762570623804152,1043.1688289470346,
map-187,20260917-pre-reveal-feasible-neighborhood:c0265,11.679920052869642,12.853256543350556,pass,True,True,151.2598799040012,0.5896987155097086,0.1629198103856151,17.336656654051637,1040.987200088526,
map-188,20260917-pre-reveal-feasible-neighborhood:c0266,11.679920052869642,12.93858219768561,pass,True,True,151.59967454477808,0.42831608401975174,0.2681444046284778,19.808966262731815,1038.6534382146667,
map-189,20260917-pre-reveal-feasible-neighborhood:c0267,11.679920052869642,13.023907852020667,pass,True,True,151.96537960181635,0.2669334525297913,0.3711890322372362,22.18268704332644,1036.1736274272346,
map-190,20260917-pre-reveal-feasible-neighborhood:c0268,11.679920052869642,13.109233506355721,pass,True,True,152.35650863683938,0.10555082103983082,0.4721104097268807,24.460897087989167,1033.5536378234412,
map-191,20260917-pre-reveal-feasible-neighborhood:c0269,11.679920052869642,13.194559160690776,fail,True,False,152.7726112167851,-0.05583181045013319,0.5709633725569034,23.353430760919252,1030.7991336147443,peak_field_ok
map-192,20260917-pre-reveal-feasible-neighborhood:c0270,11.797912058156607,12.0,fail,True,False,149.5492133684566,2.5268761553502266,-1.3181602142757427,-19.438324685929388,1064.6695103286688,divertor_heat_ok;sustainment_ok
map-193,20260917-pre-reveal-feasible-neighborhood:c0271,11.797912058156607,12.085325654335055,fail,True,False,149.53876650611855,2.3677927027198997,-1.1834487106553926,-15.590020095364366,1064.513620610106,divertor_heat_ok;sustainment_ok
map-194,20260917-pre-reveal-feasible-neighborhood:c0272,11.797912058156607,12.170651308670111,fail,True,False,149.56277913172207,2.208709250089562,-1.0516940325495945,-11.882873806003204,1064.1289828045267,divertor_heat_ok;sustainment_ok
map-195,20260917-pre-reveal-feasible-neighborhood:c0273,11.797912058156607,12.217184408047014,fail,True,False,149.58999277913242,2.1219516838199937,-0.9810566297867265,-9.918999935721672,1063.825967458615,divertor_heat_ok;sustainment_ok
map-196,20260917-pre-reveal-feasible-neighborhood:c0274,11.797912058156607,12.255976963005166,fail,True,False,149.62013455237272,2.049625797459232,-0.9228131728588878,-8.312342419569859,1063.524345547458,divertor_heat_ok;sustainment_ok
map-197,20260917-pre-reveal-feasible-neighborhood:c0275,11.797912058156607,12.341302617340222,fail,True,False,149.70979688457476,1.8905423448289014,-0.7967260246874233,-4.874047265832701,1062.708129431058,divertor_heat_ok;sustainment_ok
map-198,20260917-pre-reveal-feasible-neighborhood:c0276,11.797912058156607,12.426628271675277,fail,True,False,149.83080368401704,1.731458892198578,-0.6733553214643457,-1.5637653471929411,1061.6884553931702,divertor_heat_ok;sustainment_ok
map-199,20260917-pre-reveal-feasible-neighborhood:c0277,11.797912058156607,12.511953926010333,fail,True,False,149.98226075465212,1.5723754395682406,-0.5526265017511349,1.6225764370500997,1060.4731528550922,divertor_heat_ok
map-200,20260917-pre-reveal-feasible-neighborhood:c0278,11.797912058156607,12.597279580345388,fail,True,False,150.16333713025395,1.4132919869379137,-0.4344675966260638,4.688907375368899,1059.0697713397742,divertor_heat_ok
map-201,20260917-pre-reveal-feasible-neighborhood:c0279,11.797912058156607,12.682605234680445,fail,True,False,150.37326050889826,1.2542085343075797,-0.31880912248215054,7.639018742937651,1057.485591544865,divertor_heat_ok
map-202,20260917-pre-reveal-feasible-neighborhood:c0280,11.797912058156607,12.7679308890155,fail,True,False,150.6113130937612,1.0951250816772458,-0.20558397894127012,10.476569330390134,1055.7276359010284,divertor_heat_ok
map-203,20260917-pre-reveal-feasible-neighborhood:c0281,11.797912058156607,12.853256543350556,fail,True,False,150.87682815142725,0.9360416290469153,-0.0947273360231069,13.205090074581278,1053.8026745389905,divertor_heat_ok
map-204,20260917-pre-reveal-feasible-neighborhood:c0282,11.797912058156607,12.93858219768561,pass,True,True,151.16918508317937,0.7769581764165849,0.013823393564507569,15.82799175851602,1051.7172519743572,
map-205,20260917-pre-reveal-feasible-neighborhood:c0283,11.797912058156607,13.023907852020667,pass,True,True,151.48780853989632,0.6178747237862545,0.12012874447943744,18.348565644077382,1049.4776695984767,
map-206,20260917-pre-reveal-feasible-neighborhood:c0284,11.797912058156607,13.109233506355721,pass,True,True,151.83216393372004,0.4587912711559241,0.22424721197028852,20.769990954893785,1047.0900130194157,
map-207,20260917-pre-reveal-feasible-neighborhood:c0285,11.797912058156607,13.194559160690776,pass,True,True,152.20175519365887,0.2997078185255937,0.3262353508384628,23.095338495805038,1044.5601555721755,
map-208,20260917-pre-reveal-feasible-neighborhood:c0286,11.91590406344357,12.0,fail,True,False,149.76596563465404,2.841143288989791,-1.6187764536744265,-25.57685569426326,1073.9329263307989,divertor_heat_ok;sustainment_ok
map-209,20260917-pre-reveal-feasible-neighborhood:c0287,11.91590406344357,12.085325654335055,fail,True,False,149.70031964344207,2.6842944237606083,-1.4798902418399162,-21.529200475963194,1074.133196541053,divertor_heat_ok;sustainment_ok
map-210,20260917-pre-reveal-feasible-neighborhood:c0288,11.91590406344357,12.170651308670111,fail,True,False,149.67029642660435,2.527445558531422,-1.3440498016909395,-17.62775964968273,1074.0937965849928,divertor_heat_ok;sustainment_ok
map-211,20260917-pre-reveal-feasible-neighborhood:c0289,11.91590406344357,12.217184408047014,fail,True,False,149.6684962846238,2.4419066442419,-1.2712207306622574,-15.560005167779877,1073.9745620266337,divertor_heat_ok;sustainment_ok
map-212,20260917-pre-reveal-feasible-neighborhood:c0290,11.91590406344357,12.255976963005166,fail,True,False,149.67468212227084,2.370596693302243,-1.2111694961208315,-13.86784803627927,1073.8237658420157,divertor_heat_ok;sustainment_ok
map-213,20260917-pre-reveal-feasible-neighborhood:c0291,11.91590406344357,12.341302617340222,fail,True,False,149.71234875868663,2.2137478280730605,-1.0811667764924344,-10.244946521058864,1073.3318289673498,divertor_heat_ok;sustainment_ok
map-214,20260917-pre-reveal-feasible-neighborhood:c0292,11.91590406344357,12.426628271675277,fail,True,False,149.7822494596972,2.056898962843885,-0.953961954831863,-6.7546987666387395,1072.626385177437,divertor_heat_ok;sustainment_ok
map-215,20260917-pre-reveal-feasible-neighborhood:c0293,11.91590406344357,12.511953926010333,fail,True,False,149.8834109928821,1.9000500976146988,-0.8294781508982325,-3.392902134994756,1071.7155374208376,divertor_heat_ok;sustainment_ok
map-216,20260917-pre-reveal-feasible-neighborhood:c0294,11.91590406344357,12.597279580345388,fail,True,False,150.01492857963262,1.7432012323855197,-0.7076411580107624,-0.1555020724865699,1070.6071000609977,divertor_heat_ok;sustainment_ok
map-217,20260917-pre-reveal-feasible-neighborhood:c0295,11.91590406344357,12.682605234680445,fail,True,False,150.17596086140094,1.586352367156337,-0.5883793324952222,2.961413860677908,1069.30861030706,divertor_heat_ok
map-218,20260917-pre-reveal-feasible-neighborhood:c0296,11.91590406344357,12.7679308890155,fail,True,False,150.36572531929423,1.4295035019271545,-0.47162348840645407,5.9616216825626225,1067.8273391113996,divertor_heat_ok
map-219,20260917-pre-reveal-feasible-neighborhood:c0297,11.91590406344357,12.853256543350556,fail,True,False,150.58349410048655,1.2726546366979683,-0.35730679724321845,8.848766418044704,1066.170301563091,divertor_heat_ok
map-220,20260917-pre-reveal-feasible-neighborhood:c0298,11.91590406344357,12.93858219768561,fail,True,False,150.8285902103064,1.1158057714687928,-0.24536469238747927,11.62636727777101,1064.344266804731,divertor_heat_ok
map-221,20260917-pre-reveal-feasible-neighborhood:c0299,11.91590406344357,13.023907852020667,fail,True,False,151.10038435433285,0.9589569062396137,-0.1357347637538222,14.297822009012577,1062.3557637328108,divertor_heat_ok
map-222,20260917-pre-reveal-feasible-neighborhood:c0300,11.91590406344357,13.109233506355721,fail,True,False,151.3982904239805,0.8021080410104311,-0.028356730380707518,16.86641407394552,1060.211105702709,divertor_heat_ok
map-223,20260917-pre-reveal-feasible-neighborhood:c0301,11.91590406344357,13.194559160690776,pass,True,True,151.72176466275988,0.6452591757812449,0.07682773552058109,19.33531331354385,1057.9163746747947,
map-224,20260917-pre-reveal-feasible-neighborhood:c0302,12.033896068730535,12.0,fail,True,False,150.41471790097106,3.146703927344756,-1.9251189180689359,-31.990140612543314,1082.6097127200053,divertor_heat_ok;sustainment_ok
map-225,20260917-pre-reveal-feasible-neighborhood:c0303,12.033896068730535,12.085325654335055,fail,True,False,149.953787860302,2.9920277422327963,-1.7819754019631588,-27.738082897781737,1083.1795471228386,divertor_heat_ok;sustainment_ok
map-226,20260917-pre-reveal-feasible-neighborhood:c0304,12.033896068730535,12.170651308670111,fail,True,False,149.86887105517883,2.8373515571208365,-1.6419684693923227,-23.637397888820146,1083.4985376070133,divertor_heat_ok;sustainment_ok
map-227,20260917-pre-reveal-feasible-neighborhood:c0305,12.033896068730535,12.217184408047014,fail,True,False,149.83764143569843,2.7529975331271643,-1.5669044848322127,-21.463105043202745,1083.570156575592,divertor_heat_ok;sustainment_ok
map-228,20260917-pre-reveal-feasible-neighborhood:c0306,12.033896068730535,12.255976963005166,fail,True,False,149.81955124958773,2.6826753720088803,-1.5050098605303486,-19.683253743868022,1083.5760354880817,divertor_heat_ok;sustainment_ok
map-229,20260917-pre-reveal-feasible-neighborhood:c0307,12.033896068730535,12.341302617340222,fail,True,False,149.80460274066846,2.5279991868969205,-1.3710144496449228,-15.870991386869719,1083.421055536965,divertor_heat_ok;sustainment_ok
map-230,20260917-pre-reveal-feasible-neighborhood:c0308,12.033896068730535,12.426628271675277,fail,True,False,149.82288721622456,2.3733230017849607,-1.2399000988076185,-12.196117917726838,1083.0422862353923,divertor_heat_ok;sustainment_ok
map-231,20260917-pre-reveal-feasible-neighborhood:c0309,12.033896068730535,12.511953926010333,fail,True,False,149.87334585968708,2.2186468166730045,-1.1115875903537535,-8.654297696101366,1082.4481168881564,divertor_heat_ok;sustainment_ok
map-232,20260917-pre-reveal-feasible-neighborhood:c0310,12.033896068730535,12.597279580345388,fail,True,False,149.9549949942408,2.0639706315610447,-0.9860004162857692,-5.2413492284913445,1081.6466280621423,divertor_heat_ok;sustainment_ok
map-233,20260917-pre-reveal-feasible-neighborhood:c0311,12.033896068730535,12.682605234680445,fail,True,False,150.06691930284998,1.9092944464490884,-0.8630647274070071,-1.953236714883019,1080.6456185858974,divertor_heat_ok;sustainment_ok
map-234,20260917-pre-reveal-feasible-neighborhood:c0312,12.033896068730535,12.7679308890155,fail,True,False,150.20826709612354,1.754618261337125,-0.7427092083110463,1.2139352105468788,1079.4526128422651,divertor_heat_ok
map-235,20260917-pre-reveal-feasible-neighborhood:c0313,12.033896068730535,12.853256543350556,fail,True,False,150.37824571608454,1.5999420762251688,-0.6248649739925671,4.2639270668757945,1078.0748714941567,divertor_heat_ok
map-236,20260917-pre-reveal-feasible-neighborhood:c0314,12.033896068730535,12.93858219768561,fail,True,False,150.57611734735283,1.445265891113209,-0.5094654713284754,7.200369856792861,1076.5194017167446,divertor_heat_ok
map-237,20260917-pre-reveal-feasible-neighborhood:c0315,12.033896068730535,13.023907852020667,fail,True,False,150.8011951945925,1.2905897060012563,-0.39644638517030195,10.02677015341743,1074.7929669628027,divertor_heat_ok
map-238,20260917-pre-reveal-feasible-neighborhood:c0316,12.033896068730535,13.109233506355721,fail,True,False,151.05284033410317,1.135913520889293,-0.28574553317193185,12.74651431163278,1072.902092186309,divertor_heat_ok
map-239,20260917-pre-reveal-feasible-neighborhood:c0317,12.033896068730535,13.194559160690776,fail,True,False,151.3304570890152,0.9812373357773367,-0.17730284548280295,15.362875783835648,1070.8530897921887,divertor_heat_ok
map-240,20260917-pre-reveal-feasible-neighborhood:c0318,12.1518880740175,12.0,fail,True,False,152.0180691988874,3.4439149358163874,-2.2372430911703276,-38.68229260128305,1090.683257302461,divertor_heat_ok;sustainment_ok
map-241,20260917-pre-reveal-feasible-neighborhood:c0319,12.1518880740175,12.085325654335055,fail,True,False,150.93522427630046,3.291352061018884,-2.0897587083687768,-34.22073993680715,1091.63621299152,divertor_heat_ok;sustainment_ok
map-242,20260917-pre-reveal-feasible-neighborhood:c0320,12.1518880740175,12.170651308670111,fail,True,False,150.15844468948265,3.1387891862213735,-1.945503621222196,-29.9158206634238,1092.326899616036,divertor_heat_ok;sustainment_ok
map-243,20260917-pre-reveal-feasible-neighborhood:c0321,12.1518880740175,12.217184408047014,fail,True,False,150.09727088225642,3.0555876746771276,-1.8681609689971488,-27.632310253063906,1092.5965248810046,divertor_heat_ok;sustainment_ok
map-244,20260917-pre-reveal-feasible-neighborhood:c0322,12.1518880740175,12.255976963005166,fail,True,False,150.05450467572572,2.9862263114238665,-1.8043868769088522,-25.76255418236292,1092.7649831754145,divertor_heat_ok;sustainment_ok
map-245,20260917-pre-reveal-feasible-neighborhood:c0323,12.1518880740175,12.341302617340222,fail,True,False,149.9861488416898,2.8336634366263596,-1.6663207527216528,-21.756137691670347,1092.959782708965,divertor_heat_ok;sustainment_ok
map-246,20260917-pre-reveal-feasible-neighborhood:c0324,12.1518880740175,12.426628271675277,fail,True,False,149.95213989043114,2.681100561828856,-1.531220619767991,-17.891938870008858,1092.9202844061572,divertor_heat_ok;sustainment_ok
map-247,20260917-pre-reveal-feasible-neighborhood:c0325,12.1518880740175,12.511953926010333,fail,True,False,149.95132822939402,2.528537687031349,-1.3990047982500293,-14.165489462849337,1092.6551514085977,divertor_heat_ok;sustainment_ok
map-248,20260917-pre-reveal-feasible-neighborhood:c0326,12.1518880740175,12.597279580345388,fail,True,False,149.9826439965927,2.375974812233842,-1.269594496527871,-10.57247635787951,1092.1727516154092,divertor_heat_ok;sustainment_ok
map-249,20260917-pre-reveal-feasible-neighborhood:c0327,12.1518880740175,12.682605234680445,fail,True,False,150.0450927765431,2.2234119374363353,-1.142913596321046,-7.108738813212767,1091.4811465183807,divertor_heat_ok;sustainment_ok
map-250,20260917-pre-reveal-feasible-neighborhood:c0328,12.1518880740175,12.7679308890155,fail,True,False,150.13774874005898,2.0708490626388283,-1.0188886083976332,-3.7702599723397725,1090.5881189690317,divertor_heat_ok;sustainment_ok
map-251,20260917-pre-reveal-feasible-neighborhood:c0329,12.1518880740175,12.853256543350556,fail,True,False,150.25974991045572,1.9182861878413213,-0.8974485483969072,-0.5531617521118051,1089.501180046327,divertor_heat_ok;sustainment_ok
map-252,20260917-pre-reveal-feasible-neighborhood:c0330,12.1518880740175,12.93858219768561,fail,True,False,150.4102935505195,1.7657233130438144,-0.7785248352922061,2.54630064214723,1088.2275796143747,divertor_heat_ok
map-253,20260917-pre-reveal-feasible-neighborhood:c0331,12.1518880740175,13.023907852020667,fail,True,False,150.58863195758727,1.613160438246311,-0.6620511946042544,5.531743950817258,1086.7743163968694,divertor_heat_ok
map-254,20260917-pre-reveal-feasible-neighborhood:c0332,12.1518880740175,13.109233506355721,fail,True,False,150.79406862559227,1.4605975634488075,-0.5479635661165201,8.406661856458186,1085.1481475941218,divertor_heat_ok
map-255,20260917-pre-reveal-feasible-neighborhood:c0333,12.1518880740175,13.194559160690776,fail,True,False,151.02595473757557,1.308034688651297,-0.43620001585255075,11.174429755091694,1083.3555980672988,divertor_heat_ok
