arm_id,case_id,role,beam_energy_mj,frequency_hz,discount_rate,discounted_cost,discounted_energy,construction_factor,operation_factor,net_electric_mw,hawker_mixed_dollars_per_mwh,meier_1988_cents_per_kwh,net_positive,viability,hawker_price_eligible,meier_price_eligible,model_feasible
arm-ife,20260911-ife-zero-discount:c0000,response,5.0,4.6,-0.0001,58253525420.72947,275453385.37331903,5.001500350070013,40.10216199470083,871.2317857142856,211.48233608303303,5.589991561584082,satisfied,satisfied,True,True,True
arm-ife,20260911-ife-zero-discount:c0001,response,5.0,4.6,-1e-08,58111272048.12978,274751726.00454044,5.0000001500000035,40.00001020000162,871.2317857142856,211.5046660240797,5.589991561584082,satisfied,satisfied,True,True,True
arm-ife,20260911-ife-zero-discount:c0002,response,5.0,4.6,-1e-12,58111257845.23841,274751655.94986326,5.000000000015,40.000000001020005,871.2317857142856,211.50466825882413,5.589991561584082,satisfied,satisfied,True,True,True
arm-ife,20260911-ife-zero-discount:c0003,response,5.0,4.6,-1e-14,58111257843.83218,274751655.9429272,5.00000000000015,40.0000000000102,871.2317857142856,211.50466825904533,5.589991561584082,satisfied,satisfied,True,True,True
arm-ife,20260911-ife-zero-discount:c0004,response,5.0,4.6,-1e-16,58111257843.81812,274751655.9428578,5.000000000000002,40.00000000000011,871.2317857142856,211.5046682590476,5.589991561584082,satisfied,satisfied,True,True,True
arm-ife,20260911-ife-zero-discount:c0005,response,5.0,4.6,-1e-18,58111257843.81798,274751655.9428571,5.0,40.0,871.2317857142856,211.50466825904763,5.589991561584082,satisfied,satisfied,True,True,True
arm-ife,20260911-ife-zero-discount:c0006,response,5.0,4.6,0.0,58111257843.81798,274751655.9428571,5.0,40.0,871.2317857142856,211.50466825904763,5.589991561584082,satisfied,satisfied,True,True,True
arm-ife,20260911-ife-zero-discount:c0007,response,5.0,4.6,1e-18,58111257843.81798,274751655.9428571,5.0,40.0,871.2317857142856,211.50466825904763,5.589991561584082,satisfied,satisfied,True,True,True
arm-ife,20260911-ife-zero-discount:c0008,response,5.0,4.6,1e-16,58111257843.81784,274751655.9428564,4.999999999999999,39.9999999999999,871.2317857142856,211.50466825904766,5.589991561584082,satisfied,satisfied,True,True,True
arm-ife,20260911-ife-zero-discount:c0009,response,5.0,4.6,1e-14,58111257843.80377,274751655.94278705,4.99999999999985,39.999999999989804,871.2317857142856,211.50466825904982,5.589991561584082,satisfied,satisfied,True,True,True
arm-ife,20260911-ife-zero-discount:c0010,response,5.0,4.6,1e-12,58111257842.39754,274751655.9358509,4.9999999999849996,39.99999999898,871.2317857142856,211.50466825927109,5.589991561584082,satisfied,satisfied,True,True,True
arm-ife,20260911-ife-zero-discount:c0011,response,5.0,4.6,1e-08,58111243639.51065,274751585.88119596,4.999999850000004,39.99998980000162,871.2317857142856,211.50467049401584,5.589991561584082,satisfied,satisfied,True,True,True
arm-ife,20260911-ife-zero-discount:c0012,response,5.0,4.6,0.0001,57969438690.682,274052149.2559111,4.998500349930014,39.89816160568052,871.2317857142856,211.52703544955554,5.589991561584082,satisfied,satisfied,True,True,True
arm-ife,20260911-ife-zero-discount:c0013,baseline,5.0,4.6,0.08,13415949859.392103,55744991.735617585,3.9927100370780857,8.115691466072393,871.2317857142856,240.66646063955096,5.589991561584082,satisfied,satisfied,True,True,True
arm-ife,20260911-ife-zero-discount:c0014,counterexample,5.0,4.6,-1e-09,53892317983.64836,-14506560.369917268,5.000000015,40.00000102000002,-45.99999999999994,0.0,0.0,violated,satisfied,False,False,False
arm-ife,20260911-ife-zero-discount:c0015,counterexample,5.0,4.6,0.0,53892316629.53226,-14506559.999999981,5.0,40.0,-45.99999999999994,0.0,0.0,violated,satisfied,False,False,False
arm-ife,20260911-ife-zero-discount:c0016,counterexample,5.0,4.6,1e-09,53892315275.41621,-14506559.630082706,4.999999985,39.999998980000015,-45.99999999999994,0.0,0.0,violated,satisfied,False,False,False
arm-ife,20260911-ife-zero-discount:c0017,zero,5.0,5.0,-1e-09,58729548739.31723,0.0,5.000000015,40.00000102000002,0.0,0.0,0.0,violated,satisfied,False,False,False
arm-ife,20260911-ife-zero-discount:c0018,zero,5.0,5.0,0.0,58729547264.0,0.0,5.0,40.0,0.0,0.0,0.0,violated,satisfied,False,False,False
arm-ife,20260911-ife-zero-discount:c0019,zero,5.0,5.0,1e-09,58729545788.682816,0.0,4.999999985,39.999998980000015,0.0,0.0,0.0,violated,satisfied,False,False,False
