scenario,load_MW,offer,architecture,financial_case,financial_parent_scan_id,financial_parent_case,native_main_selected_case,same_selected_parent,main_improvement_since_parent_MW,native_main_flow_kg_s,endpoint_flow_kg_s
linear-area-price,1650.0,A,network,case-01171,5162,case-00077,case-00077,True,0.0,1174.1392578125,1174.1392578125
linear-area-price,1650.0,A,series,case-01167,119,case-00011,case-00011,True,0.0,1228.7046875,1228.7046875
linear-area-price,1650.0,B,network,case-01175,10342,case-00108,case-00108,True,0.0,1134.8751953125,1134.8751953125
linear-area-price,1835.4512830147435,A,network,case-01183,15414,case-00207,case-00207,True,0.0,1293.291796875,1293.291796875
linear-area-price,1835.4512830147435,A,series,case-01179,10455,case-00123,case-00123,True,0.0,1353.80859375,1353.80859375
linear-area-price,1835.4512830147435,B,network,case-01191,20590,case-00254,case-00254,True,0.0,1245.934765625,1245.934765625
linear-area-price,1835.4512830147435,B,series,case-01187,15527,case-00216,case-00216,True,0.0,1290.7833984375,1290.7833984375
linear-area-price,1950.0,A,network,case-01199,25413,case-00338,case-00338,True,0.0,1367.626953125,1367.626953125
linear-area-price,1950.0,A,series,case-01195,20721,case-00279,case-00279,True,0.0,1431.57578125,1431.57578125
linear-area-price,1950.0,B,network,case-01207,30898,case-00404,case-00404,True,0.0,1315.466015625,1315.466015625
linear-area-price,1950.0,B,series,case-01203,25749,case-00366,case-00366,True,0.0,1361.61484375,1361.61484375
linear-area-price,2000.0,A,network,case-01260,88771,case-01234,case-01234,True,0.0,1400.1890625,1400.1890625
linear-area-price,2000.0,A,series,case-01211,31029,case-00429,case-00429,True,0.0,1465.63828125,1465.63828125
linear-area-price,2000.0,B,network,case-01223,41235,case-00562,case-00562,True,0.0,1346.0505859375,1346.0505859375
linear-area-price,2000.0,B,series,case-01219,36130,case-00512,case-00512,True,0.0,1392.571875,1392.571875
price-double,1650.0,A,network,case-01170,5162,case-00077,case-00077,True,0.0,1174.1392578125,1174.1392578125
price-double,1650.0,A,series,case-01166,119,case-00011,case-00011,True,0.0,1228.7046875,1228.7046875
price-double,1650.0,B,network,case-01174,10342,case-00108,case-00108,True,0.0,1134.8751953125,1134.8751953125
price-double,1835.4512830147435,A,network,case-01182,15414,case-00207,case-00207,True,0.0,1293.291796875,1293.291796875
price-double,1835.4512830147435,A,series,case-01178,10455,case-00123,case-00123,True,0.0,1353.80859375,1353.80859375
price-double,1835.4512830147435,B,network,case-01190,20590,case-00254,case-00254,True,0.0,1245.934765625,1245.934765625
price-double,1835.4512830147435,B,series,case-01186,15527,case-00216,case-00216,True,0.0,1290.7833984375,1290.7833984375
price-double,1950.0,A,network,case-01198,25413,case-00338,case-00338,True,0.0,1367.626953125,1367.626953125
price-double,1950.0,A,series,case-01194,20721,case-00279,case-00279,True,0.0,1431.57578125,1431.57578125
price-double,1950.0,B,network,case-01206,30898,case-00404,case-00404,True,0.0,1315.466015625,1315.466015625
price-double,1950.0,B,series,case-01202,25749,case-00366,case-00366,True,0.0,1361.61484375,1361.61484375
price-double,2000.0,A,network,case-01259,88771,case-01234,case-01234,True,0.0,1400.1890625,1400.1890625
price-double,2000.0,A,series,case-01210,31029,case-00429,case-00429,True,0.0,1465.63828125,1465.63828125
price-double,2000.0,B,network,case-01222,41235,case-00562,case-00562,True,0.0,1346.0505859375,1346.0505859375
price-double,2000.0,B,series,case-01218,36130,case-00512,case-00512,True,0.0,1392.571875,1392.571875
price-half,1650.0,A,network,case-01169,5162,case-00077,case-00077,True,0.0,1174.1392578125,1174.1392578125
price-half,1650.0,A,series,case-01165,119,case-00011,case-00011,True,0.0,1228.7046875,1228.7046875
price-half,1650.0,B,network,case-01173,10342,case-00108,case-00108,True,0.0,1134.8751953125,1134.8751953125
price-half,1835.4512830147435,A,network,case-01181,15414,case-00207,case-00207,True,0.0,1293.291796875,1293.291796875
price-half,1835.4512830147435,A,series,case-01177,10455,case-00123,case-00123,True,0.0,1353.80859375,1353.80859375
price-half,1835.4512830147435,B,network,case-01189,20590,case-00254,case-00254,True,0.0,1245.934765625,1245.934765625
price-half,1835.4512830147435,B,series,case-01185,15527,case-00216,case-00216,True,0.0,1290.7833984375,1290.7833984375
price-half,1950.0,A,network,case-01197,25413,case-00338,case-00338,True,0.0,1367.626953125,1367.626953125
price-half,1950.0,A,series,case-01193,20721,case-00279,case-00279,True,0.0,1431.57578125,1431.57578125
price-half,1950.0,B,network,case-01205,30898,case-00404,case-00404,True,0.0,1315.466015625,1315.466015625
price-half,1950.0,B,series,case-01201,25749,case-00366,case-00366,True,0.0,1361.61484375,1361.61484375
price-half,2000.0,A,network,case-01258,88771,case-01234,case-01234,True,0.0,1400.1890625,1400.1890625
price-half,2000.0,A,series,case-01209,31029,case-00429,case-00429,True,0.0,1465.63828125,1465.63828125
price-half,2000.0,B,network,case-01221,41235,case-00562,case-00562,True,0.0,1346.0505859375,1346.0505859375
price-half,2000.0,B,series,case-01217,36130,case-00512,case-00512,True,0.0,1392.571875,1392.571875
zero-tritium,1650.0,A,network,case-01168,5162,case-00077,case-00077,True,0.0,1174.1392578125,1174.1392578125
zero-tritium,1650.0,A,series,case-01164,119,case-00011,case-00011,True,0.0,1228.7046875,1228.7046875
zero-tritium,1650.0,B,network,case-01172,10342,case-00108,case-00108,True,0.0,1134.8751953125,1134.8751953125
zero-tritium,1835.4512830147435,A,network,case-01180,15414,case-00207,case-00207,True,0.0,1293.291796875,1293.291796875
zero-tritium,1835.4512830147435,A,series,case-01176,10455,case-00123,case-00123,True,0.0,1353.80859375,1353.80859375
zero-tritium,1835.4512830147435,B,network,case-01188,20590,case-00254,case-00254,True,0.0,1245.934765625,1245.934765625
zero-tritium,1835.4512830147435,B,series,case-01184,15527,case-00216,case-00216,True,0.0,1290.7833984375,1290.7833984375
zero-tritium,1950.0,A,network,case-01196,25413,case-00338,case-00338,True,0.0,1367.626953125,1367.626953125
zero-tritium,1950.0,A,series,case-01192,20721,case-00279,case-00279,True,0.0,1431.57578125,1431.57578125
zero-tritium,1950.0,B,network,case-01204,30898,case-00404,case-00404,True,0.0,1315.466015625,1315.466015625
zero-tritium,1950.0,B,series,case-01200,25749,case-00366,case-00366,True,0.0,1361.61484375,1361.61484375
zero-tritium,2000.0,A,network,case-01257,88771,case-01234,case-01234,True,0.0,1400.1890625,1400.1890625
zero-tritium,2000.0,A,series,case-01208,31029,case-00429,case-00429,True,0.0,1465.63828125,1465.63828125
zero-tritium,2000.0,B,network,case-01220,41235,case-00562,case-00562,True,0.0,1346.0505859375,1346.0505859375
zero-tritium,2000.0,B,series,case-01216,36130,case-00512,case-00512,True,0.0,1392.571875,1392.571875
