kind,scenario,series_scenario,load_MW,offer,series_case,network_case,series_id,network_id,series_pass,network_pass,series_flow_kg_s,network_flow_kg_s,network_split,series_net_MW,network_net_MW,delta_net_MW,series_lcoe,network_lcoe,delta_lcoe,series_nonfuel_lcoe,network_nonfuel_lcoe,delta_nonfuel_lcoe,series_annual_cost_USD2004,network_annual_cost_USD2004,annual_budget_Bs0_pS0_pN0_USD2004,power_budget_Bs0_Bn0_pS0_MW,common_cost_coefficient_pS0_pN0,budget_slope_pN_USD2004_y_per_MW,availability,series_loss,network_loss
matched,U0.8,U0.8,1835.4512830147435,B,case-00668,case-00726,20260927-exchanger-thermal-comparison-b:c0668,20260927-exchanger-thermal-comparison-b:c0726,True,True,1321.423046875,1293.0232421875,0.69,476.822775492897,496.23716252505164,19.41438703215465,993.3023123188993,954.4411447409476,-38.86116757795173,108.87213157307349,104.61270511532894,-4.259426457744553,3526642766.0405507,3526642766.0405507,143591311.2860093,19.41438703215465,0.04071614870343754,-7396129.017526524,0.85,0.045,0.045
matched,approach15,approach15,1835.4512830147435,B,case-00571,case-00629,20260927-exchanger-thermal-comparison-b:c0571,20260927-exchanger-thermal-comparison-b:c0629,True,True,1290.7833984375,1245.934765625,0.741,497.7683418397662,528.4273102692056,30.65896842943937,951.5051996132637,896.2995595782534,-55.20564003501033,104.29090720922488,98.24002458172356,-6.050882627501323,3526642766.0405507,3526642766.0405507,217215962.00015736,30.65896842943937,0.06159284521012909,-7084907.716320361,0.85,0.045,0.045
matched,linear-area-price,linear-area-price,1650.0,A,case-01167,case-01171,20260927-exchanger-thermal-comparison-b:c1167,20260927-exchanger-thermal-comparison-b:c1171,True,True,1228.7046875,1174.1392578125,0.7965,389.7776327688102,427.07909953269535,37.30146676388517,1101.2553769913945,1005.0707571204107,-96.18461987098385,128.04479227428646,116.86124672374547,-11.183545550540998,3196156139.830669,3196156139.830669,305870070.51991415,37.30146676388523,0.09569935170192245,-8199947.537077925,0.85,0.045,0.045
matched,linear-area-price,linear-area-price,1835.4512830147435,A,case-01179,case-01183,20260927-exchanger-thermal-comparison-b:c1179,20260927-exchanger-thermal-comparison-b:c1183,True,True,1353.80859375,1293.291796875,0.787,454.683695728257,496.0535758825512,41.36988015429415,1037.2605263062321,950.7550645005726,-86.50546180565948,109.7664079225608,100.61210814225069,-9.154299780310112,3511723097.2298265,3511723097.2298265,319517864.9077649,41.36988015429415,0.09098606469280335,-7723441.8788762055,0.85,0.045,0.045
matched,linear-area-price,linear-area-price,1835.4512830147435,B,case-01187,case-01191,20260927-exchanger-thermal-comparison-b:c1187,20260927-exchanger-thermal-comparison-b:c1191,True,True,1290.7833984375,1245.934765625,0.741,497.7683418397662,528.4273102692056,30.65896842943937,947.869355819757,892.8746647987608,-54.99469102099613,100.65506341571813,94.81512980223101,-5.839933613487119,3513166936.146993,3513166936.146993,216385947.29544544,30.65896842943937,0.06159284521012909,-7057835.22343391,0.85,0.045,0.045
matched,linear-area-price,linear-area-price,1950.0,A,case-01195,case-01199,20260927-exchanger-thermal-comparison-b:c1195,20260927-exchanger-thermal-comparison-b:c1199,True,True,1431.57578125,1367.626953125,0.7805,494.4371739712621,538.1532246021002,43.71605063083808,1006.8073730961398,925.0209225358653,-81.78645056027449,100.94102678441857,92.74123751269383,-8.19978927172474,3706641080.5696387,3706641080.5696387,327725579.0600095,43.71605063083808,0.08841578451659649,-7496687.700073858,0.85,0.045,0.045
matched,linear-area-price,linear-area-price,1950.0,B,case-01203,case-01207,20260927-exchanger-thermal-comparison-b:c1203,20260927-exchanger-thermal-comparison-b:c1207,True,True,1361.61484375,1315.466015625,0.727,542.263161969784,573.8109567562633,31.547794786479244,918.3675661670852,867.8762481208456,-50.4913180462396,92.39592051987904,87.31604620701,-5.079874312869038,3708084919.4868054,3708084919.4868054,215729022.90811825,31.547794786479244,0.058178015766147784,-6838164.897680118,0.85,0.045,0.045
matched,linear-area-price,linear-area-price,2000.0,A,case-01211,case-01260,20260927-exchanger-thermal-comparison-b:c1211,20260927-exchanger-thermal-comparison-b:c1260,True,True,1465.63828125,1400.1890625,0.77775,511.7090833204451,556.4508157974171,44.74173247697206,995.1540604106024,915.1381533794345,-80.0159070311679,97.53392630279177,89.69165756280495,-7.842268739986821,3791721904.026134,3791721904.026134,331532530.0777879,44.74173247697206,0.08743587701560052,-7409917.133817347,0.85,0.045,0.045
matched,linear-area-price,linear-area-price,2000.0,B,case-01219,case-01223,20260927-exchanger-thermal-comparison-b:c1219,20260927-exchanger-thermal-comparison-b:c1223,True,True,1392.571875,1346.0505859375,0.721,561.6580004128889,593.4604131924782,31.802412779589304,906.9990628354113,858.394711229507,-48.6043516059043,89.20535980505326,84.42501454257649,-4.7803452624767715,3793165742.9433007,3793165742.9433007,214778072.43874502,31.802412779589304,0.05662238008932574,-6753515.021872473,0.85,0.045,0.045
matched,loss0.02,loss0.02,1835.4512830147435,B,case-00778,case-00828,20260927-exchanger-thermal-comparison-b:c0778,20260927-exchanger-thermal-comparison-b:c0828,True,True,1273.083203125,1229.1685546875,0.741,523.1768775311842,553.1148866204984,29.938009089314164,905.2945300228394,856.2943737733369,-49.000156249502425,99.22592947049054,93.85520658770292,-5.370722882787618,3526642766.0405507,3526642766.0405507,201806822.35558653,29.938009089314164,0.057223494338259906,-6740823.070550062,0.85,0.02,0.02
matched,loss0.08,loss0.08,1835.4512830147435,B,case-00831,case-00891,20260927-exchanger-thermal-comparison-b:c0831,20260927-exchanger-thermal-comparison-b:c0891,True,True,1317.529296875,1271.2458984375,0.7405,459.4116867596946,491.18176815992194,31.770081400227355,1030.9471419936954,964.264547598605,-66.6825943950904,112.99823980676138,105.68941136593378,-7.308828440827597,3526642766.0405507,3526642766.0405507,243880882.82403088,31.770081400227355,0.06915383808432685,-7676432.419285056,0.85,0.08,0.08
matched,main,main,1650.0,A,case-00011,case-00077,20260927-exchanger-thermal-comparison-b:c0011,20260927-exchanger-thermal-comparison-b:c0077,True,True,1228.7046875,1174.1392578125,0.7965,389.7776327688102,427.07909953269535,37.30146676388517,1106.396041208635,1009.7624311724724,-96.63361003616274,133.18545649152702,121.55292077580714,-11.632535715719882,3211075808.641393,3211075808.641393,307297873.1527076,37.30146676388517,0.09569935170192245,-8238224.922839497,0.85,0.045,0.045
matched,main,main,1835.4512830147435,A,case-00123,case-00207,20260927-exchanger-thermal-comparison-b:c0123,20260927-exchanger-thermal-comparison-b:c0207,True,True,1353.80859375,1293.291796875,0.787,454.683695728257,496.0535758825512,41.36988015429415,1041.6673610977152,954.7943780482888,-86.87298304942647,114.17324271404391,104.65142168996681,-9.521821024077099,3526642766.0405507,3526642766.0405507,320875346.8593726,41.36988015429415,0.09098606469280335,-7756255.170733588,0.85,0.045,0.045
matched,main,main,1835.4512830147435,B,case-00216,case-00254,20260927-exchanger-thermal-comparison-b:c0216,20260927-exchanger-thermal-comparison-b:c0254,True,True,1290.7833984375,1245.934765625,0.741,497.7683418397662,528.4273102692056,30.65896842943937,951.5051996132637,896.2995595782534,-55.20564003501033,104.29090720922488,98.24002458172356,-6.050882627501323,3526642766.0405507,3526642766.0405507,217215962.00015736,30.65896842943937,0.06159284521012909,-7084907.716320361,0.85,0.045,0.045
matched,main,main,1950.0,A,case-00279,case-00338,20260927-exchanger-thermal-comparison-b:c0279,20260927-exchanger-thermal-comparison-b:c0338,True,True,1431.57578125,1367.626953125,0.7805,494.4371739712621,538.1532246021002,43.71605063083808,1010.8598918688723,928.7442411705103,-82.11565069836195,104.99354555715104,96.46455614733884,-8.528989409812198,3721560749.380363,3721560749.380363,329044713.2826376,43.71605063083808,0.08841578451659649,-7526862.7548556235,0.85,0.045,0.045
matched,main,main,1950.0,B,case-00366,case-00404,20260927-exchanger-thermal-comparison-b:c0366,20260927-exchanger-thermal-comparison-b:c0404,True,True,1361.61484375,1315.466015625,0.727,542.263161969784,573.8109567562633,31.547794786479244,921.7050747112911,871.030262374099,-50.674812337192066,95.73342906408493,90.47006046026343,-5.263368603821505,3721560749.380363,3721560749.380363,216513019.95212746,31.547794786479244,0.058178015766147784,-6863015.986300275,0.85,0.045,0.045
matched,main,main,2000.0,A,case-00429,case-01234,20260927-exchanger-thermal-comparison-b:c0429,20260927-exchanger-thermal-comparison-b:c1234,True,True,1465.63828125,1400.1890625,0.77775,511.7090833204451,556.4508157974171,44.74173247697206,999.0697929914144,918.7390393383919,-80.3307536530225,101.44965888360377,93.29254352176235,-8.15711536184142,3806641572.8368583,3806641572.8368583,332837044.4050355,44.74173247697206,0.08743587701560052,-7439073.6786140725,0.85,0.045,0.045
matched,main,main,2000.0,B,case-00512,case-00562,20260927-exchanger-thermal-comparison-b:c0512,20260927-exchanger-thermal-comparison-b:c0562,True,True,1392.571875,1346.0505859375,0.721,561.6580004128889,593.4604131924782,31.802412779589304,910.2213225289469,861.4442961656724,-48.777026363274445,92.4276194985888,87.47459947874188,-4.953020019846917,3806641572.8368583,3806641572.8368583,215541106.00099754,31.802412779589304,0.05662238008932574,-6777507.9675505385,0.85,0.045,0.045
matched,post-pump-return,post-pump-return,1835.4512830147435,B,case-01058,case-01112,20260927-exchanger-thermal-comparison-b:c1058,20260927-exchanger-thermal-comparison-b:c1112,True,True,1290.7833984375,1247.894140625,0.7345,497.7683418361121,527.0878621587635,29.319520322651442,951.5051996202486,898.5772571646673,-52.927942455581274,104.29090720999056,98.4896744498817,-5.80123276010886,3526642766.0405507,3526642766.0405507,207726095.77429008,29.319520322651442,0.0589019386297267,-7084907.716372371,0.85,0.045,0.045
matched,price-double,price-double,1650.0,A,case-01166,case-01170,20260927-exchanger-thermal-comparison-b:c1166,20260927-exchanger-thermal-comparison-b:c1170,True,True,1228.7046875,1174.1392578125,0.7965,389.7776327688102,427.07909953269535,37.30146676388517,1112.6145866327165,1015.4378433322242,-97.17674330049226,139.40400191560843,127.22833293555902,-12.175668980049409,3229123795.105979,3229123795.105979,309025053.75689363,37.30146676388517,0.09569935170192245,-8284528.212067206,0.85,0.045,0.045
matched,price-double,price-double,1835.4512830147435,A,case-01178,case-01182,20260927-exchanger-thermal-comparison-b:c1178,20260927-exchanger-thermal-comparison-b:c1182,True,True,1353.80859375,1293.291796875,0.787,454.683695728257,496.0535758825512,41.36988015429415,1046.9982096357994,959.6806444366549,-87.3175651991445,119.50409125212809,109.53768807833296,-9.966403173795129,3544690752.5051365,3544690752.5051365,322517462.12341404,41.369880154294094,0.09098606469280335,-7795948.668948162,0.85,0.045,0.045
matched,price-double,price-double,1835.4512830147435,B,case-01186,case-01190,20260927-exchanger-thermal-comparison-b:c1186,20260927-exchanger-thermal-comparison-b:c1190,True,True,1290.7833984375,1245.934765625,0.741,497.7683418397662,528.4273102692056,30.65896842943937,956.3746332652817,900.8864722293594,-55.4881610359223,109.16034086124284,102.82693723282955,-6.3334036284132935,3544690752.5051365,3544690752.5051365,218327588.8368249,30.65896842943937,0.06159284521012909,-7121165.519293286,0.85,0.045,0.045
matched,price-double,price-double,1950.0,A,case-01194,case-01198,20260927-exchanger-thermal-comparison-b:c1194,20260927-exchanger-thermal-comparison-b:c1198,True,True,1431.57578125,1367.626953125,0.7805,494.4371739712621,538.1532246021002,43.71605063083808,1015.7621323197584,933.2482556479036,-82.51387667185475,109.89578600803713,100.96857062473214,-8.927215383304997,3739608735.844949,3739608735.844949,330640440.1648488,43.71605063083808,0.08841578451659649,-7563364.8372529205,0.85,0.045,0.045
matched,price-double,price-double,1950.0,B,case-01202,case-01206,20260927-exchanger-thermal-comparison-b:c1202,20260927-exchanger-thermal-comparison-b:c1206,True,True,1361.61484375,1315.466015625,0.727,542.263161969784,573.8109567562633,31.547794786479244,926.1749522258526,875.254388606135,-50.920563619717655,100.20330657864645,94.69418669229935,-5.509119886347094,3739608735.844949,3739608735.844949,217563015.99321127,31.547794786479244,0.058178015766147784,-6896298.694273698,0.85,0.045,0.045
matched,price-double,price-double,2000.0,A,case-01210,case-01259,20260927-exchanger-thermal-comparison-b:c1210,20260927-exchanger-thermal-comparison-b:c1259,True,True,1465.63828125,1400.1890625,0.77775,511.7090833204451,556.4508157974171,44.74173247697206,1003.8065662746549,923.0949497726147,-80.71161650204021,106.18643216684427,97.64845395598513,-8.537978210859137,3824689559.301444,3824689559.301444,334415085.9299326,44.74173247697206,0.08743587701560052,-7474343.69248108,0.85,0.045,0.045
matched,price-double,price-double,2000.0,B,case-01218,case-01222,20260927-exchanger-thermal-comparison-b:c1218,20260927-exchanger-thermal-comparison-b:c1222,True,True,1392.571875,1346.0505859375,0.721,561.6580004128889,593.4604131924782,31.802412779589304,914.5368489042179,865.5285617051796,-49.00828719903825,96.74314587385982,91.5588650182491,-5.184280855610723,3824689559.301444,3824689559.301444,216563025.9504423,31.802412779589304,0.05662238008932574,-6809641.376940805,0.85,0.045,0.045
matched,price-half,price-half,1650.0,A,case-01165,case-01169,20260927-exchanger-thermal-comparison-b:c1165,20260927-exchanger-thermal-comparison-b:c1169,True,True,1228.7046875,1174.1392578125,0.7965,389.7776327688102,427.07909953269535,37.30146676388517,1103.2867684965945,1006.9247250925964,-96.36204340399809,130.07618377948643,118.7152146959312,-11.360969083555233,3202051815.4091005,3202051815.4091005,306434282.85061455,37.30146676388523,0.09569935170192245,-8215073.278225644,0.85,0.045,0.045
matched,price-half,price-half,1835.4512830147435,A,case-01177,case-01181,20260927-exchanger-thermal-comparison-b:c1177,20260927-exchanger-thermal-comparison-b:c1181,True,True,1353.80859375,1293.291796875,0.787,454.683695728257,496.0535758825512,41.36988015429415,1039.001936828673,952.3512448541057,-86.65069197456728,111.5078184450017,102.20828849578379,-9.299529949217913,3517618772.808258,3517618772.808258,320054289.22735167,41.36988015429415,0.09098606469280335,-7736408.421626301,0.85,0.045,0.045
matched,price-half,price-half,1835.4512830147435,B,case-01185,case-01189,20260927-exchanger-thermal-comparison-b:c1185,20260927-exchanger-thermal-comparison-b:c1189,True,True,1290.7833984375,1245.934765625,0.741,497.7683418397662,528.4273102692056,30.65896842943937,949.0704827872547,894.0061032527003,-55.064379534554405,101.8561903832159,95.94656825617051,-5.909622127045395,3517618772.808258,3517618772.808258,216660148.58182335,30.65896842943937,0.06159284521012909,-7066778.814833899,0.85,0.045,0.045
matched,price-half,price-half,1950.0,A,case-01193,case-01197,20260927-exchanger-thermal-comparison-b:c1193,20260927-exchanger-thermal-comparison-b:c1197,True,True,1431.57578125,1367.626953125,0.7805,494.4371739712621,538.1532246021002,43.71605063083808,1008.4087716434293,926.4922339318138,-81.91653771161555,102.54242533170805,94.21254890864225,-8.329876423065798,3712536756.1480703,3712536756.1480703,328246849.84153175,43.71605063083808,0.08841578451659649,-7508611.713656975,0.85,0.045,0.045
matched,price-half,price-half,1950.0,B,case-01201,case-01205,20260927-exchanger-thermal-comparison-b:c1201,20260927-exchanger-thermal-comparison-b:c1205,True,True,1361.61484375,1315.466015625,0.727,542.263161969784,573.8109567562633,31.547794786479244,919.4701359540104,868.9181992580811,-50.55193669592927,93.49849030680423,88.35799734424552,-5.14049296255871,3712536756.1480703,3712536756.1480703,215988021.9315858,31.547794786479244,0.058178015766147784,-6846374.632313563,0.85,0.045,0.045
matched,price-half,price-half,2000.0,A,case-01209,case-01258,20260927-exchanger-thermal-comparison-b:c1209,20260927-exchanger-thermal-comparison-b:c1258,True,True,1465.63828125,1400.1890625,0.77775,511.7090833204451,556.4508157974171,44.74173247697206,996.7014063497943,916.5610841212805,-80.14032222851381,99.0812722419837,91.11458830465097,-7.966683937332732,3797617579.6045656,3797617579.6045656,332048023.6425872,44.74173247697206,0.08743587701560052,-7421438.67168057,0.85,0.045,0.045
matched,price-half,price-half,2000.0,B,case-01217,case-01221,20260927-exchanger-thermal-comparison-b:c1217,20260927-exchanger-thermal-comparison-b:c1221,True,True,1392.571875,1346.0505859375,0.721,561.6580004128889,593.4604131924782,31.802412779589304,908.0635593413115,859.4021633959189,-48.66139594539254,90.2698563109534,85.43246670898839,-4.837389601965015,3797617579.6045656,3797617579.6045656,215030146.02627516,31.802412779589304,0.05662238008932574,-6761441.262855406,0.85,0.045,0.045
matched,pump0.8,pump0.8,1835.4512830147435,B,case-00904,case-00950,20260927-exchanger-thermal-comparison-b:c0904,20260927-exchanger-thermal-comparison-b:c0950,True,True,1270.6236328125,1226.65390625,0.743,523.1607465961672,553.218886034655,30.058139438487842,905.3224435223327,856.1333993101252,-49.18904421220748,99.2289889642135,93.83756278206465,-5.391426182148848,3526642766.0405507,3526642766.0405507,202622847.18621492,30.058139438487842,0.05745488290942058,-6741030.914467289,0.85,0.045,0.045
matched,pump1.2,pump1.2,1835.4512830147435,B,case-00959,case-01001,20260927-exchanger-thermal-comparison-b:c0959,20260927-exchanger-thermal-comparison-b:c1001,True,True,1310.973828125,1265.1974609375,0.7385,472.3549748222597,503.648151639827,31.293176817567314,1002.6975277261126,940.396909869165,-62.30061785694761,109.90190580724743,103.07336933825388,-6.828536468993548,3526642766.0405507,3526642766.0405507,233637542.80692863,31.293176817567257,0.06624927964258753,-7466085.791448635,0.85,0.045,0.045
matched,zero-tritium,zero-tritium,1650.0,A,case-01164,case-01168,20260927-exchanger-thermal-comparison-b:c1164,20260927-exchanger-thermal-comparison-b:c1168,True,True,1228.7046875,1174.1392578125,0.7965,389.7776327688102,427.07909953269535,37.30146676388517,122.54522552953902,111.84201700876483,-10.703208520774197,122.52369774009969,111.8223694755196,-10.701328264580098,355661078.4078203,355661078.4078203,34036534.62923503,37.30146676388517,0.09569935170192245,-912471.7492929474,0.85,0.045,0.045
matched,zero-tritium,zero-tritium,1835.4512830147435,A,case-01176,case-01180,20260927-exchanger-thermal-comparison-b:c1176,20260927-exchanger-thermal-comparison-b:c1180,True,True,1353.80859375,1293.291796875,0.787,454.683695728257,496.0535758825512,41.36988015429415,105.05397812274293,96.29268560118935,-8.761292521553585,105.03344921292134,96.27386876155596,-8.75958045136538,355668100.8032462,355668100.8032462,32360840.828850687,41.36988015429415,0.09098606469280335,-782231.9211019438,0.85,0.045,0.045
matched,zero-tritium,zero-tritium,1835.4512830147435,B,case-01184,case-01188,20260927-exchanger-thermal-comparison-b:c1184,20260927-exchanger-thermal-comparison-b:c1188,True,True,1290.7833984375,1245.934765625,0.741,497.7683418397662,528.4273102692056,30.65896842943937,95.96096619415063,90.3933806893323,-5.567585504818325,95.94221417679161,90.37571665038966,-5.566497526401946,355668100.8032462,355668100.8032462,21906610.278954923,30.65896842943937,0.06159284521012909,-714525.3542816455,0.85,0.045,0.045
matched,zero-tritium,zero-tritium,1950.0,A,case-01192,case-01196,20260927-exchanger-thermal-comparison-b:c1192,20260927-exchanger-thermal-comparison-b:c1196,True,True,1431.57578125,1367.626953125,0.7805,494.4371739712621,538.1532246021002,43.71605063083808,96.60866147253154,88.76080524267553,-7.847856229856006,96.58860493768825,88.74237796963465,-7.8462269680536,355672438.3649666,355672438.3649666,31447057.668969333,43.71605063083808,0.08841578451659649,-719348.0933244699,0.85,0.045,0.045
matched,zero-tritium,zero-tritium,1950.0,B,case-01200,case-01204,20260927-exchanger-thermal-comparison-b:c1200,20260927-exchanger-thermal-comparison-b:c1204,True,True,1361.61484375,1315.466015625,0.727,542.263161969784,573.8109567562633,31.547794786479244,88.0880666614165,83.24503566409714,-4.84303099731936,88.0697790529211,83.22775349774808,-4.842025555173024,355672438.3649666,355672438.3649666,20692316.72678125,31.547794786479244,0.058178015766147784,-655903.7443609075,0.85,0.045,0.045
matched,zero-tritium,zero-tritium,2000.0,A,case-01208,case-01257,20260927-exchanger-thermal-comparison-b:c1208,20260927-exchanger-thermal-comparison-b:c1257,True,True,1465.63828125,1400.1890625,0.77775,511.7090833204451,556.4508157974171,44.74173247697206,93.34828986019524,85.84256950983057,-7.505720350364669,93.32841338935279,85.8242912175077,-7.504122171845083,355674331.6911576,355674331.6911576,31098697.123353958,44.74173247697212,0.08743587701560052,-695071.3662990136,0.85,0.045,0.045
matched,zero-tritium,zero-tritium,2000.0,B,case-01216,case-01220,20260927-exchanger-thermal-comparison-b:c1216,20260927-exchanger-thermal-comparison-b:c1220,True,True,1392.571875,1346.0505859375,0.721,561.6580004128889,593.4604131924782,31.802412779589304,85.046714902622,80.4892234966973,-4.557491405924694,85.02860607008162,80.4720850819887,-4.556520988092927,355674331.6911576,355674331.6911576,20139127.197033644,31.802412779589304,0.05662238008932574,-633257.8391649232,0.85,0.045,0.045
differential-network-loss,loss0.02,main,1835.4512830147435,B,case-00216,case-00828,20260927-exchanger-thermal-comparison-b:c0216,20260927-exchanger-thermal-comparison-b:c0828,True,True,1290.7833984375,1229.1685546875,0.741,497.7683418397662,553.1148866204984,55.34654478073219,951.5051996132637,856.2943737733369,-95.21082583992677,104.29090720922488,93.85520658770292,-10.43570062152196,3526642766.0405507,3526642766.0405507,392125162.1886797,55.34654478073219,0.11118936285937697,-7084907.716320361,0.85,0.045,0.02
differential-network-loss,loss0.08,main,1835.4512830147435,B,case-00216,case-00891,20260927-exchanger-thermal-comparison-b:c0216,20260927-exchanger-thermal-comparison-b:c0891,True,True,1290.7833984375,1271.2458984375,0.7405,497.7683418397662,491.18176815992194,-6.586573679844264,951.5051996132637,964.264547598605,12.759347985341265,104.29090720922488,105.68941136593378,1.3985041567088956,3526642766.0405507,3526642766.0405507,-46665266.68844128,-6.586573679844264,-0.013232206884632558,-7084907.716320361,0.85,0.045,0.08
