load,offer,mode,scenario,best_scan_id,stability_pass,edge_passes,flow_halving,split_halving,final_neighborhood_change,refinement,native_selected_case,native_selected_id,stability_basis,additional_refinement,final_split_check,final_split_check_source,original_split_halving_superseded,scan_to_native,lower_native_failure_case,native_flow_bracket_kg_s
1650.0,A,0,main,119,True,[],"{""after_scan_id"": 119, ""before_scan_id"": 98, ""delta_lcoe"": -0.012127933508509159, ""delta_net"": 0.004272561740776837, ""fixed_split"": 0.85}",,"{""after"": {""lcoe"": 1106.4081691551107, ""net"": 389.7733602025011, ""scan_id"": 98}, ""before"": {""lcoe"": 1106.4081691551107, ""net"": 389.7733602025011, ""scan_id"": 98}, ""delta_lcoe"": 0.0, ""delta_net"": 0.0}",[],case-00011,20260927-exchanger-thermal-comparison-b:c0011,recorded independent-scout refinement; final cases use native acceptance,[],,oracle-selection.json,False,"[{""native_case"": ""case-00001"", ""native_net_MW"": 389.77336020127126, ""native_pass"": true, ""scan_id"": 98}, {""native_case"": ""case-00011"", ""native_net_MW"": 389.7776327688102, ""native_pass"": true, ""scan_id"": 119}]",case-00007,0.006250000000136424
1650.0,A,1,main,5162,True,[],"{""after_scan_id"": 5162, ""before_scan_id"": 5037, ""delta_lcoe"": -0.010101912027607796, ""delta_net"": 0.004272561741231584, ""fixed_split"": 0.7965}","{""delta_lcoe"": -0.19734350317310145, ""delta_net"": 0.08344847150738133}","{""after"": {""lcoe"": 1009.7725330950406, ""net"": 427.074826966496, ""scan_id"": 5037}, ""before"": {""lcoe"": 1009.7725330950406, ""net"": 427.074826966496, ""scan_id"": 5037}, ""delta_lcoe"": 0.0, ""delta_net"": 0.0}","[{""lcoe"": 1010.3647951003802, ""net"": 426.8244815519726, ""scan_id"": 2748, ""spacing"": 0.005}, {""lcoe"": 1009.9698765982137, ""net"": 426.9913784949886, ""scan_id"": 4315, ""spacing"": 0.001}, {""lcoe"": 1009.7725330950406, ""net"": 427.074826966496, ""scan_id"": 5037, ""spacing"": 0.0005}]",case-00077,20260927-exchanger-thermal-comparison-b:c0077,recorded independent-scout refinement; final cases use native acceptance,"[{""after_scan_id"": 5162, ""before_scan_id"": 5162, ""delta_lcoe"": 0.0, ""delta_net"": 0.0, ""split_spacing"": 0.00025}]","{""after_scan_id"": 5162, ""before_scan_id"": 5162, ""delta_lcoe"": 0.0, ""delta_net"": 0.0, ""split_spacing"": 0.00025}",oracle-refinement-receipt.json,True,"[{""native_case"": null, ""native_net_MW"": null, ""native_pass"": null, ""scan_id"": 2748}, {""native_case"": ""case-00072"", ""native_net_MW"": 426.99137849832147, ""native_pass"": true, ""scan_id"": 4315}, {""native_case"": ""case-00062"", ""native_net_MW"": 427.0748269613675, ""native_pass"": true, ""scan_id"": 5037}, {""native_case"": ""case-00077"", ""native_net_MW"": 427.07909953269535, ""native_pass"": true, ""scan_id"": 5162}]",case-00065,0.006250000000136424
1650.0,B,0,main,,,[],,,,[],,,recorded independent-scout refinement; final cases use native acceptance,[],,oracle-selection.json,False,[],,
1650.0,B,1,main,10342,True,[],"{""after_scan_id"": 10342, ""before_scan_id"": 10342, ""delta_lcoe"": 0.0, ""delta_net"": 0.0, ""fixed_split"": 0.76}","{""delta_lcoe"": 0.0, ""delta_net"": 0.0}","{""after"": {""lcoe"": 950.0529814181318, ""net"": 453.92040052689043, ""scan_id"": 10342}, ""before"": {""lcoe"": 950.0708666527736, ""net"": 453.91185540340854, ""scan_id"": 8067}, ""delta_lcoe"": -0.017885234641767056, ""delta_net"": 0.008545123481894734}","[{""lcoe"": 950.0708666527736, ""net"": 453.91185540340854, ""scan_id"": 8067, ""spacing"": 0.005}, {""lcoe"": 950.0708666527736, ""net"": 453.91185540340854, ""scan_id"": 8067, ""spacing"": 0.001}, {""lcoe"": 950.0708666527736, ""net"": 453.91185540340854, ""scan_id"": 8067, ""spacing"": 0.0005}]",case-00108,20260927-exchanger-thermal-comparison-b:c0108,recorded independent-scout refinement; final cases use native acceptance,[],"{""delta_lcoe"": 0.0, ""delta_net"": 0.0}",oracle-selection.json,False,"[{""native_case"": ""case-00105"", ""native_net_MW"": 453.91185540325347, ""native_pass"": true, ""scan_id"": 8067}, {""native_case"": ""case-00108"", ""native_net_MW"": 453.92040053079614, ""native_pass"": true, ""scan_id"": 10342}]",case-00120,0.0062499999999090505
1835.4512830147435,A,0,main,10455,True,[],"{""after_scan_id"": 10455, ""before_scan_id"": 10455, ""delta_lcoe"": 0.0, ""delta_net"": 0.0, ""fixed_split"": 0.85}",,"{""after"": {""lcoe"": 1041.6673611110327, ""net"": 454.683695722444, ""scan_id"": 10455}, ""before"": {""lcoe"": 1041.6673611110327, ""net"": 454.683695722444, ""scan_id"": 10455}, ""delta_lcoe"": 0.0, ""delta_net"": 0.0}",[],case-00123,20260927-exchanger-thermal-comparison-b:c0123,recorded independent-scout refinement; final cases use native acceptance,[],,oracle-selection.json,False,"[{""native_case"": ""case-00123"", ""native_net_MW"": 454.683695728257, ""native_pass"": true, ""scan_id"": 10455}]",case-00133,0.0062499999999090505
1835.4512830147435,A,1,main,15414,True,[],"{""after_scan_id"": 15414, ""before_scan_id"": 15406, ""delta_lcoe"": -0.008223815462883977, ""delta_net"": 0.004272561741913705, ""fixed_split"": 0.787}","{""delta_lcoe"": 0.0, ""delta_net"": 0.0}","{""after"": {""lcoe"": 954.8026018553014, ""net"": 496.0493033251994, ""scan_id"": 15406}, ""before"": {""lcoe"": 954.8190499112302, ""net"": 496.04075820171727, ""scan_id"": 14712}, ""delta_lcoe"": -0.01644805592877674, ""delta_net"": 0.008545123482122108}","[{""lcoe"": 955.5263380296612, ""net"": 495.6735849270831, ""scan_id"": 13835, ""spacing"": 0.005}, {""lcoe"": 954.8190499112302, ""net"": 496.04075820171727, ""scan_id"": 14712, ""spacing"": 0.001}, {""lcoe"": 954.8190499112302, ""net"": 496.04075820171727, ""scan_id"": 14712, ""spacing"": 0.0005}]",case-00207,20260927-exchanger-thermal-comparison-b:c0207,recorded independent-scout refinement; final cases use native acceptance,[],"{""delta_lcoe"": 0.0, ""delta_net"": 0.0}",oracle-selection.json,False,"[{""native_case"": null, ""native_net_MW"": null, ""native_pass"": null, ""scan_id"": 13835}, {""native_case"": ""case-00192"", ""native_net_MW"": 496.0407582037909, ""native_pass"": true, ""scan_id"": 14712}, {""native_case"": ""case-00195"", ""native_net_MW"": 496.0493033275817, ""native_pass"": true, ""scan_id"": 15406}, {""native_case"": ""case-00207"", ""native_net_MW"": 496.0535758825512, ""native_pass"": true, ""scan_id"": 15414}]",case-00194,0.006250000000136424
1835.4512830147435,B,0,main,15527,True,[],"{""after_scan_id"": 15527, ""before_scan_id"": 15527, ""delta_lcoe"": 0.0, ""delta_net"": 0.0, ""fixed_split"": 0.85}",,"{""after"": {""lcoe"": 951.5051996161415, ""net"": 497.76834183826065, ""scan_id"": 15527}, ""before"": {""lcoe"": 951.5215342608403, ""net"": 497.7597967147784, ""scan_id"": 15513}, ""delta_lcoe"": -0.01633464469887258, ""delta_net"": 0.008545123482235795}",[],case-00216,20260927-exchanger-thermal-comparison-b:c0216,recorded independent-scout refinement; final cases use native acceptance,[],,oracle-selection.json,False,"[{""native_case"": ""case-00216"", ""native_net_MW"": 497.7683418397662, ""native_pass"": true, ""scan_id"": 15527}]",case-00220,0.0062499999999090505
1835.4512830147435,B,1,main,20590,True,[],"{""after_scan_id"": 20590, ""before_scan_id"": 20590, ""delta_lcoe"": 0.0, ""delta_net"": 0.0, ""fixed_split"": 0.741}","{""delta_lcoe"": 0.0, ""delta_net"": 0.0}","{""after"": {""lcoe"": 896.2995595765144, ""net"": 528.4273102702308, ""scan_id"": 20590}, ""before"": {""lcoe"": 896.3140537446234, ""net"": 528.4187651467482, ""scan_id"": 19724}, ""delta_lcoe"": -0.014494168108967642, ""delta_net"": 0.008545123482576855}","[{""lcoe"": 896.5405860223796, ""net"": 528.285247592335, ""scan_id"": 18017, ""spacing"": 0.005}, {""lcoe"": 896.3140537446234, ""net"": 528.4187651467482, ""scan_id"": 19724, ""spacing"": 0.001}, {""lcoe"": 896.3140537446234, ""net"": 528.4187651467482, ""scan_id"": 19724, ""spacing"": 0.0005}]",case-00254,20260927-exchanger-thermal-comparison-b:c0254,recorded independent-scout refinement; final cases use native acceptance,[],"{""delta_lcoe"": 0.0, ""delta_net"": 0.0}",oracle-selection.json,False,"[{""native_case"": ""case-00259"", ""native_net_MW"": 528.2852475972945, ""native_pass"": true, ""scan_id"": 18017}, {""native_case"": ""case-00251"", ""native_net_MW"": 528.4187651465916, ""native_pass"": true, ""scan_id"": 19724}, {""native_case"": ""case-00254"", ""native_net_MW"": 528.4273102692056, ""native_pass"": true, ""scan_id"": 20590}]",case-00266,0.0062499999999090505
1950.0,A,0,main,20721,True,[],"{""after_scan_id"": 20721, ""before_scan_id"": 20703, ""delta_lcoe"": -0.008735181835731964, ""delta_net"": 0.0042725617410042105, ""fixed_split"": 0.85}",,"{""after"": {""lcoe"": 1010.8686270457481, ""net"": 494.4329014119473, ""scan_id"": 20703}, ""before"": {""lcoe"": 1010.8686270457481, ""net"": 494.4329014119473, ""scan_id"": 20703}, ""delta_lcoe"": 0.0, ""delta_net"": 0.0}",[],case-00279,20260927-exchanger-thermal-comparison-b:c0279,recorded independent-scout refinement; final cases use native acceptance,[],,oracle-selection.json,False,"[{""native_case"": ""case-00269"", ""native_net_MW"": 494.4329014065542, ""native_pass"": true, ""scan_id"": 20703}, {""native_case"": ""case-00279"", ""native_net_MW"": 494.4371739712621, ""native_pass"": true, ""scan_id"": 20721}]",case-00275,0.006250000000136424
1950.0,A,1,main,25413,True,[],"{""after_scan_id"": 25413, ""before_scan_id"": 25413, ""delta_lcoe"": 0.0, ""delta_net"": 0.0, ""fixed_split"": 0.7805}","{""delta_lcoe"": -0.05760968530557875, ""delta_net"": 0.033379388603862026}","{""after"": {""lcoe"": 928.7442411666766, ""net"": 538.1532246043217, ""scan_id"": 25413}, ""before"": {""lcoe"": 928.7442411666766, ""net"": 538.1532246043217, ""scan_id"": 25413}, ""delta_lcoe"": 0.0, ""delta_net"": 0.0}","[{""lcoe"": 928.9170916663043, ""net"": 538.0530864385117, ""scan_id"": 23956, ""spacing"": 0.005}, {""lcoe"": 928.8018508519822, ""net"": 538.1198452157179, ""scan_id"": 24830, ""spacing"": 0.001}, {""lcoe"": 928.7442411666766, ""net"": 538.1532246043217, ""scan_id"": 25413, ""spacing"": 0.0005}]",case-00338,20260927-exchanger-thermal-comparison-b:c0338,recorded independent-scout refinement; final cases use native acceptance,[],"{""delta_lcoe"": -0.05760968530557875, ""delta_net"": 0.033379388603862026}",oracle-selection.json,False,"[{""native_case"": ""case-00348"", ""native_net_MW"": 538.0530864344801, ""native_pass"": true, ""scan_id"": 23956}, {""native_case"": ""case-00350"", ""native_net_MW"": 538.1198452188087, ""native_pass"": true, ""scan_id"": 24830}, {""native_case"": ""case-00338"", ""native_net_MW"": 538.1532246021002, ""native_pass"": true, ""scan_id"": 25413}]",case-00353,0.0062499999999090505
1950.0,B,0,main,25749,True,[],"{""after_scan_id"": 25749, ""before_scan_id"": 25732, ""delta_lcoe"": -0.007262290974949792, ""delta_net"": 0.004272561740776837, ""fixed_split"": 0.85}",,"{""after"": {""lcoe"": 921.7123370116728, ""net"": 542.2588894025091, ""scan_id"": 25732}, ""before"": {""lcoe"": 921.7123370116728, ""net"": 542.2588894025091, ""scan_id"": 25732}, ""delta_lcoe"": 0.0, ""delta_net"": 0.0}",[],case-00366,20260927-exchanger-thermal-comparison-b:c0366,recorded independent-scout refinement; final cases use native acceptance,[],,oracle-selection.json,False,"[{""native_case"": ""case-00356"", ""native_net_MW"": 542.2588894030953, ""native_pass"": true, ""scan_id"": 25732}, {""native_case"": ""case-00366"", ""native_net_MW"": 542.263161969784, ""native_pass"": true, ""scan_id"": 25749}]",case-00362,0.006250000000136424
1950.0,B,1,main,30898,True,[],"{""after_scan_id"": 30898, ""before_scan_id"": 30898, ""delta_lcoe"": 0.0, ""delta_net"": 0.0, ""fixed_split"": 0.727}","{""delta_lcoe"": 0.0, ""delta_net"": 0.0}","{""after"": {""lcoe"": 871.030262374589, ""net"": 573.8109567559407, ""scan_id"": 30898}, ""before"": {""lcoe"": 871.0432338452523, ""net"": 573.8024116324581, ""scan_id"": 30120}, ""delta_lcoe"": -0.012971470663273976, ""delta_net"": 0.008545123482576855}","[{""lcoe"": 871.7278240565757, ""net"": 573.3517898863156, ""scan_id"": 28922, ""spacing"": 0.005}, {""lcoe"": 871.0432338452523, ""net"": 573.8024116324581, ""scan_id"": 30120, ""spacing"": 0.001}, {""lcoe"": 871.0432338452523, ""net"": 573.8024116324581, ""scan_id"": 30120, ""spacing"": 0.0005}]",case-00404,20260927-exchanger-thermal-comparison-b:c0404,recorded independent-scout refinement; final cases use native acceptance,[],"{""delta_lcoe"": 0.0, ""delta_net"": 0.0}",oracle-selection.json,False,"[{""native_case"": null, ""native_net_MW"": null, ""native_pass"": null, ""scan_id"": 28922}, {""native_case"": ""case-00401"", ""native_net_MW"": 573.8024116373022, ""native_pass"": true, ""scan_id"": 30120}, {""native_case"": ""case-00404"", ""native_net_MW"": 573.8109567562633, ""native_pass"": true, ""scan_id"": 30898}]",case-00416,0.0062499999999090505
2000.0,A,0,main,31029,True,[],"{""after_scan_id"": 31029, ""before_scan_id"": 31013, ""delta_lcoe"": -0.00834189416400477, ""delta_net"": 0.004272561741231584, ""fixed_split"": 0.85}",,"{""after"": {""lcoe"": 999.0781348986178, ""net"": 511.7048107520253, ""scan_id"": 31013}, ""before"": {""lcoe"": 999.0781348986178, ""net"": 511.7048107520253, ""scan_id"": 31013}, ""delta_lcoe"": 0.0, ""delta_net"": 0.0}",[],case-00429,20260927-exchanger-thermal-comparison-b:c0429,recorded independent-scout refinement; final cases use native acceptance,[],,oracle-selection.json,False,"[{""native_case"": ""case-00419"", ""native_net_MW"": 511.70481075615476, ""native_pass"": true, ""scan_id"": 31013}, {""native_case"": ""case-00429"", ""native_net_MW"": 511.7090833204451, ""native_pass"": true, ""scan_id"": 31029}]",case-00425,0.006250000000136424
2000.0,A,1,main,88771,True,[],"{""after_scan_id"": 36012, ""before_scan_id"": 35790, ""delta_lcoe"": -0.007055620741539315, ""delta_net"": 0.004272561741231584, ""fixed_split"": 0.7775}","{""delta_lcoe"": -0.11025814988443017, ""delta_net"": 0.06675877720613244}","{""after"": {""lcoe"": 918.8287699401055, ""net"": 556.3964741527506, ""scan_id"": 35790}, ""before"": {""lcoe"": 918.8287699401055, ""net"": 556.3964741527506, ""scan_id"": 35790}, ""delta_lcoe"": 0.0, ""delta_net"": 0.0}","[{""lcoe"": 919.6563515702868, ""net"": 555.8957833237032, ""scan_id"": 34190, ""spacing"": 0.005}, {""lcoe"": 918.93902808999, ""net"": 556.3297153755444, ""scan_id"": 35390, ""spacing"": 0.001}, {""lcoe"": 918.8287699401055, ""net"": 556.3964741527506, ""scan_id"": 35790, ""spacing"": 0.0005}]",case-01234,20260927-exchanger-thermal-comparison-b:c1234,recorded independent-scout refinement; final cases use native acceptance,"[{""after_scan_id"": 88655, ""before_scan_id"": 36012, ""delta_lcoe"": -0.0756206298641473, ""delta_net"": 0.045796521163424586, ""split_spacing"": 0.00025}]","{""after_scan_id"": 88655, ""before_scan_id"": 36012, ""delta_lcoe"": -0.0756206298641473, ""delta_net"": 0.045796521163424586, ""split_spacing"": 0.00025}",oracle-refinement-receipt.json,True,"[{""native_case"": null, ""native_net_MW"": null, ""native_pass"": null, ""scan_id"": 34190}, {""native_case"": ""case-00496"", ""native_net_MW"": 556.3297153732714, ""native_pass"": true, ""scan_id"": 35390}, {""native_case"": ""case-00484"", ""native_net_MW"": 556.3964741468757, ""native_pass"": true, ""scan_id"": 35790}, {""native_case"": ""case-00499"", ""native_net_MW"": 556.4007467128379, ""native_pass"": true, ""scan_id"": 36012}, {""native_case"": ""case-01231"", ""native_net_MW"": 556.4465432357425, ""native_pass"": true, ""scan_id"": 88655}, {""native_case"": ""case-01234"", ""native_net_MW"": 556.4508157974171, ""native_pass"": true, ""scan_id"": 88771}]",case-01233,0.006250000000136424
2000.0,B,0,main,36130,True,[],"{""after_scan_id"": 36130, ""before_scan_id"": 36108, ""delta_lcoe"": -0.00692415380899547, ""delta_net"": 0.0042725617416863315, ""fixed_split"": 0.85}",,"{""after"": {""lcoe"": 910.2282466720591, ""net"": 561.6537278577478, ""scan_id"": 36108}, ""before"": {""lcoe"": 910.2282466720591, ""net"": 561.6537278577478, ""scan_id"": 36108}, ""delta_lcoe"": 0.0, ""delta_net"": 0.0}",[],case-00512,20260927-exchanger-thermal-comparison-b:c0512,recorded independent-scout refinement; final cases use native acceptance,[],,oracle-selection.json,False,"[{""native_case"": ""case-00502"", ""native_net_MW"": 561.6537278564447, ""native_pass"": true, ""scan_id"": 36108}, {""native_case"": ""case-00512"", ""native_net_MW"": 561.6580004128889, ""native_pass"": true, ""scan_id"": 36130}]",case-00508,0.006250000000136424
2000.0,B,1,main,41235,True,[],"{""after_scan_id"": 41235, ""before_scan_id"": 41227, ""delta_lcoe"": -0.00620193084262155, ""delta_net"": 0.004272561741345271, ""fixed_split"": 0.721}","{""delta_lcoe"": 0.0, ""delta_net"": 0.0}","{""after"": {""lcoe"": 861.4504981038255, ""net"": 593.4561406257005, ""scan_id"": 41227}, ""before"": {""lcoe"": 861.4629022334166, ""net"": 593.4475955022183, ""scan_id"": 40365}, ""delta_lcoe"": -0.012404129591118362, ""delta_net"": 0.008545123482235795}","[{""lcoe"": 861.6810019166032, ""net"": 593.2973882535043, ""scan_id"": 39184, ""spacing"": 0.005}, {""lcoe"": 861.4629022334166, ""net"": 593.4475955022183, ""scan_id"": 40365, ""spacing"": 0.001}, {""lcoe"": 861.4629022334166, ""net"": 593.4475955022183, ""scan_id"": 40365, ""spacing"": 0.0005}]",case-00562,20260927-exchanger-thermal-comparison-b:c0562,recorded independent-scout refinement; final cases use native acceptance,[],"{""delta_lcoe"": 0.0, ""delta_net"": 0.0}",oracle-selection.json,False,"[{""native_case"": ""case-00555"", ""native_net_MW"": 593.297388256648, ""native_pass"": true, ""scan_id"": 39184}, {""native_case"": ""case-00547"", ""native_net_MW"": 593.4475954964228, ""native_pass"": true, ""scan_id"": 40365}, {""native_case"": ""case-00550"", ""native_net_MW"": 593.4561406276506, ""native_pass"": true, ""scan_id"": 41227}, {""native_case"": ""case-00562"", ""native_net_MW"": 593.4604131924782, ""native_pass"": true, ""scan_id"": 41235}]",case-00549,0.006250000000136424
1835.4512830147435,B,0,approach15,41342,True,[],"{""after_scan_id"": 41342, ""before_scan_id"": 41342, ""delta_lcoe"": 0.0, ""delta_net"": 0.0, ""fixed_split"": 0.85}",,"{""after"": {""lcoe"": 951.5051996161415, ""net"": 497.76834183826065, ""scan_id"": 41342}, ""before"": {""lcoe"": 951.5215342608403, ""net"": 497.7597967147784, ""scan_id"": 41328}, ""delta_lcoe"": -0.01633464469887258, ""delta_net"": 0.008545123482235795}",[],case-00571,20260927-exchanger-thermal-comparison-b:c0571,recorded independent-scout refinement; final cases use native acceptance,[],,oracle-selection.json,False,"[{""native_case"": ""case-00571"", ""native_net_MW"": 497.7683418397662, ""native_pass"": true, ""scan_id"": 41342}]",case-00575,0.0062499999999090505
1835.4512830147435,B,1,approach15,46287,True,[],"{""after_scan_id"": 46287, ""before_scan_id"": 46287, ""delta_lcoe"": 0.0, ""delta_net"": 0.0, ""fixed_split"": 0.741}","{""delta_lcoe"": 0.0, ""delta_net"": 0.0}","{""after"": {""lcoe"": 896.2995595765144, ""net"": 528.4273102702308, ""scan_id"": 46287}, ""before"": {""lcoe"": 896.3140537446234, ""net"": 528.4187651467482, ""scan_id"": 45469}, ""delta_lcoe"": -0.014494168108967642, ""delta_net"": 0.008545123482576855}","[{""lcoe"": 896.5405860223796, ""net"": 528.285247592335, ""scan_id"": 43839, ""spacing"": 0.005}, {""lcoe"": 896.3140537446234, ""net"": 528.4187651467482, ""scan_id"": 45469, ""spacing"": 0.001}, {""lcoe"": 896.3140537446234, ""net"": 528.4187651467482, ""scan_id"": 45469, ""spacing"": 0.0005}]",case-00629,20260927-exchanger-thermal-comparison-b:c0629,recorded independent-scout refinement; final cases use native acceptance,[],"{""delta_lcoe"": 0.0, ""delta_net"": 0.0}",oracle-selection.json,False,"[{""native_case"": ""case-00634"", ""native_net_MW"": 528.2852475972945, ""native_pass"": true, ""scan_id"": 43839}, {""native_case"": ""case-00626"", ""native_net_MW"": 528.4187651465916, ""native_pass"": true, ""scan_id"": 45469}, {""native_case"": ""case-00629"", ""native_net_MW"": 528.4273102692056, ""native_pass"": true, ""scan_id"": 46287}]",case-00641,0.0062499999999090505
1835.4512830147435,B,0,approach45,,,[],,,,[],,,recorded independent-scout refinement; final cases use native acceptance,[],,oracle-selection.json,False,[],,
1835.4512830147435,B,1,approach45,,,[],,,,[],,,recorded independent-scout refinement; final cases use native acceptance,[],,oracle-selection.json,False,[],,
1835.4512830147435,B,0,U0.8,48082,True,[],"{""after_scan_id"": 48082, ""before_scan_id"": 48082, ""delta_lcoe"": 0.0, ""delta_net"": 0.0, ""fixed_split"": 0.85}",,"{""after"": {""lcoe"": 993.302312325368, ""net"": 476.82277548979175, ""scan_id"": 48082}, ""before"": {""lcoe"": 993.3201135787157, ""net"": 476.81423036630906, ""scan_id"": 48067}, ""delta_lcoe"": -0.017801253347670354, ""delta_net"": 0.008545123482690542}",[],case-00668,20260927-exchanger-thermal-comparison-b:c0668,recorded independent-scout refinement; final cases use native acceptance,[],,oracle-selection.json,False,"[{""native_case"": ""case-00668"", ""native_net_MW"": 476.822775492897, ""native_pass"": true, ""scan_id"": 48082}]",case-00672,0.0062499999999090505
1835.4512830147435,B,1,U0.8,53083,True,[],"{""after_scan_id"": 53083, ""before_scan_id"": 53075, ""delta_lcoe"": -0.00821773163738726, ""delta_net"": 0.004272561741231584, ""fixed_split"": 0.69}","{""delta_lcoe"": 0.0, ""delta_net"": 0.0}","{""after"": {""lcoe"": 954.4493624741106, ""net"": 496.2328899625172, ""scan_id"": 53075}, ""before"": {""lcoe"": 954.4657983619203, ""net"": 496.22434483903453, ""scan_id"": 50562}, ""delta_lcoe"": -0.016435887809734595, ""delta_net"": 0.008545123482690542}","[{""lcoe"": 954.4657983619203, ""net"": 496.22434483903453, ""scan_id"": 50562, ""spacing"": 0.005}, {""lcoe"": 954.4657983619203, ""net"": 496.22434483903453, ""scan_id"": 50562, ""spacing"": 0.001}, {""lcoe"": 954.4657983619203, ""net"": 496.22434483903453, ""scan_id"": 50562, ""spacing"": 0.0005}]",case-00726,20260927-exchanger-thermal-comparison-b:c0726,recorded independent-scout refinement; final cases use native acceptance,[],"{""delta_lcoe"": 0.0, ""delta_net"": 0.0}",oracle-selection.json,False,"[{""native_case"": ""case-00711"", ""native_net_MW"": 496.2243448319788, ""native_pass"": true, ""scan_id"": 50562}, {""native_case"": ""case-00714"", ""native_net_MW"": 496.2328899653571, ""native_pass"": true, ""scan_id"": 53075}, {""native_case"": ""case-00726"", ""native_net_MW"": 496.23716252505164, ""native_pass"": true, ""scan_id"": 53083}]",case-00713,0.006250000000136424
1835.4512830147435,B,0,U1.2,,,[],,,,[],,,recorded independent-scout refinement; final cases use native acceptance,[],,oracle-selection.json,False,[],,
1835.4512830147435,B,1,U1.2,58147,True,[],"{""after_scan_id"": 58147, ""before_scan_id"": 58147, ""delta_lcoe"": 0.0, ""delta_net"": 0.0, ""fixed_split"": 0.7655}","{""delta_lcoe"": -0.15887422759556102, ""delta_net"": 0.10013816580953971}","{""after"": {""lcoe"": 866.7749084097507, ""net"": 546.426945298134, ""scan_id"": 58147}, ""before"": {""lcoe"": 866.7749084097507, ""net"": 546.426945298134, ""scan_id"": 58147}, ""delta_lcoe"": 0.0, ""delta_net"": 0.0}","[{""lcoe"": 866.9337826373462, ""net"": 546.3268071323245, ""scan_id"": 56092, ""spacing"": 0.005}, {""lcoe"": 866.9337826373462, ""net"": 546.3268071323245, ""scan_id"": 56092, ""spacing"": 0.001}, {""lcoe"": 866.7749084097507, ""net"": 546.426945298134, ""scan_id"": 58147, ""spacing"": 0.0005}]",case-00754,20260927-exchanger-thermal-comparison-b:c0754,recorded independent-scout refinement; final cases use native acceptance,"[{""after_scan_id"": 58147, ""before_scan_id"": 58147, ""delta_lcoe"": 0.0, ""delta_net"": 0.0, ""split_spacing"": 0.00025}]","{""after_scan_id"": 58147, ""before_scan_id"": 58147, ""delta_lcoe"": 0.0, ""delta_net"": 0.0, ""split_spacing"": 0.00025}",oracle-refinement-receipt.json,True,"[{""native_case"": ""case-00764"", ""native_net_MW"": 546.3268071347484, ""native_pass"": true, ""scan_id"": 56092}, {""native_case"": ""case-00754"", ""native_net_MW"": 546.4269453011611, ""native_pass"": true, ""scan_id"": 58147}]",case-00769,0.0062499999999090505
1835.4512830147435,B,0,loss0.02,58393,True,[],"{""after_scan_id"": 58393, ""before_scan_id"": 58393, ""delta_lcoe"": 0.0, ""delta_net"": 0.0, ""fixed_split"": 0.85}",,"{""after"": {""lcoe"": 905.2945300290123, ""net"": 523.1768775276167, ""scan_id"": 58393}, ""before"": {""lcoe"": 905.3092759515214, ""net"": 523.1683558810375, ""scan_id"": 58380}, ""delta_lcoe"": -0.014745922509064258, ""delta_net"": 0.008521646579197295}",[],case-00778,20260927-exchanger-thermal-comparison-b:c0778,recorded independent-scout refinement; final cases use native acceptance,[],,oracle-selection.json,False,"[{""native_case"": ""case-00778"", ""native_net_MW"": 523.1768775311842, ""native_pass"": true, ""scan_id"": 58393}]",case-00782,0.0062499999999090505
1835.4512830147435,B,1,loss0.02,63511,True,[],"{""after_scan_id"": 63511, ""before_scan_id"": 62617, ""delta_lcoe"": -0.006596363983021547, ""delta_net"": 0.004260823289655491, ""fixed_split"": 0.741}","{""delta_lcoe"": 0.0, ""delta_net"": 0.0}","{""after"": {""lcoe"": 856.3009701395379, ""net"": 553.1106257957762, ""scan_id"": 62617}, ""before"": {""lcoe"": 856.3009701395379, ""net"": 553.1106257957762, ""scan_id"": 62617}, ""delta_lcoe"": 0.0, ""delta_net"": 0.0}","[{""lcoe"": 856.6360754174425, ""net"": 552.8942558630962, ""scan_id"": 60892, ""spacing"": 0.005}, {""lcoe"": 856.3009701395379, ""net"": 553.1106257957762, ""scan_id"": 62617, ""spacing"": 0.001}, {""lcoe"": 856.3009701395379, ""net"": 553.1106257957762, ""scan_id"": 62617, ""spacing"": 0.0005}]",case-00828,20260927-exchanger-thermal-comparison-b:c0828,recorded independent-scout refinement; final cases use native acceptance,[],"{""delta_lcoe"": 0.0, ""delta_net"": 0.0}",oracle-selection.json,False,"[{""native_case"": ""case-00821"", ""native_net_MW"": 552.8942558619923, ""native_pass"": true, ""scan_id"": 60892}, {""native_case"": ""case-00813"", ""native_net_MW"": 553.1106258029478, ""native_pass"": true, ""scan_id"": 62617}, {""native_case"": ""case-00828"", ""native_net_MW"": 553.1148866204984, ""native_pass"": true, ""scan_id"": 63511}]",case-00816,0.006250000000136424
1835.4512830147435,B,0,loss0.08,63613,True,[],"{""after_scan_id"": 63613, ""before_scan_id"": 63613, ""delta_lcoe"": 0.0, ""delta_net"": 0.0, ""fixed_split"": 0.85}",,"{""after"": {""lcoe"": 1030.9471419891538, ""net"": 459.41168676171844, ""scan_id"": 63613}, ""before"": {""lcoe"": 1030.9471419891538, ""net"": 459.41168676171844, ""scan_id"": 63613}, ""delta_lcoe"": 0.0, ""delta_net"": 0.0}",[],case-00831,20260927-exchanger-thermal-comparison-b:c0831,recorded independent-scout refinement; final cases use native acceptance,[],,oracle-selection.json,False,"[{""native_case"": ""case-00831"", ""native_net_MW"": 459.4116867596946, ""native_pass"": true, ""scan_id"": 63613}]",case-00841,0.0062499999999090505
1835.4512830147435,B,1,loss0.08,68776,True,[],"{""after_scan_id"": 68776, ""before_scan_id"": 68768, ""delta_lcoe"": -0.00842230295893387, ""delta_net"": 0.004290156198976547, ""fixed_split"": 0.7405}","{""delta_lcoe"": -0.13162219461753466, ""delta_net"": 0.06703369061699505}","{""after"": {""lcoe"": 964.2729699017301, ""net"": 491.17747800363827, ""scan_id"": 68768}, ""before"": {""lcoe"": 964.2898149490414, ""net"": 491.1688976912394, ""scan_id"": 68645}, ""delta_lcoe"": -0.016845047311335293, ""delta_net"": 0.008580312398862588}","[{""lcoe"": 964.421437143659, ""net"": 491.1018640006224, ""scan_id"": 66146, ""spacing"": 0.005}, {""lcoe"": 964.421437143659, ""net"": 491.1018640006224, ""scan_id"": 66146, ""spacing"": 0.001}, {""lcoe"": 964.2898149490414, ""net"": 491.1688976912394, ""scan_id"": 68645, ""spacing"": 0.0005}]",case-00891,20260927-exchanger-thermal-comparison-b:c0891,recorded independent-scout refinement; final cases use native acceptance,"[{""after_scan_id"": 68776, ""before_scan_id"": 68776, ""delta_lcoe"": 0.0, ""delta_net"": 0.0, ""split_spacing"": 0.00025}]","{""after_scan_id"": 68776, ""before_scan_id"": 68776, ""delta_lcoe"": 0.0, ""delta_net"": 0.0, ""split_spacing"": 0.00025}",oracle-refinement-receipt.json,True,"[{""native_case"": ""case-00886"", ""native_net_MW"": 491.1018640011679, ""native_pass"": true, ""scan_id"": 66146}, {""native_case"": ""case-00876"", ""native_net_MW"": 491.1688976968288, ""native_pass"": true, ""scan_id"": 68645}, {""native_case"": ""case-00879"", ""native_net_MW"": 491.1774779987654, ""native_pass"": true, ""scan_id"": 68768}, {""native_case"": ""case-00891"", ""native_net_MW"": 491.18176815992194, ""native_pass"": true, ""scan_id"": 68776}]",case-00878,0.006250000000136424
1835.4512830147435,B,0,pump0.8,68895,True,[],"{""after_scan_id"": 68895, ""before_scan_id"": 68879, ""delta_lcoe"": -0.007393669442421924, ""delta_net"": 0.004272561741231584, ""fixed_split"": 0.85}",,"{""after"": {""lcoe"": 905.3298371870837, ""net"": 523.156474037137, ""scan_id"": 68879}, ""before"": {""lcoe"": 905.3298371870837, ""net"": 523.156474037137, ""scan_id"": 68879}, ""delta_lcoe"": 0.0, ""delta_net"": 0.0}",[],case-00904,20260927-exchanger-thermal-comparison-b:c0904,recorded independent-scout refinement; final cases use native acceptance,[],,oracle-selection.json,False,"[{""native_case"": ""case-00894"", ""native_net_MW"": 523.1564740387573, ""native_pass"": true, ""scan_id"": 68879}, {""native_case"": ""case-00904"", ""native_net_MW"": 523.1607465961672, ""native_pass"": true, ""scan_id"": 68895}]",case-00900,0.006250000000136424
1835.4512830147435,B,1,pump0.8,74007,True,[],"{""after_scan_id"": 74007, ""before_scan_id"": 73329, ""delta_lcoe"": -0.006612050221519894, ""delta_net"": 0.004272561741572645, ""fixed_split"": 0.743}","{""delta_lcoe"": 0.0, ""delta_net"": 0.0}","{""after"": {""lcoe"": 856.1400113582785, ""net"": 553.21461347425, ""scan_id"": 73329}, ""before"": {""lcoe"": 856.1400113582785, ""net"": 553.21461347425, ""scan_id"": 73329}, ""delta_lcoe"": 0.0, ""delta_net"": 0.0}","[{""lcoe"": 857.1485102375198, ""net"": 552.5637153964897, ""scan_id"": 71393, ""spacing"": 0.005}, {""lcoe"": 856.1400113582785, ""net"": 553.21461347425, ""scan_id"": 73329, ""spacing"": 0.001}, {""lcoe"": 856.1400113582785, ""net"": 553.21461347425, ""scan_id"": 73329, ""spacing"": 0.0005}]",case-00950,20260927-exchanger-thermal-comparison-b:c0950,recorded independent-scout refinement; final cases use native acceptance,[],"{""delta_lcoe"": 0.0, ""delta_net"": 0.0}",oracle-selection.json,False,"[{""native_case"": null, ""native_net_MW"": null, ""native_pass"": null, ""scan_id"": 71393}, {""native_case"": ""case-00935"", ""native_net_MW"": 553.2146134789439, ""native_pass"": true, ""scan_id"": 73329}, {""native_case"": ""case-00950"", ""native_net_MW"": 553.218886034655, ""native_pass"": true, ""scan_id"": 74007}]",case-00938,0.006250000000136424
1835.4512830147435,B,0,pump1.2,74122,True,[],"{""after_scan_id"": 74122, ""before_scan_id"": 74122, ""delta_lcoe"": 0.0, ""delta_net"": 0.0, ""fixed_split"": 0.85}",,"{""after"": {""lcoe"": 1002.6975277275121, ""net"": 472.3549748216004, ""scan_id"": 74122}, ""before"": {""lcoe"": 1002.7156673251698, ""net"": 472.3464296981182, ""scan_id"": 74109}, ""delta_lcoe"": -0.01813959765763684, ""delta_net"": 0.008545123482235795}",[],case-00959,20260927-exchanger-thermal-comparison-b:c0959,recorded independent-scout refinement; final cases use native acceptance,[],,oracle-selection.json,False,"[{""native_case"": ""case-00959"", ""native_net_MW"": 472.3549748222597, ""native_pass"": true, ""scan_id"": 74122}]",case-00963,0.0062499999999090505
1835.4512830147435,B,1,pump1.2,79261,True,[],"{""after_scan_id"": 79261, ""before_scan_id"": 79261, ""delta_lcoe"": 0.0, ""delta_net"": 0.0, ""fixed_split"": 0.7385}","{""delta_lcoe"": -0.187018546428817, ""delta_net"": 0.10013816580999446}","{""after"": {""lcoe"": 940.3969098743881, ""net"": 503.6481516370296, ""scan_id"": 79261}, ""before"": {""lcoe"": 940.412865346542, ""net"": 503.6396065135473, ""scan_id"": 79138}, ""delta_lcoe"": -0.015955472153905248, ""delta_net"": 0.008545123482349481}","[{""lcoe"": 941.8173199067571, ""net"": 502.8885702699763, ""scan_id"": 76530, ""spacing"": 0.005}, {""lcoe"": 940.5998838929709, ""net"": 503.5394683477373, ""scan_id"": 78593, ""spacing"": 0.001}, {""lcoe"": 940.412865346542, ""net"": 503.6396065135473, ""scan_id"": 79138, ""spacing"": 0.0005}]",case-01001,20260927-exchanger-thermal-comparison-b:c1001,recorded independent-scout refinement; final cases use native acceptance,"[{""after_scan_id"": 79261, ""before_scan_id"": 79261, ""delta_lcoe"": 0.0, ""delta_net"": 0.0, ""split_spacing"": 0.00025}]","{""after_scan_id"": 79261, ""before_scan_id"": 79261, ""delta_lcoe"": 0.0, ""delta_net"": 0.0, ""split_spacing"": 0.00025}",oracle-refinement-receipt.json,True,"[{""native_case"": null, ""native_net_MW"": null, ""native_pass"": null, ""scan_id"": 76530}, {""native_case"": ""case-01008"", ""native_net_MW"": 503.53946834709063, ""native_pass"": true, ""scan_id"": 78593}, {""native_case"": ""case-00998"", ""native_net_MW"": 503.63960651114985, ""native_pass"": true, ""scan_id"": 79138}, {""native_case"": ""case-01001"", ""native_net_MW"": 503.648151639827, ""native_pass"": true, ""scan_id"": 79261}]",case-01013,0.0062499999999090505
1835.4512830147435,B,0,bypass0.25,,,[],,,,[],,,recorded independent-scout refinement; final cases use native acceptance,[],,oracle-selection.json,False,[],,
1835.4512830147435,B,1,bypass0.25,,,[],,,,[],,,recorded independent-scout refinement; final cases use native acceptance,[],,oracle-selection.json,False,[],,
1835.4512830147435,B,0,bypass0.5,,,[],,,,[],,,recorded independent-scout refinement; final cases use native acceptance,[],,oracle-selection.json,False,[],,
1835.4512830147435,B,1,bypass0.5,,,[],,,,[],,,recorded independent-scout refinement; final cases use native acceptance,[],,oracle-selection.json,False,[],,
1835.4512830147435,B,0,post-pump-return,82736,True,[],"{""after_scan_id"": 82736, ""before_scan_id"": 82736, ""delta_lcoe"": 0.0, ""delta_net"": 0.0, ""fixed_split"": 0.85}",,"{""after"": {""lcoe"": 951.5051996161415, ""net"": 497.76834183826065, ""scan_id"": 82736}, ""before"": {""lcoe"": 951.5215342608399, ""net"": 497.75979671477864, ""scan_id"": 82722}, ""delta_lcoe"": -0.016334644698417833, ""delta_net"": 0.008545123482008421}",[],case-01058,20260927-exchanger-thermal-comparison-b:c1058,recorded independent-scout refinement; final cases use native acceptance,[],,oracle-selection.json,False,"[{""native_case"": ""case-01058"", ""native_net_MW"": 497.7683418361121, ""native_pass"": true, ""scan_id"": 82736}]",case-01062,0.0062499999999090505
1835.4512830147435,B,1,post-pump-return,87853,True,[],"{""after_scan_id"": 87853, ""before_scan_id"": 87724, ""delta_lcoe"": -0.007283905031499671, ""delta_net"": 0.0042725617410042105, ""fixed_split"": 0.7345}","{""delta_lcoe"": -0.19921504861792982, ""delta_net"": 0.11682786011067492}","{""after"": {""lcoe"": 898.584541060151, ""net"": 527.0835896026231, ""scan_id"": 87724}, ""before"": {""lcoe"": 898.584541060151, ""net"": 527.0835896026231, ""scan_id"": 87724}, ""delta_lcoe"": 0.0, ""delta_net"": 0.0}","[{""lcoe"": 899.0115386384134, ""net"": 526.8332441880992, ""scan_id"": 86120, ""spacing"": 0.005}, {""lcoe"": 898.7837561087689, ""net"": 526.9667617425124, ""scan_id"": 86868, ""spacing"": 0.001}, {""lcoe"": 898.584541060151, ""net"": 527.0835896026231, ""scan_id"": 87724, ""spacing"": 0.0005}]",case-01112,20260927-exchanger-thermal-comparison-b:c1112,recorded independent-scout refinement; final cases use native acceptance,"[{""after_scan_id"": 87853, ""before_scan_id"": 87853, ""delta_lcoe"": 0.0, ""delta_net"": 0.0, ""split_spacing"": 0.00025}]","{""after_scan_id"": 87853, ""before_scan_id"": 87853, ""delta_lcoe"": 0.0, ""delta_net"": 0.0, ""split_spacing"": 0.00025}",oracle-refinement-receipt.json,True,"[{""native_case"": ""case-01109"", ""native_net_MW"": 526.8332441870159, ""native_pass"": true, ""scan_id"": 86120}, {""native_case"": ""case-01107"", ""native_net_MW"": 526.9667617422227, ""native_pass"": true, ""scan_id"": 86868}, {""native_case"": ""case-01097"", ""native_net_MW"": 527.0835896000443, ""native_pass"": true, ""scan_id"": 87724}, {""native_case"": ""case-01112"", ""native_net_MW"": 527.0878621587635, ""native_pass"": true, ""scan_id"": 87853}]",case-01100,0.006250000000136424
