scenario,load_MW,offer,architecture,native_candidates,native_passes,oracle_best_scan_id,oracle_best_case,selected_case,selected_id,selected_scan_id,selection_changed,native_improvement_MW,selection_rule
U0.8,1835.4512830147435,B,network,54,21,53083,case-00726,case-00726,20260927-exchanger-thermal-comparison-b:c0726,53083,False,0.0,highest native net among all stored complete passes; deterministic case-label tie-break
U0.8,1835.4512830147435,B,series,13,7,48082,case-00668,case-00668,20260927-exchanger-thermal-comparison-b:c0668,48082,False,0.0,highest native net among all stored complete passes; deterministic case-label tie-break
U1.2,1835.4512830147435,B,network,46,17,58147,case-00754,case-00754,20260927-exchanger-thermal-comparison-b:c0754,58147,False,0.0,highest native net among all stored complete passes; deterministic case-label tie-break
U1.2,1835.4512830147435,B,series,3,0,,,,,,False,,highest native net among all stored complete passes; deterministic case-label tie-break
approach15,1835.4512830147435,B,network,66,26,46287,case-00629,case-00629,20260927-exchanger-thermal-comparison-b:c0629,46287,False,0.0,highest native net among all stored complete passes; deterministic case-label tie-break
approach15,1835.4512830147435,B,series,13,7,41342,case-00571,case-00571,20260927-exchanger-thermal-comparison-b:c0571,41342,False,0.0,highest native net among all stored complete passes; deterministic case-label tie-break
approach45,1835.4512830147435,B,network,19,0,,,,,,False,,highest native net among all stored complete passes; deterministic case-label tie-break
approach45,1835.4512830147435,B,series,3,0,,,,,,False,,highest native net among all stored complete passes; deterministic case-label tie-break
bypass0.25,1835.4512830147435,B,network,19,0,,,,,,False,,highest native net among all stored complete passes; deterministic case-label tie-break
bypass0.25,1835.4512830147435,B,series,3,0,,,,,,False,,highest native net among all stored complete passes; deterministic case-label tie-break
bypass0.5,1835.4512830147435,B,network,19,0,,,,,,False,,highest native net among all stored complete passes; deterministic case-label tie-break
bypass0.5,1835.4512830147435,B,series,3,0,,,,,,False,,highest native net among all stored complete passes; deterministic case-label tie-break
linear-area-price,1650.0,A,network,1,1,,,case-01171,20260927-exchanger-thermal-comparison-b:c1171,87904,False,,highest native net among all stored complete passes; deterministic case-label tie-break
linear-area-price,1650.0,A,series,1,1,,,case-01167,20260927-exchanger-thermal-comparison-b:c1167,87900,False,,highest native net among all stored complete passes; deterministic case-label tie-break
linear-area-price,1650.0,B,network,1,1,,,case-01175,20260927-exchanger-thermal-comparison-b:c1175,87908,False,,highest native net among all stored complete passes; deterministic case-label tie-break
linear-area-price,1835.4512830147435,A,network,1,1,,,case-01183,20260927-exchanger-thermal-comparison-b:c1183,87916,False,,highest native net among all stored complete passes; deterministic case-label tie-break
linear-area-price,1835.4512830147435,A,series,1,1,,,case-01179,20260927-exchanger-thermal-comparison-b:c1179,87912,False,,highest native net among all stored complete passes; deterministic case-label tie-break
linear-area-price,1835.4512830147435,B,network,1,1,,,case-01191,20260927-exchanger-thermal-comparison-b:c1191,87924,False,,highest native net among all stored complete passes; deterministic case-label tie-break
linear-area-price,1835.4512830147435,B,series,1,1,,,case-01187,20260927-exchanger-thermal-comparison-b:c1187,87920,False,,highest native net among all stored complete passes; deterministic case-label tie-break
linear-area-price,1950.0,A,network,1,1,,,case-01199,20260927-exchanger-thermal-comparison-b:c1199,87932,False,,highest native net among all stored complete passes; deterministic case-label tie-break
linear-area-price,1950.0,A,series,1,1,,,case-01195,20260927-exchanger-thermal-comparison-b:c1195,87928,False,,highest native net among all stored complete passes; deterministic case-label tie-break
linear-area-price,1950.0,B,network,1,1,,,case-01207,20260927-exchanger-thermal-comparison-b:c1207,87940,False,,highest native net among all stored complete passes; deterministic case-label tie-break
linear-area-price,1950.0,B,series,1,1,,,case-01203,20260927-exchanger-thermal-comparison-b:c1203,87936,False,,highest native net among all stored complete passes; deterministic case-label tie-break
linear-area-price,2000.0,A,network,2,2,,,case-01260,20260927-exchanger-thermal-comparison-b:c1260,91231,False,,highest native net among all stored complete passes; deterministic case-label tie-break
linear-area-price,2000.0,A,series,1,1,,,case-01211,20260927-exchanger-thermal-comparison-b:c1211,87944,False,,highest native net among all stored complete passes; deterministic case-label tie-break
linear-area-price,2000.0,B,network,1,1,,,case-01223,20260927-exchanger-thermal-comparison-b:c1223,87956,False,,highest native net among all stored complete passes; deterministic case-label tie-break
linear-area-price,2000.0,B,series,1,1,,,case-01219,20260927-exchanger-thermal-comparison-b:c1219,87952,False,,highest native net among all stored complete passes; deterministic case-label tie-break
loss0.02,1835.4512830147435,B,network,46,16,63511,case-00828,case-00828,20260927-exchanger-thermal-comparison-b:c0828,63511,False,0.0,highest native net among all stored complete passes; deterministic case-label tie-break
loss0.02,1835.4512830147435,B,series,13,7,58393,case-00778,case-00778,20260927-exchanger-thermal-comparison-b:c0778,58393,False,0.0,highest native net among all stored complete passes; deterministic case-label tie-break
loss0.08,1835.4512830147435,B,network,55,23,68776,case-00891,case-00891,20260927-exchanger-thermal-comparison-b:c0891,68776,False,0.0,highest native net among all stored complete passes; deterministic case-label tie-break
loss0.08,1835.4512830147435,B,series,13,6,63613,case-00831,case-00831,20260927-exchanger-thermal-comparison-b:c0831,63613,False,0.0,highest native net among all stored complete passes; deterministic case-label tie-break
main,1650.0,A,network,72,31,5162,case-00077,case-00077,20260927-exchanger-thermal-comparison-b:c0077,5162,False,0.0,highest native net among all stored complete passes; deterministic case-label tie-break
main,1650.0,A,series,14,8,119,case-00011,case-00011,20260927-exchanger-thermal-comparison-b:c0011,119,False,0.0,highest native net among all stored complete passes; deterministic case-label tie-break
main,1650.0,B,network,42,14,10342,case-00108,case-00108,20260927-exchanger-thermal-comparison-b:c0108,10342,False,0.0,highest native net among all stored complete passes; deterministic case-label tie-break
main,1650.0,B,series,3,0,,,,,,False,,highest native net among all stored complete passes; deterministic case-label tie-break
main,1835.4512830147435,A,network,76,33,15414,case-00207,case-00207,20260927-exchanger-thermal-comparison-b:c0207,15414,False,0.0,highest native net among all stored complete passes; deterministic case-label tie-break
main,1835.4512830147435,A,series,15,8,10455,case-00123,case-00123,20260927-exchanger-thermal-comparison-b:c0123,10455,False,0.0,highest native net among all stored complete passes; deterministic case-label tie-break
main,1835.4512830147435,B,network,48,17,20590,case-00254,case-00254,20260927-exchanger-thermal-comparison-b:c0254,20590,False,0.0,highest native net among all stored complete passes; deterministic case-label tie-break
main,1835.4512830147435,B,series,15,8,15527,case-00216,case-00216,20260927-exchanger-thermal-comparison-b:c0216,15527,False,0.0,highest native net among all stored complete passes; deterministic case-label tie-break
main,1950.0,A,network,75,30,25413,case-00338,case-00338,20260927-exchanger-thermal-comparison-b:c0338,25413,False,0.0,highest native net among all stored complete passes; deterministic case-label tie-break
main,1950.0,A,series,14,8,20721,case-00279,case-00279,20260927-exchanger-thermal-comparison-b:c0279,20721,False,0.0,highest native net among all stored complete passes; deterministic case-label tie-break
main,1950.0,B,network,51,19,30898,case-00404,case-00404,20260927-exchanger-thermal-comparison-b:c0404,30898,False,0.0,highest native net among all stored complete passes; deterministic case-label tie-break
main,1950.0,B,series,14,8,25749,case-00366,case-00366,20260927-exchanger-thermal-comparison-b:c0366,25749,False,0.0,highest native net among all stored complete passes; deterministic case-label tie-break
main,2000.0,A,network,80,36,88771,case-01234,case-01234,20260927-exchanger-thermal-comparison-b:c1234,88771,False,0.0,highest native net among all stored complete passes; deterministic case-label tie-break
main,2000.0,A,series,15,8,31029,case-00429,case-00429,20260927-exchanger-thermal-comparison-b:c0429,31029,False,0.0,highest native net among all stored complete passes; deterministic case-label tie-break
main,2000.0,B,network,52,21,41235,case-00562,case-00562,20260927-exchanger-thermal-comparison-b:c0562,41235,False,0.0,highest native net among all stored complete passes; deterministic case-label tie-break
main,2000.0,B,series,15,9,36130,case-00512,case-00512,20260927-exchanger-thermal-comparison-b:c0512,36130,False,0.0,highest native net among all stored complete passes; deterministic case-label tie-break
post-pump-return,1835.4512830147435,B,network,55,22,87853,case-01112,case-01112,20260927-exchanger-thermal-comparison-b:c1112,87853,False,0.0,highest native net among all stored complete passes; deterministic case-label tie-break
post-pump-return,1835.4512830147435,B,series,13,7,82736,case-01058,case-01058,20260927-exchanger-thermal-comparison-b:c1058,82736,False,0.0,highest native net among all stored complete passes; deterministic case-label tie-break
price-double,1650.0,A,network,1,1,,,case-01170,20260927-exchanger-thermal-comparison-b:c1170,87903,False,,highest native net among all stored complete passes; deterministic case-label tie-break
price-double,1650.0,A,series,1,1,,,case-01166,20260927-exchanger-thermal-comparison-b:c1166,87899,False,,highest native net among all stored complete passes; deterministic case-label tie-break
price-double,1650.0,B,network,1,1,,,case-01174,20260927-exchanger-thermal-comparison-b:c1174,87907,False,,highest native net among all stored complete passes; deterministic case-label tie-break
price-double,1835.4512830147435,A,network,1,1,,,case-01182,20260927-exchanger-thermal-comparison-b:c1182,87915,False,,highest native net among all stored complete passes; deterministic case-label tie-break
price-double,1835.4512830147435,A,series,1,1,,,case-01178,20260927-exchanger-thermal-comparison-b:c1178,87911,False,,highest native net among all stored complete passes; deterministic case-label tie-break
price-double,1835.4512830147435,B,network,1,1,,,case-01190,20260927-exchanger-thermal-comparison-b:c1190,87923,False,,highest native net among all stored complete passes; deterministic case-label tie-break
price-double,1835.4512830147435,B,series,1,1,,,case-01186,20260927-exchanger-thermal-comparison-b:c1186,87919,False,,highest native net among all stored complete passes; deterministic case-label tie-break
price-double,1950.0,A,network,1,1,,,case-01198,20260927-exchanger-thermal-comparison-b:c1198,87931,False,,highest native net among all stored complete passes; deterministic case-label tie-break
price-double,1950.0,A,series,1,1,,,case-01194,20260927-exchanger-thermal-comparison-b:c1194,87927,False,,highest native net among all stored complete passes; deterministic case-label tie-break
price-double,1950.0,B,network,1,1,,,case-01206,20260927-exchanger-thermal-comparison-b:c1206,87939,False,,highest native net among all stored complete passes; deterministic case-label tie-break
price-double,1950.0,B,series,1,1,,,case-01202,20260927-exchanger-thermal-comparison-b:c1202,87935,False,,highest native net among all stored complete passes; deterministic case-label tie-break
price-double,2000.0,A,network,2,2,,,case-01259,20260927-exchanger-thermal-comparison-b:c1259,91230,False,,highest native net among all stored complete passes; deterministic case-label tie-break
price-double,2000.0,A,series,1,1,,,case-01210,20260927-exchanger-thermal-comparison-b:c1210,87943,False,,highest native net among all stored complete passes; deterministic case-label tie-break
price-double,2000.0,B,network,1,1,,,case-01222,20260927-exchanger-thermal-comparison-b:c1222,87955,False,,highest native net among all stored complete passes; deterministic case-label tie-break
price-double,2000.0,B,series,1,1,,,case-01218,20260927-exchanger-thermal-comparison-b:c1218,87951,False,,highest native net among all stored complete passes; deterministic case-label tie-break
price-half,1650.0,A,network,1,1,,,case-01169,20260927-exchanger-thermal-comparison-b:c1169,87902,False,,highest native net among all stored complete passes; deterministic case-label tie-break
price-half,1650.0,A,series,1,1,,,case-01165,20260927-exchanger-thermal-comparison-b:c1165,87898,False,,highest native net among all stored complete passes; deterministic case-label tie-break
price-half,1650.0,B,network,1,1,,,case-01173,20260927-exchanger-thermal-comparison-b:c1173,87906,False,,highest native net among all stored complete passes; deterministic case-label tie-break
price-half,1835.4512830147435,A,network,1,1,,,case-01181,20260927-exchanger-thermal-comparison-b:c1181,87914,False,,highest native net among all stored complete passes; deterministic case-label tie-break
price-half,1835.4512830147435,A,series,1,1,,,case-01177,20260927-exchanger-thermal-comparison-b:c1177,87910,False,,highest native net among all stored complete passes; deterministic case-label tie-break
price-half,1835.4512830147435,B,network,1,1,,,case-01189,20260927-exchanger-thermal-comparison-b:c1189,87922,False,,highest native net among all stored complete passes; deterministic case-label tie-break
price-half,1835.4512830147435,B,series,1,1,,,case-01185,20260927-exchanger-thermal-comparison-b:c1185,87918,False,,highest native net among all stored complete passes; deterministic case-label tie-break
price-half,1950.0,A,network,1,1,,,case-01197,20260927-exchanger-thermal-comparison-b:c1197,87930,False,,highest native net among all stored complete passes; deterministic case-label tie-break
price-half,1950.0,A,series,1,1,,,case-01193,20260927-exchanger-thermal-comparison-b:c1193,87926,False,,highest native net among all stored complete passes; deterministic case-label tie-break
price-half,1950.0,B,network,1,1,,,case-01205,20260927-exchanger-thermal-comparison-b:c1205,87938,False,,highest native net among all stored complete passes; deterministic case-label tie-break
price-half,1950.0,B,series,1,1,,,case-01201,20260927-exchanger-thermal-comparison-b:c1201,87934,False,,highest native net among all stored complete passes; deterministic case-label tie-break
price-half,2000.0,A,network,2,2,,,case-01258,20260927-exchanger-thermal-comparison-b:c1258,91229,False,,highest native net among all stored complete passes; deterministic case-label tie-break
price-half,2000.0,A,series,1,1,,,case-01209,20260927-exchanger-thermal-comparison-b:c1209,87942,False,,highest native net among all stored complete passes; deterministic case-label tie-break
price-half,2000.0,B,network,1,1,,,case-01221,20260927-exchanger-thermal-comparison-b:c1221,87954,False,,highest native net among all stored complete passes; deterministic case-label tie-break
price-half,2000.0,B,series,1,1,,,case-01217,20260927-exchanger-thermal-comparison-b:c1217,87950,False,,highest native net among all stored complete passes; deterministic case-label tie-break
pump0.8,1835.4512830147435,B,network,46,16,74007,case-00950,case-00950,20260927-exchanger-thermal-comparison-b:c0950,74007,False,0.0,highest native net among all stored complete passes; deterministic case-label tie-break
pump0.8,1835.4512830147435,B,series,13,7,68895,case-00904,case-00904,20260927-exchanger-thermal-comparison-b:c0904,68895,False,0.0,highest native net among all stored complete passes; deterministic case-label tie-break
pump1.2,1835.4512830147435,B,network,54,22,79261,case-01001,case-01001,20260927-exchanger-thermal-comparison-b:c1001,79261,False,0.0,highest native net among all stored complete passes; deterministic case-label tie-break
pump1.2,1835.4512830147435,B,series,13,7,74122,case-00959,case-00959,20260927-exchanger-thermal-comparison-b:c0959,74122,False,0.0,highest native net among all stored complete passes; deterministic case-label tie-break
zero-tritium,1650.0,A,network,1,1,,,case-01168,20260927-exchanger-thermal-comparison-b:c1168,87901,False,,highest native net among all stored complete passes; deterministic case-label tie-break
zero-tritium,1650.0,A,series,1,1,,,case-01164,20260927-exchanger-thermal-comparison-b:c1164,87897,False,,highest native net among all stored complete passes; deterministic case-label tie-break
zero-tritium,1650.0,B,network,1,1,,,case-01172,20260927-exchanger-thermal-comparison-b:c1172,87905,False,,highest native net among all stored complete passes; deterministic case-label tie-break
zero-tritium,1835.4512830147435,A,network,1,1,,,case-01180,20260927-exchanger-thermal-comparison-b:c1180,87913,False,,highest native net among all stored complete passes; deterministic case-label tie-break
zero-tritium,1835.4512830147435,A,series,1,1,,,case-01176,20260927-exchanger-thermal-comparison-b:c1176,87909,False,,highest native net among all stored complete passes; deterministic case-label tie-break
zero-tritium,1835.4512830147435,B,network,1,1,,,case-01188,20260927-exchanger-thermal-comparison-b:c1188,87921,False,,highest native net among all stored complete passes; deterministic case-label tie-break
zero-tritium,1835.4512830147435,B,series,1,1,,,case-01184,20260927-exchanger-thermal-comparison-b:c1184,87917,False,,highest native net among all stored complete passes; deterministic case-label tie-break
zero-tritium,1950.0,A,network,1,1,,,case-01196,20260927-exchanger-thermal-comparison-b:c1196,87929,False,,highest native net among all stored complete passes; deterministic case-label tie-break
zero-tritium,1950.0,A,series,1,1,,,case-01192,20260927-exchanger-thermal-comparison-b:c1192,87925,False,,highest native net among all stored complete passes; deterministic case-label tie-break
zero-tritium,1950.0,B,network,1,1,,,case-01204,20260927-exchanger-thermal-comparison-b:c1204,87937,False,,highest native net among all stored complete passes; deterministic case-label tie-break
zero-tritium,1950.0,B,series,1,1,,,case-01200,20260927-exchanger-thermal-comparison-b:c1200,87933,False,,highest native net among all stored complete passes; deterministic case-label tie-break
zero-tritium,2000.0,A,network,2,2,,,case-01257,20260927-exchanger-thermal-comparison-b:c1257,91228,False,,highest native net among all stored complete passes; deterministic case-label tie-break
zero-tritium,2000.0,A,series,1,1,,,case-01208,20260927-exchanger-thermal-comparison-b:c1208,87941,False,,highest native net among all stored complete passes; deterministic case-label tie-break
zero-tritium,2000.0,B,network,1,1,,,case-01220,20260927-exchanger-thermal-comparison-b:c1220,87953,False,,highest native net among all stored complete passes; deterministic case-label tie-break
zero-tritium,2000.0,B,series,1,1,,,case-01216,20260927-exchanger-thermal-comparison-b:c1216,87949,False,,highest native net among all stored complete passes; deterministic case-label tie-break
