scenario,source_MW,branch,family,attempted_aliases,catalog_aliases,unique_eligible_catalog_points,status,common_input_digest,native_case,native_lcoe_USD2025_MWh
TBR-model-lower-T-price-x0,2500.0,gas,fuel,6,6,6,supported_catalog_minimum,6fbd6124d284749142c4582514d1ea737a2c1de611ee4d032995e113c90058d9,TBR-model-lower-T-price-x0::nominal::gas-q2500-m2000-r1.5-ua25-25-25,864.9284558066427
TBR-model-lower-T-price-x0,2500.0,steam,fuel,11,11,11,supported_catalog_minimum,6fbd6124d284749142c4582514d1ea737a2c1de611ee4d032995e113c90058d9,TBR-model-lower-T-price-x0::nominal::gas-q2500-m2000-r1.5-ua25-25-25,403.6927489223545
TBR-model-lower-T-price-x0,2800.0,gas,fuel,3,3,3,supported_catalog_minimum,838820cf361637f19c5d7ae14f3c78941d481cd2c04f68c6c7d4970eaa4cb627,TBR-model-lower-T-price-x0::nominal::gas-q2800-m1750-r1.8-ua25-25-25,1215.764016460557
TBR-model-lower-T-price-x0,2800.0,steam,fuel,7,7,7,supported_catalog_minimum,838820cf361637f19c5d7ae14f3c78941d481cd2c04f68c6c7d4970eaa4cb627,TBR-model-lower-T-price-x0::nominal::gas-q2800-m1750-r1.8-ua25-25-25,366.72534103976574
TBR-model-lower-T-price-x0.333333,2500.0,gas,fuel,6,6,6,supported_catalog_minimum,096b42d1a491e48f0c4dc2db4fc9c6496a8cfcee0a14a2a3c50d05db81a68518,TBR-model-lower-T-price-x0.333333::nominal::gas-q2500-m2000-r1.5-ua25-25-25,873.886772198019
TBR-model-lower-T-price-x0.333333,2500.0,steam,fuel,11,11,11,supported_catalog_minimum,096b42d1a491e48f0c4dc2db4fc9c6496a8cfcee0a14a2a3c50d05db81a68518,TBR-model-lower-T-price-x0.333333::nominal::gas-q2500-m2000-r1.5-ua25-25-25,407.54990668204925
TBR-model-lower-T-price-x0.333333,2800.0,gas,fuel,3,3,3,supported_catalog_minimum,af54a2a9b80c387b035a73038e3ea6b66038250ad0c5c6dd5ac8715d1095e3c2,TBR-model-lower-T-price-x0.333333::nominal::gas-q2800-m1750-r1.8-ua25-25-25,1228.8216825534178
TBR-model-lower-T-price-x0.333333,2800.0,steam,fuel,7,7,7,supported_catalog_minimum,af54a2a9b80c387b035a73038e3ea6b66038250ad0c5c6dd5ac8715d1095e3c2,TBR-model-lower-T-price-x0.333333::nominal::gas-q2800-m1750-r1.8-ua25-25-25,370.3010363434514
TBR-model-lower-T-price-x1,2500.0,gas,fuel,6,6,6,supported_catalog_minimum,6d361203a121758f298e8bac0c448e09eb544050cfa4eff048360a65dd82b35d,TBR-model-lower-T-price-x1::nominal::gas-q2500-m2000-r1.5-ua25-25-25,891.803404980771
TBR-model-lower-T-price-x1,2500.0,steam,fuel,11,11,11,supported_catalog_minimum,6d361203a121758f298e8bac0c448e09eb544050cfa4eff048360a65dd82b35d,TBR-model-lower-T-price-x1::nominal::gas-q2500-m2000-r1.5-ua25-25-25,415.2642222014386
TBR-model-lower-T-price-x1,2800.0,gas,fuel,3,3,3,supported_catalog_minimum,da190aed0ae3501a0aad3f3930a645b85690e2101acabdccc11824ce72879974,TBR-model-lower-T-price-x1::nominal::gas-q2800-m1750-r1.8-ua25-25-25,1254.937014739138
TBR-model-lower-T-price-x1,2800.0,steam,fuel,7,7,7,supported_catalog_minimum,da190aed0ae3501a0aad3f3930a645b85690e2101acabdccc11824ce72879974,TBR-model-lower-T-price-x1::nominal::gas-q2800-m1750-r1.8-ua25-25-25,377.4524269508226
TBR-model-lower-T-price-x3.33333,2500.0,gas,fuel,6,6,6,supported_catalog_minimum,1116de0503f5fa0a72325887231264e0db6b60630df1baaf250033afa6d6531d,TBR-model-lower-T-price-x3.33333::nominal::gas-q2500-m2000-r1.5-ua25-25-25,954.511619720404
TBR-model-lower-T-price-x3.33333,2500.0,steam,fuel,11,11,11,supported_catalog_minimum,1116de0503f5fa0a72325887231264e0db6b60630df1baaf250033afa6d6531d,TBR-model-lower-T-price-x3.33333::nominal::gas-q2500-m2000-r1.5-ua25-25-25,442.26432651930145
TBR-model-lower-T-price-x3.33333,2800.0,gas,fuel,3,3,3,supported_catalog_minimum,d8160928b1157b0db6f6e0248d487a296a98e6ea8045da3460b2dc402ea07a30,TBR-model-lower-T-price-x3.33333::nominal::gas-q2800-m1750-r1.8-ua25-25-25,1346.3406773891606
TBR-model-lower-T-price-x3.33333,2800.0,steam,fuel,7,7,7,supported_catalog_minimum,d8160928b1157b0db6f6e0248d487a296a98e6ea8045da3460b2dc402ea07a30,TBR-model-lower-T-price-x3.33333::nominal::gas-q2800-m1750-r1.8-ua25-25-25,402.4822940766219
TBR-model-mean-T-price-x0,2500.0,gas,fuel,6,6,6,supported_catalog_minimum,cd04e45403a18c8dd89d9043076ada32deff6a1729b4241c2195ac705a4abc73,TBR-model-mean-T-price-x0::nominal::gas-q2500-m2000-r1.5-ua25-25-25,864.929580885567
TBR-model-mean-T-price-x0,2500.0,steam,fuel,11,11,11,supported_catalog_minimum,cd04e45403a18c8dd89d9043076ada32deff6a1729b4241c2195ac705a4abc73,TBR-model-mean-T-price-x0::nominal::gas-q2500-m2000-r1.5-ua25-25-25,403.6932333445063
TBR-model-mean-T-price-x0,2800.0,gas,fuel,3,3,3,supported_catalog_minimum,e762a72bdb7645635a9c66a0661e2f5227f0bd917442005c92ddf5ab9b83a1ea,TBR-model-mean-T-price-x0::nominal::gas-q2800-m1750-r1.8-ua25-25-25,1215.7657822121948
TBR-model-mean-T-price-x0,2800.0,steam,fuel,7,7,7,supported_catalog_minimum,e762a72bdb7645635a9c66a0661e2f5227f0bd917442005c92ddf5ab9b83a1ea,TBR-model-mean-T-price-x0::nominal::gas-q2800-m1750-r1.8-ua25-25-25,366.7258245710334
TBR-model-mean-T-price-x0.333333,2500.0,gas,fuel,6,6,6,supported_catalog_minimum,359b22c6736c2fee17628f12f236e2606be5284b4c42cde25c3401dace111739,TBR-model-mean-T-price-x0.333333::nominal::gas-q2500-m2000-r1.5-ua25-25-25,868.3905741561391
TBR-model-mean-T-price-x0.333333,2500.0,steam,fuel,11,11,11,supported_catalog_minimum,359b22c6736c2fee17628f12f236e2606be5284b4c42cde25c3401dace111739,TBR-model-mean-T-price-x0.333333::nominal::gas-q2500-m2000-r1.5-ua25-25-25,405.18342374040367
TBR-model-mean-T-price-x0.333333,2800.0,gas,fuel,3,3,3,supported_catalog_minimum,65f88fb2a396e235b52da882708bf29e6c1825c09f92d3505aa7f2b77bf193b6,TBR-model-mean-T-price-x0.333333::nominal::gas-q2800-m1750-r1.8-ua25-25-25,1220.605062466333
TBR-model-mean-T-price-x0.333333,2800.0,steam,fuel,7,7,7,supported_catalog_minimum,65f88fb2a396e235b52da882708bf29e6c1825c09f92d3505aa7f2b77bf193b6,TBR-model-mean-T-price-x0.333333::nominal::gas-q2800-m1750-r1.8-ua25-25-25,368.05100715380763
TBR-model-mean-T-price-x3.33333,2500.0,gas,fuel,6,6,6,supported_catalog_minimum,4c74a8ab071908107163ab0bfd8983fb5699b12c1790e3cfcb8b0d6a8acf5fb8,TBR-model-mean-T-price-x3.33333::nominal::gas-q2500-m2000-r1.5-ua25-25-25,899.5395135912863
TBR-model-mean-T-price-x3.33333,2500.0,steam,fuel,11,11,11,supported_catalog_minimum,4c74a8ab071908107163ab0bfd8983fb5699b12c1790e3cfcb8b0d6a8acf5fb8,TBR-model-mean-T-price-x3.33333::nominal::gas-q2500-m2000-r1.5-ua25-25-25,418.5951373034788
TBR-model-mean-T-price-x3.33333,2800.0,gas,fuel,3,3,3,supported_catalog_minimum,347613e2658b7a9b1d1365cbe6432faf6152fc67cdcd842352b7e72ecd10812e,TBR-model-mean-T-price-x3.33333::nominal::gas-q2800-m1750-r1.8-ua25-25-25,1264.1585847535737
TBR-model-mean-T-price-x3.33333,2800.0,steam,fuel,7,7,7,supported_catalog_minimum,347613e2658b7a9b1d1365cbe6432faf6152fc67cdcd842352b7e72ecd10812e,TBR-model-mean-T-price-x3.33333::nominal::gas-q2800-m1750-r1.8-ua25-25-25,379.9776503987751
TBR-paper-reference-T-price-x0,2500.0,gas,fuel,6,6,6,supported_catalog_minimum,fc4a93483b9b359ab7fa462ce1d133b1afe46da539dae91929a6b1fec9120542,TBR-paper-reference-T-price-x0::nominal::gas-q2500-m2000-r1.5-ua25-25-25,864.9178782539437
TBR-paper-reference-T-price-x0,2500.0,steam,fuel,11,11,11,supported_catalog_minimum,fc4a93483b9b359ab7fa462ce1d133b1afe46da539dae91929a6b1fec9120542,TBR-paper-reference-T-price-x0::nominal::gas-q2500-m2000-r1.5-ua25-25-25,403.68819457445153
TBR-paper-reference-T-price-x0,2800.0,gas,fuel,3,3,3,supported_catalog_minimum,4a5795de87c485599d86ce5e4c363915e75266d89a3f35ab64ec41cc11f123ee,TBR-paper-reference-T-price-x0::nominal::gas-q2800-m1750-r1.8-ua25-25-25,1215.7474155531916
TBR-paper-reference-T-price-x0,2800.0,steam,fuel,7,7,7,supported_catalog_minimum,4a5795de87c485599d86ce5e4c363915e75266d89a3f35ab64ec41cc11f123ee,TBR-paper-reference-T-price-x0::nominal::gas-q2800-m1750-r1.8-ua25-25-25,366.7207950676079
TBR-paper-reference-T-price-x0.333333,2500.0,gas,fuel,6,6,6,supported_catalog_minimum,a4b6af727d9788d0aa9d72cadc76a72429cc57bb17d3d84c0ee2bab1e4354611,TBR-paper-reference-T-price-x0.333333::nominal::gas-q2500-m2000-r1.5-ua25-25-25,964.2553237566068
TBR-paper-reference-T-price-x0.333333,2500.0,steam,fuel,11,11,11,supported_catalog_minimum,a4b6af727d9788d0aa9d72cadc76a72429cc57bb17d3d84c0ee2bab1e4354611,TBR-paper-reference-T-price-x0.333333::nominal::gas-q2500-m2000-r1.5-ua25-25-25,446.459646486744
TBR-paper-reference-T-price-x0.333333,2800.0,gas,fuel,3,3,3,supported_catalog_minimum,ee7498b688b80337a4d80ca916c70faec683f8785e570acf01647dff0c69b7cf,TBR-paper-reference-T-price-x0.333333::nominal::gas-q2800-m1750-r1.8-ua25-25-25,1370.6503262758622
TBR-paper-reference-T-price-x0.333333,2800.0,steam,fuel,7,7,7,supported_catalog_minimum,ee7498b688b80337a4d80ca916c70faec683f8785e570acf01647dff0c69b7cf,TBR-paper-reference-T-price-x0.333333::nominal::gas-q2800-m1750-r1.8-ua25-25-25,409.13921857907593
TBR-paper-reference-T-price-x1,2500.0,gas,fuel,6,6,6,supported_catalog_minimum,726a42c96d364e46e0692225fe580b2f61377188c59da7f6d67350b9b0b0a246,TBR-paper-reference-T-price-x1::nominal::gas-q2500-m2000-r1.5-ua25-25-25,1162.9302147619326
TBR-paper-reference-T-price-x1,2500.0,steam,fuel,11,11,11,supported_catalog_minimum,726a42c96d364e46e0692225fe580b2f61377188c59da7f6d67350b9b0b0a246,TBR-paper-reference-T-price-x1::nominal::gas-q2500-m2000-r1.5-ua25-25-25,532.0025503113287
TBR-paper-reference-T-price-x1,2800.0,gas,fuel,3,3,3,supported_catalog_minimum,a50a28a5445a9d809dbd7aae656a07131398fc46e8559f4678354339037727b9,TBR-paper-reference-T-price-x1::nominal::gas-q2800-m1750-r1.8-ua25-25-25,1680.4561477212033
TBR-paper-reference-T-price-x1,2800.0,steam,fuel,7,7,7,supported_catalog_minimum,a50a28a5445a9d809dbd7aae656a07131398fc46e8559f4678354339037727b9,TBR-paper-reference-T-price-x1::nominal::gas-q2800-m1750-r1.8-ua25-25-25,493.97606560201166
TBR-paper-reference-T-price-x3.33333,2500.0,gas,fuel,6,6,6,supported_catalog_minimum,b6c9ca1f96aefbfa507f8710cc2ceb5a13c91af2a3a07d8b3dd7072f2753daf7,TBR-paper-reference-T-price-x3.33333::nominal::gas-q2500-m2000-r1.5-ua25-25-25,1858.292333280573
TBR-paper-reference-T-price-x3.33333,2500.0,steam,fuel,11,11,11,supported_catalog_minimum,b6c9ca1f96aefbfa507f8710cc2ceb5a13c91af2a3a07d8b3dd7072f2753daf7,TBR-paper-reference-T-price-x3.33333::nominal::gas-q2500-m2000-r1.5-ua25-25-25,831.4027136973755
TBR-paper-reference-T-price-x3.33333,2800.0,gas,fuel,3,3,3,supported_catalog_minimum,9db3acbb23c2589b6bdf30365ed3e8b6d32aef81754058ca8f5e90cf7eb3d97c,TBR-paper-reference-T-price-x3.33333::nominal::gas-q2800-m1750-r1.8-ua25-25-25,2764.776522779897
TBR-paper-reference-T-price-x3.33333,2800.0,steam,fuel,7,7,7,supported_catalog_minimum,9db3acbb23c2589b6bdf30365ed3e8b6d32aef81754058ca8f5e90cf7eb3d97c,TBR-paper-reference-T-price-x3.33333::nominal::gas-q2800-m1750-r1.8-ua25-25-25,790.905030182287
adverse_controller,2500.0,gas,adverse_controller,1,0,0,diagnostic_only,,,
adverse_controller,2500.0,steam,adverse_controller,1,0,0,diagnostic_only,,,
adverse_controller,2800.0,gas,adverse_controller,1,0,0,diagnostic_only,,,
adverse_controller,2800.0,steam,adverse_controller,1,0,0,diagnostic_only,,,
auxiliary_rejection-quote-x0.5,2500.0,gas,auxiliary_rejection,6,6,6,supported_catalog_minimum,2dd8767167a8cdff1870988163985a5dbaf3e335498674ea73f35dda4a87643c,auxiliary_rejection-quote-x0.5::nominal::gas-q2500-m2000-r1.5-ua25-25-25,873.8438890524194
auxiliary_rejection-quote-x0.5,2500.0,steam,auxiliary_rejection,11,11,11,supported_catalog_minimum,2dd8767167a8cdff1870988163985a5dbaf3e335498674ea73f35dda4a87643c,auxiliary_rejection-quote-x0.5::nominal::gas-q2500-m2000-r1.5-ua25-25-25,407.5314426034676
auxiliary_rejection-quote-x0.5,2800.0,gas,auxiliary_rejection,3,3,3,supported_catalog_minimum,b7eb4ccff3fac1b0de65c82d817b2141b91e03b74b02ecabe5209981159fd50e,auxiliary_rejection-quote-x0.5::nominal::gas-q2800-m1750-r1.8-ua25-25-25,1228.2300755865708
auxiliary_rejection-quote-x0.5,2800.0,steam,auxiliary_rejection,7,7,7,supported_catalog_minimum,b7eb4ccff3fac1b0de65c82d817b2141b91e03b74b02ecabe5209981159fd50e,auxiliary_rejection-quote-x0.5::nominal::gas-q2800-m1750-r1.8-ua25-25-25,370.1390314156229
auxiliary_rejection-quote-x1.5,2500.0,gas,auxiliary_rejection,6,6,6,supported_catalog_minimum,dac608a427f6ca0262685fb017a22c13a7cfcbcd54dcb200e545186dc27336f9,auxiliary_rejection-quote-x1.5::nominal::gas-q2500-m2000-r1.5-ua25-25-25,876.7812323421463
auxiliary_rejection-quote-x1.5,2500.0,steam,auxiliary_rejection,11,11,11,supported_catalog_minimum,dac608a427f6ca0262685fb017a22c13a7cfcbcd54dcb200e545186dc27336f9,auxiliary_rejection-quote-x1.5::nominal::gas-q2500-m2000-r1.5-ua25-25-25,408.7961664609285
auxiliary_rejection-quote-x1.5,2800.0,gas,auxiliary_rejection,3,3,3,supported_catalog_minimum,449c2981423a2eb68280626357bfcfcf69c2d93ad7a889e34983c9b0f4d6f719,auxiliary_rejection-quote-x1.5::nominal::gas-q2800-m1750-r1.8-ua25-25-25,1232.3371703626465
auxiliary_rejection-quote-x1.5,2800.0,steam,auxiliary_rejection,7,7,7,supported_catalog_minimum,449c2981423a2eb68280626357bfcfcf69c2d93ad7a889e34983c9b0f4d6f719,auxiliary_rejection-quote-x1.5::nominal::gas-q2800-m1750-r1.8-ua25-25-25,371.26371322308887
availability-0.65,2500.0,gas,availability,6,6,6,supported_catalog_minimum,8d824abd3998af26c9bbc3859b7fab962873380cc0e65acd39fcad8d2c8494db,availability-0.65::nominal::gas-q2500-m2000-r1.5-ua25-25-25,1018.5192748860354
availability-0.65,2500.0,steam,availability,11,11,11,supported_catalog_minimum,8d824abd3998af26c9bbc3859b7fab962873380cc0e65acd39fcad8d2c8494db,availability-0.65::nominal::gas-q2500-m2000-r1.5-ua25-25-25,477.04305164715447
availability-0.65,2800.0,gas,availability,3,3,3,supported_catalog_minimum,4619f28d07029f91456ea02266eb691c7db531a1b6db090fdec080a96fc77da7,availability-0.65::nominal::gas-q2800-m1750-r1.8-ua25-25-25,1430.1338693197968
availability-0.65,2800.0,steam,availability,7,7,7,supported_catalog_minimum,4619f28d07029f91456ea02266eb691c7db531a1b6db090fdec080a96fc77da7,availability-0.65::nominal::gas-q2800-m1750-r1.8-ua25-25-25,433.2285831871193
availability-0.9,2500.0,gas,availability,6,6,0,unsupported,,,
availability-0.9,2500.0,steam,availability,11,11,0,unsupported,,,
availability-0.9,2800.0,gas,availability,3,3,0,unsupported,,,
availability-0.9,2800.0,steam,availability,7,7,0,unsupported,,,
common-quotes-x0.5,2500.0,gas,common_capital,6,6,6,supported_catalog_minimum,88e330e41ee4ae5e7e382c82525127bc728ecea671cbc260e34a9b2948b72584,common-quotes-x0.5::nominal::gas-q2500-m2000-r1.5-ua25-25-25,517.3286064567945
common-quotes-x0.5,2500.0,steam,common_capital,11,11,11,supported_catalog_minimum,88e330e41ee4ae5e7e382c82525127bc728ecea671cbc260e34a9b2948b72584,common-quotes-x0.5::nominal::gas-q2500-m2000-r1.5-ua25-25-25,254.02763355769002
common-quotes-x0.5,2800.0,gas,common_capital,3,3,3,supported_catalog_minimum,a88b6e4fc869eac242a2ab6d09b3ee6f7ee373ea87ac08218cc612aee3a96fc1,common-quotes-x0.5::nominal::gas-q2800-m1750-r1.8-ua25-25-25,726.5590773172719
common-quotes-x0.5,2800.0,steam,common_capital,7,7,7,supported_catalog_minimum,a88b6e4fc869eac242a2ab6d09b3ee6f7ee373ea87ac08218cc612aee3a96fc1,common-quotes-x0.5::nominal::gas-q2800-m1750-r1.8-ua25-25-25,232.76205916423197
common-quotes-x1.5,2500.0,gas,common_capital,6,6,6,supported_catalog_minimum,ec50c7d02196fe00b81124633a78d57795bed4d044d4a23105c576b18f9351c0,common-quotes-x1.5::nominal::gas-q2500-m2000-r1.5-ua25-25-25,1233.2965149377712
common-quotes-x1.5,2500.0,steam,common_capital,11,11,11,supported_catalog_minimum,ec50c7d02196fe00b81124633a78d57795bed4d044d4a23105c576b18f9351c0,common-quotes-x1.5::nominal::gas-q2500-m2000-r1.5-ua25-25-25,562.2999755067061
common-quotes-x1.5,2800.0,gas,common_capital,3,3,3,supported_catalog_minimum,fa7940947755e635af5086c4b8d9072a66bdc4032980740b9a425c9e16600808,common-quotes-x1.5::nominal::gas-q2800-m1750-r1.8-ua25-25-25,1734.0081686319456
common-quotes-x1.5,2800.0,steam,common_capital,7,7,7,supported_catalog_minimum,fa7940947755e635af5086c4b8d9072a66bdc4032980740b9a425c9e16600808,common-quotes-x1.5::nominal::gas-q2800-m1750-r1.8-ua25-25-25,508.64068547448005
contingency_rate-0,2500.0,gas,overheads,6,6,6,supported_catalog_minimum,b7a08be87876040ae54997b530ab8c1832522c5438ad5467e701272586145a3c,contingency_rate-0::nominal::gas-q2500-m2000-r1.5-ua25-25-25,816.048358251945
contingency_rate-0,2500.0,steam,overheads,11,11,11,supported_catalog_minimum,b7a08be87876040ae54997b530ab8c1832522c5438ad5467e701272586145a3c,contingency_rate-0::nominal::gas-q2500-m2000-r1.5-ua25-25-25,380.4046544259736
contingency_rate-0,2800.0,gas,overheads,3,3,3,supported_catalog_minimum,28e4b32f7aadf30effaf5c92c52749358c9b0aa6dd047b195ffafd605ebe14d3,contingency_rate-0::nominal::gas-q2800-m1750-r1.8-ua25-25-25,1147.418369491015
contingency_rate-0,2800.0,steam,overheads,7,7,7,supported_catalog_minimum,28e4b32f7aadf30effaf5c92c52749358c9b0aa6dd047b195ffafd605ebe14d3,contingency_rate-0::nominal::gas-q2800-m1750-r1.8-ua25-25-25,345.58608171949044
contingency_rate-0.2,2500.0,gas,overheads,6,6,6,supported_catalog_minimum,9bce33c1f09507f01c0ebf7f063477c5f4482f1f5c252a5ae576fecfcc752ce9,contingency_rate-0.2::nominal::gas-q2500-m2000-r1.5-ua25-25-25,934.5767631426205
contingency_rate-0.2,2500.0,steam,overheads,11,11,11,supported_catalog_minimum,9bce33c1f09507f01c0ebf7f063477c5f4482f1f5c252a5ae576fecfcc752ce9,contingency_rate-0.2::nominal::gas-q2500-m2000-r1.5-ua25-25-25,435.92295463842254
contingency_rate-0.2,2800.0,gas,overheads,3,3,3,supported_catalog_minimum,14db6de2eb2dacb76e81d34ba1a91bccf160d9440cea7ac9fc6ef3c292f48645,contingency_rate-0.2::nominal::gas-q2800-m1750-r1.8-ua25-25-25,1313.148876458202
contingency_rate-0.2,2800.0,steam,overheads,7,7,7,supported_catalog_minimum,14db6de2eb2dacb76e81d34ba1a91bccf160d9440cea7ac9fc6ef3c292f48645,contingency_rate-0.2::nominal::gas-q2800-m1750-r1.8-ua25-25-25,395.81666291922147
cryogenic_capacity_above,2500.0,gas,cryogenic_boundary,1,0,0,diagnostic_only,,,
cryogenic_capacity_above,2500.0,steam,cryogenic_boundary,1,0,0,diagnostic_only,,,
cryogenic_capacity_above,2800.0,gas,cryogenic_boundary,1,0,0,diagnostic_only,,,
cryogenic_capacity_above,2800.0,steam,cryogenic_boundary,1,0,0,diagnostic_only,,,
cryogenic_capacity_below,2500.0,gas,cryogenic_boundary,1,0,0,diagnostic_only,,,
cryogenic_capacity_below,2500.0,steam,cryogenic_boundary,1,0,0,diagnostic_only,,,
cryogenic_capacity_below,2800.0,gas,cryogenic_boundary,1,0,0,diagnostic_only,,,
cryogenic_capacity_below,2800.0,steam,cryogenic_boundary,1,0,0,diagnostic_only,,,
discount-0,2500.0,gas,finance,6,6,6,supported_catalog_minimum,1a6142db893c0c0712823a74435ff06c04ba4d3ac52e361c20718b9024b73a8c,discount-0::nominal::gas-q2500-m2000-r1.5-ua25-25-25,528.2653242825298
discount-0,2500.0,steam,finance,11,11,11,supported_catalog_minimum,1a6142db893c0c0712823a74435ff06c04ba4d3ac52e361c20718b9024b73a8c,discount-0::nominal::gas-q2500-m2000-r1.5-ua25-25-25,245.30857050945002
discount-0,2800.0,gas,finance,3,3,3,supported_catalog_minimum,4a47c225d655cd7e159dad502f33f352b6b713745a35907cd43bd0e1f1649823,discount-0::nominal::gas-q2800-m1750-r1.8-ua25-25-25,738.6721493905051
discount-0,2800.0,steam,finance,7,7,7,supported_catalog_minimum,4a47c225d655cd7e159dad502f33f352b6b713745a35907cd43bd0e1f1649823,discount-0::nominal::gas-q2800-m1750-r1.8-ua25-25-25,221.5158046735839
discount-0.1,2500.0,gas,finance,6,6,6,supported_catalog_minimum,557c696761827c8ac40b119aa73e1710f47e867e709b07d5454c1af214de4ac9,discount-0.1::nominal::gas-q2500-m2000-r1.5-ua25-25-25,1484.867917008276
discount-0.1,2500.0,steam,finance,11,11,11,supported_catalog_minimum,557c696761827c8ac40b119aa73e1710f47e867e709b07d5454c1af214de4ac9,discount-0.1::nominal::gas-q2500-m2000-r1.5-ua25-25-25,693.2375500806852
discount-0.1,2800.0,gas,finance,3,3,3,supported_catalog_minimum,6cf6c3ee17f632050e45517f5c5c04d69ec81085fa3d9a13dee4c439bbf7097b,discount-0.1::nominal::gas-q2800-m1750-r1.8-ua25-25-25,2085.606603414411
discount-0.1,2800.0,steam,finance,7,7,7,supported_catalog_minimum,6cf6c3ee17f632050e45517f5c5c04d69ec81085fa3d9a13dee4c439bbf7097b,discount-0.1::nominal::gas-q2800-m1750-r1.8-ua25-25-25,629.4776008967395
economic-bracket-gas-favourable-q2800-lower,2800.0,gas,economic_boundary,8,8,8,supported_catalog_minimum,db503be5a16bee3e0b6e1fc76aa4d752e9eb76652dff90e3e4e8090986b5ac7f,economic-bracket-gas-favourable-q2800-lower::gas-favourable::gas-q2800-m2000-r1.5-ua25-25-25,409.162722770667
economic-bracket-gas-favourable-q2800-lower,2800.0,steam,economic_boundary,7,7,7,supported_catalog_minimum,db503be5a16bee3e0b6e1fc76aa4d752e9eb76652dff90e3e4e8090986b5ac7f,economic-bracket-gas-favourable-q2800-lower::gas-favourable::gas-q2800-m2000-r1.5-ua25-25-25,409.16202713075404
economic-bracket-gas-favourable-q2800-upper,2800.0,gas,economic_boundary,8,8,8,supported_catalog_minimum,db503be5a16bee3e0b6e1fc76aa4d752e9eb76652dff90e3e4e8090986b5ac7f,economic-bracket-gas-favourable-q2800-upper::gas-favourable::gas-q2800-m2000-r1.5-ua25-25-25,409.1621897724067
economic-bracket-gas-favourable-q2800-upper,2800.0,steam,economic_boundary,7,7,7,supported_catalog_minimum,db503be5a16bee3e0b6e1fc76aa4d752e9eb76652dff90e3e4e8090986b5ac7f,economic-bracket-gas-favourable-q2800-upper::gas-favourable::gas-q2800-m2000-r1.5-ua25-25-25,409.16282209715746
extra-cold-10000-W,2500.0,gas,cryogenic_heat,6,6,6,supported_catalog_minimum,82df74b584fc8d8fbbf388c06761a34807241ad6f5310bf99b45e461f58e59a2,extra-cold-10000-W::nominal::gas-q2500-m2000-r1.5-ua25-25-25,877.4917506556942
extra-cold-10000-W,2500.0,steam,cryogenic_heat,11,11,11,supported_catalog_minimum,82df74b584fc8d8fbbf388c06761a34807241ad6f5310bf99b45e461f58e59a2,extra-cold-10000-W::nominal::gas-q2500-m2000-r1.5-ua25-25-25,408.60776404050483
extra-cold-10000-W,2800.0,gas,cryogenic_heat,3,3,3,supported_catalog_minimum,c8a0f1ddebc265ef1bae5823e7c0034287ae288bb33937c3ade3e501a5350d6a,extra-cold-10000-W::nominal::gas-q2800-m1750-r1.8-ua25-25-25,1234.5530940045887
extra-cold-10000-W,2800.0,steam,cryogenic_heat,7,7,7,supported_catalog_minimum,c8a0f1ddebc265ef1bae5823e7c0034287ae288bb33937c3ade3e501a5350d6a,extra-cold-10000-W::nominal::gas-q2800-m1750-r1.8-ua25-25-25,371.06097132481676
extra-cold-13000-W,2500.0,gas,cryogenic_heat,6,6,0,unsupported,,,
extra-cold-13000-W,2500.0,steam,cryogenic_heat,11,11,0,unsupported,,,
extra-cold-13000-W,2800.0,gas,cryogenic_heat,3,3,0,unsupported,,,
extra-cold-13000-W,2800.0,steam,cryogenic_heat,7,7,0,unsupported,,,
gas-favourable,2500.0,gas,joint_efficiency,125,125,14,supported_catalog_minimum,ba5b04349f6cfc4e359e9e10989c917b7e101f4921aea06c2e46c29274a2ecfb,gas-favourable::gas-q2500-m2250-r1.35-ua25-25-25,509.38790660198777
gas-favourable,2500.0,steam,joint_efficiency,24,24,11,supported_catalog_minimum,ba5b04349f6cfc4e359e9e10989c917b7e101f4921aea06c2e46c29274a2ecfb,gas-favourable::gas-q2500-m2250-r1.35-ua25-25-25,425.9966420963989
gas-favourable,2800.0,gas,joint_efficiency,125,125,8,supported_catalog_minimum,db503be5a16bee3e0b6e1fc76aa4d752e9eb76652dff90e3e4e8090986b5ac7f,gas-favourable::gas-q2800-m2000-r1.5-ua25-25-25,424.0264258334737
gas-favourable,2800.0,steam,joint_efficiency,24,24,7,supported_catalog_minimum,db503be5a16bee3e0b6e1fc76aa4d752e9eb76652dff90e3e4e8090986b5ac7f,gas-favourable::gas-q2800-m2000-r1.5-ua25-25-25,386.99282799835595
gas-favourable-gas-quote-x0.5-steam-x1.5,2500.0,gas,joint_performance_price,14,14,14,supported_catalog_minimum,ba5b04349f6cfc4e359e9e10989c917b7e101f4921aea06c2e46c29274a2ecfb,gas-favourable-gas-quote-x0.5-steam-x1.5::gas-favourable::gas-q2500-m2250-r1.35-ua25-25-25,477.20586692476553
gas-favourable-gas-quote-x0.5-steam-x1.5,2500.0,steam,joint_performance_price,11,11,11,supported_catalog_minimum,ba5b04349f6cfc4e359e9e10989c917b7e101f4921aea06c2e46c29274a2ecfb,gas-favourable-gas-quote-x0.5-steam-x1.5::gas-favourable::gas-q2500-m2250-r1.35-ua25-25-25,467.17228227819413
gas-favourable-gas-quote-x0.5-steam-x1.5,2800.0,gas,joint_performance_price,8,8,8,supported_catalog_minimum,db503be5a16bee3e0b6e1fc76aa4d752e9eb76652dff90e3e4e8090986b5ac7f,gas-favourable-gas-quote-x0.5-steam-x1.5::gas-favourable::gas-q2800-m2000-r1.5-ua25-25-25,397.3765128271899
gas-favourable-gas-quote-x0.5-steam-x1.5,2800.0,steam,joint_performance_price,7,7,7,supported_catalog_minimum,db503be5a16bee3e0b6e1fc76aa4d752e9eb76652dff90e3e4e8090986b5ac7f,gas-favourable-gas-quote-x0.5-steam-x1.5::gas-favourable::gas-q2800-m2000-r1.5-ua25-25-25,426.7411481713926
gas-quote-x0.5,2500.0,gas,conversion_price_service,6,6,6,supported_catalog_minimum,ba5b04349f6cfc4e359e9e10989c917b7e101f4921aea06c2e46c29274a2ecfb,gas-quote-x0.5::nominal::gas-q2500-m2000-r1.5-ua25-25-25,820.0121831397504
gas-quote-x0.5,2500.0,steam,conversion_price_service,11,11,11,supported_catalog_minimum,ba5b04349f6cfc4e359e9e10989c917b7e101f4921aea06c2e46c29274a2ecfb,gas-quote-x0.5::nominal::gas-q2500-m2000-r1.5-ua25-25-25,408.16380453219807
gas-quote-x0.5,2800.0,gas,conversion_price_service,3,3,3,supported_catalog_minimum,db503be5a16bee3e0b6e1fc76aa4d752e9eb76652dff90e3e4e8090986b5ac7f,gas-quote-x0.5::nominal::gas-q2800-m1750-r1.8-ua25-25-25,1152.9607262686252
gas-quote-x0.5,2800.0,steam,conversion_price_service,7,7,7,supported_catalog_minimum,db503be5a16bee3e0b6e1fc76aa4d752e9eb76652dff90e3e4e8090986b5ac7f,gas-quote-x0.5::nominal::gas-q2800-m1750-r1.8-ua25-25-25,370.7013723193559
gas-quote-x0.5-steam-x1.5,2500.0,gas,conversion_price_service,6,6,6,supported_catalog_minimum,ba5b04349f6cfc4e359e9e10989c917b7e101f4921aea06c2e46c29274a2ecfb,gas-quote-x0.5-steam-x1.5::nominal::gas-q2500-m2000-r1.5-ua25-25-25,820.0121831397504
gas-quote-x0.5-steam-x1.5,2500.0,steam,conversion_price_service,11,11,11,supported_catalog_minimum,ba5b04349f6cfc4e359e9e10989c917b7e101f4921aea06c2e46c29274a2ecfb,gas-quote-x0.5-steam-x1.5::nominal::gas-q2500-m2000-r1.5-ua25-25-25,447.61577266965406
gas-quote-x0.5-steam-x1.5,2800.0,gas,conversion_price_service,3,3,3,supported_catalog_minimum,db503be5a16bee3e0b6e1fc76aa4d752e9eb76652dff90e3e4e8090986b5ac7f,gas-quote-x0.5-steam-x1.5::nominal::gas-q2800-m1750-r1.8-ua25-25-25,1152.9607262686252
gas-quote-x0.5-steam-x1.5,2800.0,steam,conversion_price_service,7,7,7,supported_catalog_minimum,db503be5a16bee3e0b6e1fc76aa4d752e9eb76652dff90e3e4e8090986b5ac7f,gas-quote-x0.5-steam-x1.5::nominal::gas-q2800-m1750-r1.8-ua25-25-25,408.77638500562824
gas-quote-x1.5,2500.0,gas,conversion_price_service,6,6,6,supported_catalog_minimum,ba5b04349f6cfc4e359e9e10989c917b7e101f4921aea06c2e46c29274a2ecfb,gas-quote-x1.5::nominal::gas-q2500-m2000-r1.5-ua25-25-25,930.6129382548152
gas-quote-x1.5,2500.0,steam,conversion_price_service,11,11,11,supported_catalog_minimum,ba5b04349f6cfc4e359e9e10989c917b7e101f4921aea06c2e46c29274a2ecfb,gas-quote-x1.5::nominal::gas-q2500-m2000-r1.5-ua25-25-25,408.16380453219807
gas-quote-x1.5,2800.0,gas,conversion_price_service,3,3,3,supported_catalog_minimum,db503be5a16bee3e0b6e1fc76aa4d752e9eb76652dff90e3e4e8090986b5ac7f,gas-quote-x1.5::nominal::gas-q2800-m1750-r1.8-ua25-25-25,1307.6065196805919
gas-quote-x1.5,2800.0,steam,conversion_price_service,7,7,7,supported_catalog_minimum,db503be5a16bee3e0b6e1fc76aa4d752e9eb76652dff90e3e4e8090986b5ac7f,gas-quote-x1.5::nominal::gas-q2800-m1750-r1.8-ua25-25-25,370.7013723193559
gas-quote-x1.5-steam-x0.5,2500.0,gas,conversion_price_service,6,6,6,supported_catalog_minimum,ba5b04349f6cfc4e359e9e10989c917b7e101f4921aea06c2e46c29274a2ecfb,gas-quote-x1.5-steam-x0.5::nominal::gas-q2500-m2000-r1.5-ua25-25-25,930.6129382548152
gas-quote-x1.5-steam-x0.5,2500.0,steam,conversion_price_service,11,11,11,supported_catalog_minimum,ba5b04349f6cfc4e359e9e10989c917b7e101f4921aea06c2e46c29274a2ecfb,gas-quote-x1.5-steam-x0.5::nominal::gas-q2500-m2000-r1.5-ua25-25-25,368.7118363947421
gas-quote-x1.5-steam-x0.5,2800.0,gas,conversion_price_service,3,3,3,supported_catalog_minimum,db503be5a16bee3e0b6e1fc76aa4d752e9eb76652dff90e3e4e8090986b5ac7f,gas-quote-x1.5-steam-x0.5::nominal::gas-q2800-m1750-r1.8-ua25-25-25,1307.6065196805919
gas-quote-x1.5-steam-x0.5,2800.0,steam,conversion_price_service,7,7,7,supported_catalog_minimum,db503be5a16bee3e0b6e1fc76aa4d752e9eb76652dff90e3e4e8090986b5ac7f,gas-quote-x1.5-steam-x0.5::nominal::gas-q2800-m1750-r1.8-ua25-25-25,332.62635963308367
heating-efficiency-0.4,2500.0,gas,source_load,6,6,0,unsupported,,,
heating-efficiency-0.4,2500.0,steam,source_load,11,11,0,unsupported,,,
heating-efficiency-0.4,2800.0,gas,source_load,3,3,0,unsupported,,,
heating-efficiency-0.4,2800.0,steam,source_load,7,7,0,unsupported,,,
heating-efficiency-0.6,2500.0,gas,source_load,6,6,6,supported_catalog_minimum,122ad3450c3ce2d6f1a0a91aab30c491bfd82e238e3963aec9f5ee8f38b897ea,heating-efficiency-0.6::nominal::gas-q2500-m2000-r1.5-ua25-25-25,827.093953310028
heating-efficiency-0.6,2500.0,steam,source_load,11,11,11,supported_catalog_minimum,122ad3450c3ce2d6f1a0a91aab30c491bfd82e238e3963aec9f5ee8f38b897ea,heating-efficiency-0.6::nominal::gas-q2500-m2000-r1.5-ua25-25-25,398.16913555385
heating-efficiency-0.6,2800.0,gas,source_load,3,3,3,supported_catalog_minimum,58e98f63311619ccc4b6cf1f86b30aedabebbdf51bdb9bebc4f9503f31cd068b,heating-efficiency-0.6::nominal::gas-q2800-m1750-r1.8-ua25-25-25,1137.5553100356772
heating-efficiency-0.6,2800.0,steam,source_load,7,7,7,supported_catalog_minimum,58e98f63311619ccc4b6cf1f86b30aedabebbdf51bdb9bebc4f9503f31cd068b,heating-efficiency-0.6::nominal::gas-q2800-m1750-r1.8-ua25-25-25,362.607222622654
held_efficiency,2500.0,gas,held_efficiency,2,0,0,diagnostic_only,,,
held_efficiency,2500.0,steam,held_efficiency,2,0,0,diagnostic_only,,,
held_efficiency,2800.0,gas,held_efficiency,2,0,0,diagnostic_only,,,
held_efficiency,2800.0,steam,held_efficiency,2,0,0,diagnostic_only,,,
import-price-0,2500.0,gas,imports,6,6,6,supported_catalog_minimum,ecc5cfdc711bf9ba8e1754555735f44e3fb6be0744a79ec64d7839bff807ab84,import-price-0::nominal::gas-q2500-m2000-r1.5-ua25-25-25,874.939263088601
import-price-0,2500.0,steam,imports,11,11,11,supported_catalog_minimum,ecc5cfdc711bf9ba8e1754555735f44e3fb6be0744a79ec64d7839bff807ab84,import-price-0::nominal::gas-q2500-m2000-r1.5-ua25-25-25,408.00307480296135
import-price-0,2800.0,gas,imports,3,3,3,supported_catalog_minimum,fc48191158603944c47f243cb82bd28235d11a459cc493db8b9f6016da2c6e0b,import-price-0::nominal::gas-q2800-m1750-r1.8-ua25-25-25,1229.761665373023
import-price-0,2800.0,steam,imports,7,7,7,supported_catalog_minimum,fc48191158603944c47f243cb82bd28235d11a459cc493db8b9f6016da2c6e0b,import-price-0::nominal::gas-q2800-m1750-r1.8-ua25-25-25,370.558440088478
import-price-150,2500.0,gas,imports,6,6,6,supported_catalog_minimum,87b1f92dc1400f7a23ababfe368724c222a1412f0885b2f418337574391de93c,import-price-150::nominal::gas-q2500-m2000-r1.5-ua25-25-25,876.0591559146463
import-price-150,2500.0,steam,imports,11,11,11,supported_catalog_minimum,87b1f92dc1400f7a23ababfe368724c222a1412f0885b2f418337574391de93c,import-price-150::nominal::gas-q2500-m2000-r1.5-ua25-25-25,408.4852639906714
import-price-150,2800.0,gas,imports,3,3,3,supported_catalog_minimum,aec0beed62e61ba096ce136c97ea8d42976b44fd436fb498486ff2c71600d369,import-price-150::nominal::gas-q2800-m1750-r1.8-ua25-25-25,1231.3275381777792
import-price-150,2800.0,steam,imports,7,7,7,supported_catalog_minimum,aec0beed62e61ba096ce136c97ea8d42976b44fd436fb498486ff2c71600d369,import-price-150::nominal::gas-q2800-m1750-r1.8-ua25-25-25,370.98723678111173
indirect_rate-0.1,2500.0,gas,overheads,6,6,6,supported_catalog_minimum,8dade32c761749ff781d00b156d25d00f211bdddb0015124cd8b028588110e26,indirect_rate-0.1::nominal::gas-q2500-m2000-r1.5-ua25-25-25,806.6908526026812
indirect_rate-0.1,2500.0,steam,overheads,11,11,11,supported_catalog_minimum,8dade32c761749ff781d00b156d25d00f211bdddb0015124cd8b028588110e26,indirect_rate-0.1::nominal::gas-q2500-m2000-r1.5-ua25-25-25,376.0216307249908
indirect_rate-0.1,2800.0,gas,overheads,3,3,3,supported_catalog_minimum,165d5fd99889b0e96fd5355a5b30489880c3a8628231c9ad7c52d7c172c1d835,indirect_rate-0.1::nominal::gas-q2800-m1750-r1.8-ua25-25-25,1134.334382098869
indirect_rate-0.1,2800.0,steam,overheads,7,7,7,supported_catalog_minimum,165d5fd99889b0e96fd5355a5b30489880c3a8628231c9ad7c52d7c172c1d835,indirect_rate-0.1::nominal::gas-q2800-m1750-r1.8-ua25-25-25,341.62050951951164
indirect_rate-0.3,2500.0,gas,overheads,6,6,6,supported_catalog_minimum,c2404fde771697670aff78a58203f77b04be7711383da83541b856ae359c0186,indirect_rate-0.3::nominal::gas-q2500-m2000-r1.5-ua25-25-25,943.9342687918844
indirect_rate-0.3,2500.0,steam,overheads,11,11,11,supported_catalog_minimum,c2404fde771697670aff78a58203f77b04be7711383da83541b856ae359c0186,indirect_rate-0.3::nominal::gas-q2500-m2000-r1.5-ua25-25-25,440.30597833940527
indirect_rate-0.3,2800.0,gas,overheads,3,3,3,supported_catalog_minimum,47a0b6c7fe728e2d4fd370ac35a6e55bd5f0f0e260a723eb5a021fdfddd78ab5,indirect_rate-0.3::nominal::gas-q2800-m1750-r1.8-ua25-25-25,1326.2328638503482
indirect_rate-0.3,2800.0,steam,overheads,7,7,7,supported_catalog_minimum,47a0b6c7fe728e2d4fd370ac35a6e55bd5f0f0e260a723eb5a021fdfddd78ab5,indirect_rate-0.3::nominal::gas-q2800-m1750-r1.8-ua25-25-25,399.7822351192002
magnet-life-12-FPY,2500.0,gas,replacement,6,6,6,supported_catalog_minimum,d14bcac88da6d0a0a881587581f33700b57009eeafdb511c67b9eeea4c174403,magnet-life-12-FPY::nominal::gas-q2500-m2000-r1.5-ua25-25-25,841.9123740653622
magnet-life-12-FPY,2500.0,steam,replacement,11,11,11,supported_catalog_minimum,d14bcac88da6d0a0a881587581f33700b57009eeafdb511c67b9eeea4c174403,magnet-life-12-FPY::nominal::gas-q2500-m2000-r1.5-ua25-25-25,393.7827776277918
magnet-life-12-FPY,2800.0,gas,replacement,3,3,3,supported_catalog_minimum,c7d3d3a9f64fc9f18ce808a7aa5bebe9908edfba99732224b9b3a74e778fc116,magnet-life-12-FPY::nominal::gas-q2800-m1750-r1.8-ua25-25-25,1183.5823291504619
magnet-life-12-FPY,2800.0,steam,replacement,7,7,7,supported_catalog_minimum,c7d3d3a9f64fc9f18ce808a7aa5bebe9908edfba99732224b9b3a74e778fc116,magnet-life-12-FPY::nominal::gas-q2800-m1750-r1.8-ua25-25-25,357.9127471687749
magnet-life-8-FPY,2500.0,gas,replacement,6,6,6,supported_catalog_minimum,8eeaf30ead770f223c25dc656430e174f840714f3aa159a52bc0deb1d9ceef26,magnet-life-8-FPY::nominal::gas-q2500-m2000-r1.5-ua25-25-25,889.5130896650915
magnet-life-8-FPY,2500.0,steam,replacement,11,11,11,supported_catalog_minimum,8eeaf30ead770f223c25dc656430e174f840714f3aa159a52bc0deb1d9ceef26,magnet-life-8-FPY::nominal::gas-q2500-m2000-r1.5-ua25-25-25,414.2780874071232
magnet-life-8-FPY,2800.0,gas,replacement,3,3,3,supported_catalog_minimum,0d7d35ebad199bfe4420f169ee3c1150383c44b24aa907c481704b74dbc8869d,magnet-life-8-FPY::nominal::gas-q2800-m1750-r1.8-ua25-25-25,1250.1392927375473
magnet-life-8-FPY,2800.0,steam,replacement,7,7,7,supported_catalog_minimum,0d7d35ebad199bfe4420f169ee3c1150383c44b24aa907c481704b74dbc8869d,magnet-life-8-FPY::nominal::gas-q2800-m1750-r1.8-ua25-25-25,376.13862462906945
nominal,2500.0,gas,nominal_catalog,125,125,6,supported_catalog_minimum,ba5b04349f6cfc4e359e9e10989c917b7e101f4921aea06c2e46c29274a2ecfb,nominal::gas-q2500-m2000-r1.5-ua25-25-25,875.3125606972828
nominal,2500.0,steam,nominal_catalog,24,24,11,supported_catalog_minimum,ba5b04349f6cfc4e359e9e10989c917b7e101f4921aea06c2e46c29274a2ecfb,nominal::gas-q2500-m2000-r1.5-ua25-25-25,408.16380453219807
nominal,2800.0,gas,nominal_catalog,125,125,3,supported_catalog_minimum,db503be5a16bee3e0b6e1fc76aa4d752e9eb76652dff90e3e4e8090986b5ac7f,nominal::gas-q2800-m1750-r1.8-ua25-25-25,1230.2836229746085
nominal,2800.0,steam,nominal_catalog,24,24,7,supported_catalog_minimum,db503be5a16bee3e0b6e1fc76aa4d752e9eb76652dff90e3e4e8090986b5ac7f,nominal::gas-q2800-m1750-r1.8-ua25-25-25,370.7013723193559
nominal,3000.0,gas,nominal_catalog,125,125,0,unsupported,,,
nominal,3000.0,steam,nominal_catalog,24,24,0,unsupported,,,
nuclear-heating-50-W-m3,2500.0,gas,cryogenic_heat,6,6,6,supported_catalog_minimum,7a7e735f0459ba48d904dd18c781931ace644835d2d238d15c7daae86b247881,nuclear-heating-50-W-m3::nominal::gas-q2500-m2000-r1.5-ua25-25-25,876.2821290912049
nuclear-heating-50-W-m3,2500.0,steam,cryogenic_heat,11,11,11,supported_catalog_minimum,7a7e735f0459ba48d904dd18c781931ace644835d2d238d15c7daae86b247881,nuclear-heating-50-W-m3::nominal::gas-q2500-m2000-r1.5-ua25-25-25,408.3614848017431
nuclear-heating-50-W-m3,2800.0,gas,cryogenic_heat,3,3,3,supported_catalog_minimum,c6423cbdef47b7d5e43f122c063f0deca176855ea8df1f0390af5b857d9f12dc,nuclear-heating-50-W-m3::nominal::gas-q2800-m1750-r1.8-ua25-25-25,1232.1821711599082
nuclear-heating-50-W-m3,2800.0,steam,cryogenic_heat,7,7,7,supported_catalog_minimum,c6423cbdef47b7d5e43f122c063f0deca176855ea8df1f0390af5b857d9f12dc,nuclear-heating-50-W-m3::nominal::gas-q2800-m1750-r1.8-ua25-25-25,370.8615000675406
nuclear-heating-80-W-m3,2500.0,gas,cryogenic_heat,6,6,0,unsupported,,,
nuclear-heating-80-W-m3,2500.0,steam,cryogenic_heat,11,11,0,unsupported,,,
nuclear-heating-80-W-m3,2800.0,gas,cryogenic_heat,3,3,0,unsupported,,,
nuclear-heating-80-W-m3,2800.0,steam,cryogenic_heat,7,7,0,unsupported,,,
primary-drive-efficiency-0.9,2500.0,gas,source_load,6,6,6,supported_catalog_minimum,9a06351f3f9180cfd7f08f7254255bb502adef503f0b702a78f275dbc34cb1f2,primary-drive-efficiency-0.9::nominal::gas-q2500-m2000-r1.5-ua25-25-25,910.1279028345057
primary-drive-efficiency-0.9,2500.0,steam,source_load,11,11,11,supported_catalog_minimum,9a06351f3f9180cfd7f08f7254255bb502adef503f0b702a78f275dbc34cb1f2,primary-drive-efficiency-0.9::nominal::gas-q2500-m2000-r1.5-ua25-25-25,414.9990856910695
primary-drive-efficiency-0.9,2800.0,gas,source_load,3,3,3,supported_catalog_minimum,6bc3d4d915cd4175f41acda8d2122119010c7b1689ce9b5f48bd1f43468e5bae,primary-drive-efficiency-0.9::nominal::gas-q2800-m1750-r1.8-ua25-25-25,1330.3818435933556
primary-drive-efficiency-0.9,2800.0,steam,source_load,7,7,7,supported_catalog_minimum,6bc3d4d915cd4175f41acda8d2122119010c7b1689ce9b5f48bd1f43468e5bae,primary-drive-efficiency-0.9::nominal::gas-q2800-m1750-r1.8-ua25-25-25,378.4998659821332
primary_piping-quote-x0.5,2500.0,gas,primary_piping,6,6,6,supported_catalog_minimum,bfb22ca50be895868eaf1ae8376a5d7608042d3a84d59b4a761b7d2aef0694ae,primary_piping-quote-x0.5::nominal::gas-q2500-m2000-r1.5-ua25-25-25,787.9546807573707
primary_piping-quote-x0.5,2500.0,steam,primary_piping,11,11,11,supported_catalog_minimum,bfb22ca50be895868eaf1ae8376a5d7608042d3a84d59b4a761b7d2aef0694ae,primary_piping-quote-x0.5::nominal::gas-q2500-m2000-r1.5-ua25-25-25,370.5503613627782
primary_piping-quote-x0.5,2800.0,gas,primary_piping,3,3,3,supported_catalog_minimum,6716986adeca6920dfb7de536d79228681c3df38633a4c0e18d6b2158d31ca11,primary_piping-quote-x0.5::nominal::gas-q2800-m1750-r1.8-ua25-25-25,1108.1368199076655
primary_piping-quote-x0.5,2800.0,steam,primary_piping,7,7,7,supported_catalog_minimum,6716986adeca6920dfb7de536d79228681c3df38633a4c0e18d6b2158d31ca11,primary_piping-quote-x0.5::nominal::gas-q2800-m1750-r1.8-ua25-25-25,337.2528412433859
primary_piping-quote-x1.5,2500.0,gas,primary_piping,6,6,6,supported_catalog_minimum,b87405a0c2b1d3eb5dea2f02de1ccf5a74b1f1a4898834b1c5dec2c8e740c7cf,primary_piping-quote-x1.5::nominal::gas-q2500-m2000-r1.5-ua25-25-25,962.6704406371949
primary_piping-quote-x1.5,2500.0,steam,primary_piping,11,11,11,supported_catalog_minimum,b87405a0c2b1d3eb5dea2f02de1ccf5a74b1f1a4898834b1c5dec2c8e740c7cf,primary_piping-quote-x1.5::nominal::gas-q2500-m2000-r1.5-ua25-25-25,445.77724770161797
primary_piping-quote-x1.5,2800.0,gas,primary_piping,3,3,3,supported_catalog_minimum,04c91db62ef860860e810f66d057adef4f741926832306a312b36a0d4cd8555b,primary_piping-quote-x1.5::nominal::gas-q2800-m1750-r1.8-ua25-25-25,1352.4304260415518
primary_piping-quote-x1.5,2800.0,steam,primary_piping,7,7,7,supported_catalog_minimum,04c91db62ef860860e810f66d057adef4f741926832306a312b36a0d4cd8555b,primary_piping-quote-x1.5::nominal::gas-q2800-m1750-r1.8-ua25-25-25,404.149903395326
recurring-x0.5,2500.0,gas,conversion_price_service,6,6,6,supported_catalog_minimum,ba5b04349f6cfc4e359e9e10989c917b7e101f4921aea06c2e46c29274a2ecfb,recurring-x0.5::nominal::gas-q2500-m2000-r1.5-ua25-25-25,865.2162639903353
recurring-x0.5,2500.0,steam,conversion_price_service,11,11,11,supported_catalog_minimum,ba5b04349f6cfc4e359e9e10989c917b7e101f4921aea06c2e46c29274a2ecfb,recurring-x0.5::nominal::gas-q2500-m2000-r1.5-ua25-25-25,402.4530818564808
recurring-x0.5,2800.0,gas,conversion_price_service,3,3,3,supported_catalog_minimum,db503be5a16bee3e0b6e1fc76aa4d752e9eb76652dff90e3e4e8090986b5ac7f,recurring-x0.5::nominal::gas-q2800-m1750-r1.8-ua25-25-25,1216.1666324247326
recurring-x0.5,2800.0,steam,conversion_price_service,7,7,7,supported_catalog_minimum,db503be5a16bee3e0b6e1fc76aa4d752e9eb76652dff90e3e4e8090986b5ac7f,recurring-x0.5::nominal::gas-q2800-m1750-r1.8-ua25-25-25,365.2088633267398
recurring-x1.5,2500.0,gas,conversion_price_service,6,6,6,supported_catalog_minimum,ba5b04349f6cfc4e359e9e10989c917b7e101f4921aea06c2e46c29274a2ecfb,recurring-x1.5::nominal::gas-q2500-m2000-r1.5-ua25-25-25,885.4088574042303
recurring-x1.5,2500.0,steam,conversion_price_service,11,11,11,supported_catalog_minimum,ba5b04349f6cfc4e359e9e10989c917b7e101f4921aea06c2e46c29274a2ecfb,recurring-x1.5::nominal::gas-q2500-m2000-r1.5-ua25-25-25,413.87452720791526
recurring-x1.5,2800.0,gas,conversion_price_service,3,3,3,supported_catalog_minimum,db503be5a16bee3e0b6e1fc76aa4d752e9eb76652dff90e3e4e8090986b5ac7f,recurring-x1.5::nominal::gas-q2800-m1750-r1.8-ua25-25-25,1244.4006135244845
recurring-x1.5,2800.0,steam,conversion_price_service,7,7,7,supported_catalog_minimum,db503be5a16bee3e0b6e1fc76aa4d752e9eb76652dff90e3e4e8090986b5ac7f,recurring-x1.5::nominal::gas-q2800-m1750-r1.8-ua25-25-25,376.19388131197195
reporting-band-gap+5-q2800-lower,2800.0,gas,reporting_boundary,8,8,8,supported_catalog_minimum,db503be5a16bee3e0b6e1fc76aa4d752e9eb76652dff90e3e4e8090986b5ac7f,reporting-band-gap+5-q2800-lower::gas-favourable::gas-q2800-m2000-r1.5-ua25-25-25,411.169534021198
reporting-band-gap+5-q2800-lower,2800.0,steam,reporting_boundary,7,7,7,supported_catalog_minimum,db503be5a16bee3e0b6e1fc76aa4d752e9eb76652dff90e3e4e8090986b5ac7f,reporting-band-gap+5-q2800-lower::gas-favourable::gas-q2800-m2000-r1.5-ua25-25-25,406.16887003886603
reporting-band-gap+5-q2800-upper,2800.0,gas,reporting_boundary,8,8,8,supported_catalog_minimum,db503be5a16bee3e0b6e1fc76aa4d752e9eb76652dff90e3e4e8090986b5ac7f,reporting-band-gap+5-q2800-upper::gas-favourable::gas-q2800-m2000-r1.5-ua25-25-25,411.16900102293783
reporting-band-gap+5-q2800-upper,2800.0,steam,reporting_boundary,7,7,7,supported_catalog_minimum,db503be5a16bee3e0b6e1fc76aa4d752e9eb76652dff90e3e4e8090986b5ac7f,reporting-band-gap+5-q2800-upper::gas-favourable::gas-q2800-m2000-r1.5-ua25-25-25,406.16966500526945
reporting-band-gap-5-q2800-lower,2800.0,gas,reporting_boundary,8,8,8,supported_catalog_minimum,db503be5a16bee3e0b6e1fc76aa4d752e9eb76652dff90e3e4e8090986b5ac7f,reporting-band-gap-5-q2800-lower::gas-favourable::gas-q2800-m2000-r1.5-ua25-25-25,407.15588610765917
reporting-band-gap-5-q2800-lower,2800.0,steam,reporting_boundary,7,7,7,supported_catalog_minimum,db503be5a16bee3e0b6e1fc76aa4d752e9eb76652dff90e3e4e8090986b5ac7f,reporting-band-gap-5-q2800-lower::gas-favourable::gas-q2800-m2000-r1.5-ua25-25-25,412.1552221253273
reporting-band-gap-5-q2800-upper,2800.0,gas,reporting_boundary,8,8,8,supported_catalog_minimum,db503be5a16bee3e0b6e1fc76aa4d752e9eb76652dff90e3e4e8090986b5ac7f,reporting-band-gap-5-q2800-upper::gas-favourable::gas-q2800-m2000-r1.5-ua25-25-25,407.1553531093991
reporting-band-gap-5-q2800-upper,2800.0,steam,reporting_boundary,7,7,7,supported_catalog_minimum,db503be5a16bee3e0b6e1fc76aa4d752e9eb76652dff90e3e4e8090986b5ac7f,reporting-band-gap-5-q2800-upper::gas-favourable::gas-q2800-m2000-r1.5-ua25-25-25,412.15601709173075
residual-load-0-MW,2500.0,gas,source_load,6,6,6,supported_catalog_minimum,5d05c727875bca366813dade76bd395be245e76ea87796cd57ad1f3ce6b3a6f1,residual-load-0-MW::nominal::gas-q2500-m2000-r1.5-ua25-25-25,860.2667971153855
residual-load-0-MW,2500.0,steam,source_load,11,11,11,supported_catalog_minimum,5d05c727875bca366813dade76bd395be245e76ea87796cd57ad1f3ce6b3a6f1,residual-load-0-MW::nominal::gas-q2500-m2000-r1.5-ua25-25-25,405.11311242978894
residual-load-0-MW,2800.0,gas,source_load,3,3,3,supported_catalog_minimum,2b1f86978c083fee4bd24afde8e6d33884d3a1c1136ab4781e9bfa05ec6dfbe8,residual-load-0-MW::nominal::gas-q2800-m1750-r1.8-ua25-25-25,1200.9156748335015
residual-load-0-MW,2800.0,steam,source_load,7,7,7,supported_catalog_minimum,2b1f86978c083fee4bd24afde8e6d33884d3a1c1136ab4781e9bfa05ec6dfbe8,residual-load-0-MW::nominal::gas-q2800-m1750-r1.8-ua25-25-25,368.23543736189964
residual-load-20-MW,2500.0,gas,source_load,6,6,6,supported_catalog_minimum,9a37ef0732b5da1b69087ba43d8542fbef79055b5c0f21db53d344603f34a95f,residual-load-20-MW::nominal::gas-q2500-m2000-r1.5-ua25-25-25,923.7824507415156
residual-load-20-MW,2500.0,steam,source_load,11,11,11,supported_catalog_minimum,9a37ef0732b5da1b69087ba43d8542fbef79055b5c0f21db53d344603f34a95f,residual-load-20-MW::nominal::gas-q2500-m2000-r1.5-ua25-25-25,417.59793047930435
residual-load-20-MW,2800.0,gas,source_load,3,3,3,supported_catalog_minimum,788ff4164c29363beb9f650fd56cf0e255b90b68e368e216f6b5512ef6bc08e9,residual-load-20-MW::nominal::gas-q2800-m1750-r1.8-ua25-25-25,1327.6879764807725
residual-load-20-MW,2800.0,steam,source_load,7,7,7,supported_catalog_minimum,788ff4164c29363beb9f650fd56cf0e255b90b68e368e216f6b5512ef6bc08e9,residual-load-20-MW::nominal::gas-q2800-m1750-r1.8-ua25-25-25,378.30140117282497
routine-allocation-0.5,2500.0,gas,service,6,6,6,supported_catalog_minimum,d940da917bfea46e057647bd79ee4447a3f90c133de8cc7956dc2d812faa9ff7,routine-allocation-0.5::nominal::gas-q2500-m2000-r1.5-ua25-25-25,867.7331276977008
routine-allocation-0.5,2500.0,steam,service,11,11,11,supported_catalog_minimum,d940da917bfea46e057647bd79ee4447a3f90c133de8cc7956dc2d812faa9ff7,routine-allocation-0.5::nominal::gas-q2500-m2000-r1.5-ua25-25-25,404.90034881896077
routine-allocation-0.5,2800.0,gas,service,3,3,3,supported_catalog_minimum,53080b1160b694acf0f8af77c57ecaedfe873fd41b0fbd48901002f5f189bd9d,routine-allocation-0.5::nominal::gas-q2800-m1750-r1.8-ua25-25-25,1219.6857981350424
routine-allocation-0.5,2800.0,steam,service,7,7,7,supported_catalog_minimum,53080b1160b694acf0f8af77c57ecaedfe873fd41b0fbd48901002f5f189bd9d,routine-allocation-0.5::nominal::gas-q2800-m1750-r1.8-ua25-25-25,367.79927693426714
routine-allocation-1,2500.0,gas,service,6,6,6,supported_catalog_minimum,e7d8a2070e6fb455bb806a63ab455023b01d33ddd97bcf03a9ce47cba1d9017d,routine-allocation-1::nominal::gas-q2500-m2000-r1.5-ua25-25-25,880.3655160303374
routine-allocation-1,2500.0,steam,service,11,11,11,supported_catalog_minimum,e7d8a2070e6fb455bb806a63ab455023b01d33ddd97bcf03a9ce47cba1d9017d,routine-allocation-1::nominal::gas-q2500-m2000-r1.5-ua25-25-25,410.3394416743563
routine-allocation-1,2800.0,gas,service,3,3,3,supported_catalog_minimum,7062c171cf6be2cfdc0ebff0bd653e4670eee41a0167e1eff131c52e82d09fc2,routine-allocation-1::nominal::gas-q2800-m1750-r1.8-ua25-25-25,1237.3488395343193
routine-allocation-1,2800.0,steam,service,7,7,7,supported_catalog_minimum,7062c171cf6be2cfdc0ebff0bd653e4670eee41a0167e1eff131c52e82d09fc2,routine-allocation-1::nominal::gas-q2800-m1750-r1.8-ua25-25-25,372.63610257608167
source-installation-0,2500.0,gas,source_installation,6,6,6,supported_catalog_minimum,d5f65fa02a0ed35fe483a12906d485df2387a8a1434e606f883ee334e87e605f,source-installation-0::nominal::gas-q2500-m2000-r1.5-ua25-25-25,863.8968183957923
source-installation-0,2500.0,steam,source_installation,11,11,11,supported_catalog_minimum,d5f65fa02a0ed35fe483a12906d485df2387a8a1434e606f883ee334e87e605f,source-installation-0::nominal::gas-q2500-m2000-r1.5-ua25-25-25,403.248559627111
source-installation-0,2800.0,gas,source_installation,3,3,3,supported_catalog_minimum,c1ea0deb62c0460b5c63595e1fa37e1054ee679966a90393621eb570da5254ae,source-installation-0::nominal::gas-q2800-m1750-r1.8-ua25-25-25,1214.3217380510932
source-installation-0,2800.0,steam,source_installation,7,7,7,supported_catalog_minimum,c1ea0deb62c0460b5c63595e1fa37e1054ee679966a90393621eb570da5254ae,source-installation-0::nominal::gas-q2800-m1750-r1.8-ua25-25-25,366.3303892850913
source-installation-1e+09,2500.0,gas,source_installation,6,6,6,supported_catalog_minimum,6dcfbf1df5df831d7665b4f32bf76498b94f0ad5a4790ab216f1f259bb94cc9b,source-installation-1e+09::nominal::gas-q2500-m2000-r1.5-ua25-25-25,920.9755299032455
source-installation-1e+09,2500.0,steam,source_installation,11,11,11,supported_catalog_minimum,6dcfbf1df5df831d7665b4f32bf76498b94f0ad5a4790ab216f1f259bb94cc9b,source-installation-1e+09::nominal::gas-q2500-m2000-r1.5-ua25-25-25,427.8247841525464
source-installation-1e+09,2800.0,gas,source_installation,3,3,3,supported_catalog_minimum,1d2abdbc0b74404c24dd5c20b3500e986311e908e1333bbb18eb12d6d66df72b,source-installation-1e+09::nominal::gas-q2800-m1750-r1.8-ua25-25-25,1294.1311626686704
source-installation-1e+09,2800.0,steam,source_installation,7,7,7,supported_catalog_minimum,1d2abdbc0b74404c24dd5c20b3500e986311e908e1333bbb18eb12d6d66df72b,source-installation-1e+09::nominal::gas-q2800-m1750-r1.8-ua25-25-25,388.1853044564142
steam-favourable,2500.0,gas,joint_efficiency,125,125,2,supported_catalog_minimum,ba5b04349f6cfc4e359e9e10989c917b7e101f4921aea06c2e46c29274a2ecfb,steam-favourable::gas-q2500-m2000-r1.5-ua25-25-25,1278.2455879918675
steam-favourable,2500.0,steam,joint_efficiency,24,24,11,supported_catalog_minimum,ba5b04349f6cfc4e359e9e10989c917b7e101f4921aea06c2e46c29274a2ecfb,steam-favourable::gas-q2500-m2000-r1.5-ua25-25-25,391.9147424326514
steam-favourable,2800.0,gas,joint_efficiency,125,125,2,supported_catalog_minimum,db503be5a16bee3e0b6e1fc76aa4d752e9eb76652dff90e3e4e8090986b5ac7f,steam-favourable::gas-q2800-m2000-r1.65-ua25-25-25,3419.6334932080636
steam-favourable,2800.0,steam,joint_efficiency,24,24,7,supported_catalog_minimum,db503be5a16bee3e0b6e1fc76aa4d752e9eb76652dff90e3e4e8090986b5ac7f,steam-favourable::gas-q2800-m2000-r1.65-ua25-25-25,355.86378825385725
steam-favourable-gas-quote-x1.5-steam-x0.5,2500.0,gas,joint_performance_price,2,2,2,supported_catalog_minimum,ba5b04349f6cfc4e359e9e10989c917b7e101f4921aea06c2e46c29274a2ecfb,steam-favourable-gas-quote-x1.5-steam-x0.5::steam-favourable::gas-q2500-m2000-r1.5-ua25-25-25,1359.002413383348
steam-favourable-gas-quote-x1.5-steam-x0.5,2500.0,steam,joint_performance_price,11,11,11,supported_catalog_minimum,ba5b04349f6cfc4e359e9e10989c917b7e101f4921aea06c2e46c29274a2ecfb,steam-favourable-gas-quote-x1.5-steam-x0.5::steam-favourable::gas-q2500-m2000-r1.5-ua25-25-25,354.03336304681096
steam-favourable-gas-quote-x1.5-steam-x0.5,2800.0,gas,joint_performance_price,2,2,2,supported_catalog_minimum,db503be5a16bee3e0b6e1fc76aa4d752e9eb76652dff90e3e4e8090986b5ac7f,steam-favourable-gas-quote-x1.5-steam-x0.5::steam-favourable::gas-q2800-m2000-r1.65-ua25-25-25,3634.5562658353515
steam-favourable-gas-quote-x1.5-steam-x0.5,2800.0,steam,joint_performance_price,7,7,7,supported_catalog_minimum,db503be5a16bee3e0b6e1fc76aa4d752e9eb76652dff90e3e4e8090986b5ac7f,steam-favourable-gas-quote-x1.5-steam-x0.5::steam-favourable::gas-q2800-m2000-r1.65-ua25-25-25,319.31275482342875
steam-quote-x0.5,2500.0,gas,conversion_price_service,6,6,6,supported_catalog_minimum,ba5b04349f6cfc4e359e9e10989c917b7e101f4921aea06c2e46c29274a2ecfb,steam-quote-x0.5::nominal::gas-q2500-m2000-r1.5-ua25-25-25,875.3125606972828
steam-quote-x0.5,2500.0,steam,conversion_price_service,11,11,11,supported_catalog_minimum,ba5b04349f6cfc4e359e9e10989c917b7e101f4921aea06c2e46c29274a2ecfb,steam-quote-x0.5::nominal::gas-q2500-m2000-r1.5-ua25-25-25,368.7118363947421
steam-quote-x0.5,2800.0,gas,conversion_price_service,3,3,3,supported_catalog_minimum,db503be5a16bee3e0b6e1fc76aa4d752e9eb76652dff90e3e4e8090986b5ac7f,steam-quote-x0.5::nominal::gas-q2800-m1750-r1.8-ua25-25-25,1230.2836229746085
steam-quote-x0.5,2800.0,steam,conversion_price_service,7,7,7,supported_catalog_minimum,db503be5a16bee3e0b6e1fc76aa4d752e9eb76652dff90e3e4e8090986b5ac7f,steam-quote-x0.5::nominal::gas-q2800-m1750-r1.8-ua25-25-25,332.62635963308367
steam-quote-x1.5,2500.0,gas,conversion_price_service,6,6,6,supported_catalog_minimum,ba5b04349f6cfc4e359e9e10989c917b7e101f4921aea06c2e46c29274a2ecfb,steam-quote-x1.5::nominal::gas-q2500-m2000-r1.5-ua25-25-25,875.3125606972828
steam-quote-x1.5,2500.0,steam,conversion_price_service,11,11,11,supported_catalog_minimum,ba5b04349f6cfc4e359e9e10989c917b7e101f4921aea06c2e46c29274a2ecfb,steam-quote-x1.5::nominal::gas-q2500-m2000-r1.5-ua25-25-25,447.61577266965406
steam-quote-x1.5,2800.0,gas,conversion_price_service,3,3,3,supported_catalog_minimum,db503be5a16bee3e0b6e1fc76aa4d752e9eb76652dff90e3e4e8090986b5ac7f,steam-quote-x1.5::nominal::gas-q2800-m1750-r1.8-ua25-25-25,1230.2836229746085
steam-quote-x1.5,2800.0,steam,conversion_price_service,7,7,7,supported_catalog_minimum,db503be5a16bee3e0b6e1fc76aa4d752e9eb76652dff90e3e4e8090986b5ac7f,steam-quote-x1.5::nominal::gas-q2800-m1750-r1.8-ua25-25-25,408.77638500562824
supplementary-rates-x0,2500.0,gas,overheads,6,6,6,supported_catalog_minimum,8bd5e4a142f7f552b34ac7a6ae8d30c3958c30460ce603089ee15978ca601f53,supplementary-rates-x0::nominal::gas-q2500-m2000-r1.5-ua25-25-25,847.8563554415181
supplementary-rates-x0,2500.0,steam,overheads,11,11,11,supported_catalog_minimum,8bd5e4a142f7f552b34ac7a6ae8d30c3958c30460ce603089ee15978ca601f53,supplementary-rates-x0::nominal::gas-q2500-m2000-r1.5-ua25-25-25,395.63423465731034
supplementary-rates-x0,2800.0,gas,overheads,3,3,3,supported_catalog_minimum,2eb0120019d4fd244ed2c22ac46b426ddbeccfc970c57bf1f57dc84dfd7a31e5,supplementary-rates-x0::nominal::gas-q2800-m1750-r1.8-ua25-25-25,1191.8934090792134
supplementary-rates-x0,2800.0,steam,overheads,7,7,7,supported_catalog_minimum,2eb0120019d4fd244ed2c22ac46b426ddbeccfc970c57bf1f57dc84dfd7a31e5,supplementary-rates-x0::nominal::gas-q2800-m1750-r1.8-ua25-25-25,359.3723487523556
supplementary-rates-x2,2500.0,gas,overheads,6,6,6,supported_catalog_minimum,64577dccc110ce099f9caf9a577a7943a0b6efe0a5c93198de58461f6be4618e,supplementary-rates-x2::nominal::gas-q2500-m2000-r1.5-ua25-25-25,902.7687659530476
supplementary-rates-x2,2500.0,steam,overheads,11,11,11,supported_catalog_minimum,64577dccc110ce099f9caf9a577a7943a0b6efe0a5c93198de58461f6be4618e,supplementary-rates-x2::nominal::gas-q2500-m2000-r1.5-ua25-25-25,420.69337440708586
supplementary-rates-x2,2800.0,gas,overheads,3,3,3,supported_catalog_minimum,63e5a759a0c58453184d7ac26630bdd1d56e37a13be23737ba93083c4f09e241,supplementary-rates-x2::nominal::gas-q2800-m1750-r1.8-ua25-25-25,1268.6738368700037
supplementary-rates-x2,2800.0,steam,overheads,7,7,7,supported_catalog_minimum,63e5a759a0c58453184d7ac26630bdd1d56e37a13be23737ba93083c4f09e241,supplementary-rates-x2::nominal::gas-q2800-m1750-r1.8-ua25-25-25,382.0303958863563
window_edges,2500.0,gas,window_edges,8,0,0,diagnostic_only,,,
window_edges,2500.0,steam,window_edges,8,0,0,diagnostic_only,,,
window_edges,2800.0,gas,window_edges,6,0,0,diagnostic_only,,,
window_edges,2800.0,steam,window_edges,6,0,0,diagnostic_only,,,
window_edges,3000.0,gas,window_edges,2,0,0,diagnostic_only,,,
window_edges,3000.0,steam,window_edges,2,0,0,diagnostic_only,,,
