case_id,R,a,I,T,n,p_aux,driven,dpdT,err
20260905-stored-energy-basis:c0137,11.2,1.5,13.0,17.0,0.7,17.740159655921104,True,-2.6895160215201486,
20260905-stored-energy-basis:c0141,11.2,1.5,13.0,18.0,0.6,40.86593830202543,True,4.836947549317756,
20260905-stored-energy-basis:c0142,11.2,1.5,13.0,18.0,0.7,16.79546049450721,True,0.8576773424893247,
20260905-stored-energy-basis:c0869,12.7,1.5,14.0,17.0,0.7,43.30445934948324,True,0.5000772899811068,
20260905-stored-energy-basis:c0874,12.7,1.5,14.0,18.0,0.7,46.06716128285416,True,5.098207656356237,
20260905-stored-energy-basis:c0893,12.7,1.5,15.0,17.0,0.6,33.844001594720964,True,0.5687333148787843,
20260905-stored-energy-basis:c0894,12.7,1.5,15.0,17.0,0.7,10.678675207001447,True,-4.493969762872183,
20260905-stored-energy-basis:c0898,12.7,1.5,15.0,18.0,0.6,36.06540573191643,True,3.927052137141658,
20260905-stored-energy-basis:c0899,12.7,1.5,15.0,18.0,0.7,8.040836037483018,True,-0.7198374949011566,
20260905-stored-energy-basis:c0968,12.7,1.7,13.0,17.0,0.6,27.114883757049483,True,-1.6040059741747825,
20260905-stored-energy-basis:c0973,12.7,1.7,13.0,18.0,0.6,27.48957340788752,True,2.4181015097440195,
20260905-stored-energy-basis:c1660,14.2,1.5,16.0,17.0,0.7,33.100890276651285,True,-1.7771436244680672,
20260905-stored-energy-basis:c1661,14.2,1.5,16.0,17.0,0.8,2.384801323718761,True,-8.431291567438848,
20260905-stored-energy-basis:c1665,14.2,1.5,16.0,18.0,0.7,33.67174721584638,True,2.9955526270688893,
20260905-stored-energy-basis:c1734,14.2,1.7,14.0,17.0,0.6,49.13312965893624,True,1.0803742026426733,
20260905-stored-energy-basis:c1735,14.2,1.7,14.0,17.0,0.7,15.961040118667256,True,-6.165399035854762,
20260905-stored-energy-basis:c1740,14.2,1.7,14.0,18.0,0.7,12.541917381979031,True,-0.5810874848410208,
20260905-stored-energy-basis:c1759,14.2,1.7,15.0,17.0,0.6,13.004259741950989,True,-4.439595146270818,
20260905-stored-energy-basis:c1764,14.2,1.7,15.0,18.0,0.6,10.559575746387054,True,-0.3833462341754057,
20260905-stored-energy-basis:c1835,14.2,1.8,13.0,17.0,0.7,15.697497565320871,True,-7.185479277435718,
20260905-stored-energy-basis:c1859,14.2,1.8,14.0,17.0,0.6,8.887315163650896,True,-5.775097534197755,
20260905-stored-energy-basis:c1864,14.2,1.8,14.0,18.0,0.6,5.302089266307348,True,-1.3219306501494543,
20260905-stored-energy-basis:c2435,15.7,1.5,18.0,17.0,0.7,24.25234248643119,True,-3.8508903093398317,
20260905-stored-energy-basis:c2440,15.7,1.5,18.0,18.0,0.7,22.844330306494385,True,1.1155147515464137,
20260905-stored-energy-basis:c2510,15.7,1.7,15.0,17.0,0.7,38.9577531887802,True,-3.5656031615692996,
20260905-stored-energy-basis:c2534,15.7,1.7,16.0,17.0,0.6,31.305987723538465,True,-2.314356544382008,
20260905-stored-energy-basis:c2539,15.7,1.7,16.0,18.0,0.6,31.41299027412856,True,2.6077228586714796,
20260905-stored-energy-basis:c2610,15.7,1.8,14.0,17.0,0.7,37.02853843449873,True,-4.9470798884237865,
20260905-stored-energy-basis:c2634,15.7,1.8,15.0,17.0,0.6,26.07438349200322,True,-3.8995061619496596,
20260905-stored-energy-basis:c2639,15.7,1.8,15.0,18.0,0.6,24.8035077097843,True,1.4446424072980335,
20260905-stored-energy-basis:c2709,15.7,2.0,13.0,17.0,0.6,33.36274694420388,True,-4.518742805420857,
20260905-stored-energy-basis:c2714,15.7,2.0,13.0,18.0,0.6,32.143836704441014,True,2.190030623102075,
20260905-stored-energy-basis:c3309,17.2,1.7,18.0,17.0,0.6,16.691120201202125,True,-5.226237297117677,
20260905-stored-energy-basis:c3314,17.2,1.7,18.0,18.0,0.6,13.896313944738722,True,-0.2824701941204921,
20260905-stored-energy-basis:c3409,17.2,1.8,16.0,17.0,0.6,45.48854384098411,True,-1.6892834760085407,
20260905-stored-energy-basis:c3414,17.2,1.8,16.0,18.0,0.6,46.88410553505901,True,4.581071660522014,
20260905-stored-energy-basis:c3484,17.2,2.0,14.0,17.0,0.6,49.46184281712556,True,-2.9849930394252056,
20260905-stored-energy-basis:c3584,17.2,2.2,13.0,17.0,0.6,4.840089344094849,True,-11.886206244456332,
20260905-stored-energy-basis:c0265,11.2,1.7,13.0,18.0,0.6,-18.939894438471413,False,-4.6102828660932005,
20260905-stored-energy-basis:c0266,11.2,1.7,13.0,18.0,0.7,-52.59660270208582,False,-10.348289216600364,
20260905-stored-energy-basis:c0389,11.2,1.8,13.0,18.0,0.6,-42.01195886781807,False,-8.453969104770778,
20260905-stored-energy-basis:c0390,11.2,1.8,13.0,18.0,0.7,-78.54852058351139,False,-14.826747040481791,
20260905-stored-energy-basis:c0513,11.2,2.0,13.0,18.0,0.6,-76.1734730447576,False,-14.602180371551015,
20260905-stored-energy-basis:c0514,11.2,2.0,13.0,18.0,0.7,-115.3981739003866,False,-21.853138861136756,
20260905-stored-energy-basis:c0628,11.2,2.2,13.0,18.0,0.6,-96.62475088488696,False,-18.993934368728134,
20260905-stored-energy-basis:c0629,11.2,2.2,13.0,18.0,0.7,-135.3279356521125,False,-26.71632861607705,
20260905-stored-energy-basis:c0974,12.7,1.7,13.0,18.0,0.7,-9.688510378579622,False,-3.740702475535045,
20260905-stored-energy-basis:c0998,12.7,1.7,14.0,18.0,0.6,-6.459184233768553,False,-2.8235017661377526,
20260905-stored-energy-basis:c0999,12.7,1.7,14.0,18.0,0.7,-44.8729288235038,False,-9.287000905269451,
20260905-stored-energy-basis:c1023,12.7,1.7,15.0,18.0,0.6,-27.45738287956181,False,-6.197497998048362,
20260905-stored-energy-basis:c1024,12.7,1.7,15.0,18.0,0.7,-65.3090399436274,False,-12.694721142891439,
20260905-stored-energy-basis:c1098,12.7,1.8,13.0,18.0,0.6,-11.064256811019732,False,-3.6381468716383836,
20260905-stored-energy-basis:c1099,12.7,1.8,13.0,18.0,0.7,-54.415627227697314,False,-10.919347098925698,
20260905-stored-energy-basis:c1123,12.7,1.8,14.0,18.0,0.6,-37.225744994694594,False,-7.81319713402695,
20260905-stored-energy-basis:c1124,12.7,1.8,14.0,18.0,0.7,-79.94792066765353,False,-15.141397148583735,
20260905-stored-energy-basis:c1148,12.7,1.8,15.0,18.0,0.6,-51.63937592909264,False,-10.28391693121975,
20260905-stored-energy-basis:c1149,12.7,1.8,15.0,18.0,0.7,-92.31232861688125,False,-17.438954823362423,
20260905-stored-energy-basis:c1223,12.7,2.0,13.0,18.0,0.6,-72.70399974460145,False,-13.758787982212937,
20260905-stored-energy-basis:c1224,12.7,2.0,13.0,18.0,0.7,-124.0576568271457,False,-22.729457777781477,
20260905-stored-energy-basis:c1248,12.7,2.0,14.0,18.0,0.6,-84.41661773503961,False,-15.94869838504053,
20260905-stored-energy-basis:c1249,12.7,2.0,14.0,18.0,0.7,-131.93731257960854,False,-24.51907265558887,
20260905-stored-energy-basis:c1273,12.7,2.0,15.0,18.0,0.6,-86.80034622913956,False,-16.761621967980886,
20260905-stored-energy-basis:c1274,12.7,2.0,15.0,18.0,0.7,-129.78884384267758,False,-24.808733610801994,
20260905-stored-energy-basis:c1348,12.7,2.2,13.0,18.0,0.6,-116.0262288260394,False,-21.526798090911683,
20260905-stored-energy-basis:c1349,12.7,2.2,13.0,18.0,0.7,-170.62852141607266,False,-31.58110552994401,
20260905-stored-energy-basis:c1373,12.7,2.2,14.0,18.0,0.6,-114.97532299254648,False,-21.95135142155138,
20260905-stored-energy-basis:c1374,12.7,2.2,14.0,18.0,0.7,-163.2334558673694,False,-31.247916244367673,
20260905-stored-energy-basis:c1398,12.7,2.2,15.0,18.0,0.6,-106.95576877908974,False,-21.318022692697127,
20260905-stored-energy-basis:c1399,12.7,2.2,15.0,18.0,0.7,-148.8115948582319,False,-29.8208932207325,
20260905-stored-energy-basis:c1765,14.2,1.7,15.0,18.0,0.7,-31.984717476559467,False,-7.477991192417051,
20260905-stored-energy-basis:c1789,14.2,1.7,16.0,18.0,0.6,-17.554542103771666,False,-4.78536018558799,
20260905-stored-energy-basis:c1790,14.2,1.7,16.0,18.0,0.7,-60.479142734731,False,-12.056990719748057,
20260905-stored-energy-basis:c1865,14.2,1.8,14.0,18.0,0.7,-42.75683756690307,False,-9.33218068315881,
20260905-stored-energy-basis:c1889,14.2,1.8,15.0,18.0,0.6,-28.306016021962137,False,-6.573976940197213,
20260905-stored-energy-basis:c1890,14.2,1.8,15.0,18.0,0.7,-76.71763260192472,False,-14.780767151216594,
20260905-stored-energy-basis:c1914,14.2,1.8,16.0,18.0,0.6,-49.14199366091668,False,-9.978568810887936,
20260905-stored-energy-basis:c1915,14.2,1.8,16.0,18.0,0.7,-96.23116274729604,False,-18.126424473022098,
20260905-stored-energy-basis:c1964,14.2,2.0,13.0,18.0,0.6,-38.99992595813024,False,-8.494228418182956,
20260905-stored-energy-basis:c1989,14.2,2.0,14.0,18.0,0.6,-71.57954938468652,False,-13.729667369286744,
20260905-stored-energy-basis:c1990,14.2,2.0,14.0,18.0,0.7,-130.4258388108667,False,-23.884309565106605,
20260905-stored-energy-basis:c2014,14.2,2.0,15.0,18.0,0.6,-89.33746390696678,False,-16.8065512913509,
20260905-stored-energy-basis:c2015,14.2,2.0,15.0,18.0,0.7,-144.90642656126397,False,-26.65298394905676,
20260905-stored-energy-basis:c2039,14.2,2.0,16.0,18.0,0.6,-96.75919075073408,False,-18.365927628304348,
20260905-stored-energy-basis:c2040,14.2,2.0,16.0,18.0,0.7,-148.11568731023704,False,-27.7483503615548,
20260905-stored-energy-basis:c2089,14.2,2.2,13.0,18.0,0.6,-111.70897779374388,False,-20.520015297286704,
20260905-stored-energy-basis:c2090,14.2,2.2,13.0,18.0,0.7,-181.02413840722227,False,-32.66473180763427,
20260905-stored-energy-basis:c2114,14.2,2.2,14.0,18.0,0.6,-127.17768609202189,False,-23.401933558934047,
20260905-stored-energy-basis:c2115,14.2,2.2,14.0,18.0,0.7,-191.1404427933635,False,-34.97748153106812,
20260905-stored-energy-basis:c2139,14.2,2.2,15.0,18.0,0.6,-130.79050922219028,False,-24.526498209932583,
20260905-stored-energy-basis:c2140,14.2,2.2,15.0,18.0,0.7,-188.5762620189571,False,-35.38376420231259,
20260905-stored-energy-basis:c2164,14.2,2.2,16.0,18.0,0.6,-126.47377084669972,False,-24.458900999064497,
20260905-stored-energy-basis:c2165,14.2,2.2,16.0,18.0,0.7,-177.81997590928097,False,-34.53315523505239,
20260905-stored-energy-basis:c2540,15.7,1.7,16.0,18.0,0.7,-14.696754824916184,False,-5.033916016947444,
20260905-stored-energy-basis:c2564,15.7,1.7,18.0,18.0,0.6,-27.475453849239784,False,-6.579938584748675,
20260905-stored-energy-basis:c2565,15.7,1.7,18.0,18.0,0.7,-74.72223119481282,False,-14.632032891058486,
20260905-stored-energy-basis:c2664,15.7,1.8,16.0,18.0,0.6,-15.86838299392491,False,-4.82691908763087,
20260905-stored-energy-basis:c2665,15.7,1.8,16.0,18.0,0.7,-69.50727832233463,False,-13.841976763985713,
20260905-stored-energy-basis:c2689,15.7,1.8,18.0,18.0,0.6,-59.96479406069545,False,-11.987548696993713,
20260905-stored-energy-basis:c2690,15.7,1.8,18.0,18.0,0.7,-111.26208386138536,False,-20.93134300060825,
20260905-stored-energy-basis:c2739,15.7,2.0,14.0,18.0,0.6,-28.726594542869293,False,-7.136867256159292,
20260905-stored-energy-basis:c2764,15.7,2.0,15.0,18.0,0.6,-67.80881866713764,False,-13.316535350285221,
20260905-stored-energy-basis:c2765,15.7,2.0,15.0,18.0,0.7,-133.83987422659482,False,-24.607066927684116,
20260905-stored-energy-basis:c2789,15.7,2.0,16.0,18.0,0.6,-91.3811141903542,False,-17.243331182731367,
20260905-stored-energy-basis:c2790,15.7,2.0,16.0,18.0,0.7,-154.73596120702575,False,-28.322378593951214,
20260905-stored-energy-basis:c2814,15.7,2.0,18.0,18.0,0.6,-108.1800748195726,False,-20.649722033817568,
20260905-stored-energy-basis:c2815,15.7,2.0,18.0,18.0,0.7,-163.27260269365422,False,-30.828322297910233,
20260905-stored-energy-basis:c2839,15.7,2.2,13.0,18.0,0.6,-76.40427861156024,False,-14.968140597789557,
20260905-stored-energy-basis:c2864,15.7,2.2,14.0,18.0,0.6,-115.40908077830612,False,-21.296792007199485,
20260905-stored-energy-basis:c2889,15.7,2.2,15.0,18.0,0.6,-136.17544890812837,False,-24.959637898550113,
20260905-stored-energy-basis:c2890,15.7,2.2,15.0,18.0,0.7,-209.3404638546126,False,-38.02849949119718,
20260905-stored-energy-basis:c2914,15.7,2.2,16.0,18.0,0.6,-144.3595423389129,False,-26.76585210251858,
20260905-stored-energy-basis:c2915,15.7,2.2,16.0,18.0,0.7,-211.59207430688832,False,-39.16492626762761,
20260905-stored-energy-basis:c2939,15.7,2.2,18.0,18.0,0.6,-137.22735822025004,False,-26.856580353450852,
20260905-stored-energy-basis:c2940,15.7,2.2,18.0,18.0,0.7,-191.6163202495868,False,-37.69991547226084,
20260905-stored-energy-basis:c3315,17.2,1.7,18.0,18.0,0.7,-37.605975742564056,False,-8.865584655586645,
20260905-stored-energy-basis:c3439,17.2,1.8,18.0,18.0,0.6,-33.58268892060994,False,-7.835863498452511,
20260905-stored-energy-basis:c3440,17.2,1.8,18.0,18.0,0.7,-92.28019391493729,False,-17.77828556818804,
20260905-stored-energy-basis:c3514,17.2,2.0,15.0,18.0,0.6,-16.741447926378214,False,-5.533636811042015,
20260905-stored-energy-basis:c3539,17.2,2.0,16.0,18.0,0.6,-61.83668312134489,False,-12.584879063251151,
20260905-stored-energy-basis:c3564,17.2,2.0,18.0,18.0,0.6,-108.27359022994108,False,-20.334888929847068,
20260905-stored-energy-basis:c3565,17.2,2.0,18.0,18.0,0.7,-175.79379751483862,False,-32.28474107681791,
20260905-stored-energy-basis:c3589,17.2,2.2,13.0,18.0,0.6,-3.121293469914008,False,-3.9037694411143775,
20260905-stored-energy-basis:c3614,17.2,2.2,14.0,18.0,0.6,-73.46828167223396,False,-14.778392397697928,
20260905-stored-energy-basis:c3639,17.2,2.2,15.0,18.0,0.6,-117.6417627519678,False,-21.860778472767493,
20260905-stored-energy-basis:c3664,17.2,2.2,16.0,18.0,0.6,-143.35601383820085,False,-26.25075562272059,
20260905-stored-energy-basis:c3665,17.2,2.2,16.0,18.0,0.7,-225.5651027261109,False,-40.78634191488703,
20260905-stored-energy-basis:c3689,17.2,2.2,18.0,18.0,0.6,-159.19233335145805,False,-29.78303362279462,
20260905-stored-energy-basis:c3690,17.2,2.2,18.0,18.0,0.7,-229.52025598198475,False,-42.9746972654101,
20260905-stored-energy-basis:c0963,12.7,1.7,13.0,16.0,0.6,30.58569241547445,True,-5.279425080973255,
20260905-stored-energy-basis:c0988,12.7,1.7,14.0,16.0,0.6,5.584160338359197,True,-9.027062162067665,
20260905-stored-energy-basis:c1088,12.7,1.8,13.0,16.0,0.6,3.321026448559508,True,-10.531593944206463,
20260905-stored-energy-basis:c1754,14.2,1.7,15.0,16.0,0.6,19.324643986504213,True,-8.142451361157867,
20260905-stored-energy-basis:c1854,14.2,1.8,14.0,16.0,0.6,16.726242431273135,True,-9.838009086738424,
20260905-stored-energy-basis:c2529,15.7,1.7,16.0,16.0,0.6,35.904565173527146,True,-6.811550616766482,
20260905-stored-energy-basis:c2629,15.7,1.8,15.0,16.0,0.6,32.452595939824164,True,-8.779234276937586,
20260905-stored-energy-basis:c2654,15.7,1.8,16.0,16.0,0.6,2.4797913397629827,True,-13.257345245120291,
20260905-stored-energy-basis:c2704,15.7,2.0,13.0,16.0,0.6,40.99275954426582,True,-10.643348971715625,
20260905-stored-energy-basis:c3304,17.2,1.7,18.0,16.0,0.6,24.209729230436267,True,-9.739374747429963,
20260905-stored-energy-basis:c3504,17.2,2.0,15.0,16.0,0.6,6.569109157832372,True,-17.403886063370635,
20260905-stored-energy-basis:c3579,17.2,2.2,13.0,16.0,0.6,20.423022803755885,True,-19.162425336881483,
