cell,rebco_case,nb3sn_case,account_group,difference_USD_MWh
anchored|1.4,anchored-1.4-rebco-18T-R12.7-a1.3-reference-none,anchored-1.4-nb3sn-13T-R22-a1.8-reference-none,conductor_purchase,69.64372781946177
anchored|1.4,anchored-1.4-rebco-18T-R12.7-a1.3-reference-none,anchored-1.4-nb3sn-13T-R22-a1.8-reference-none,other_winding_materials_and_operations,-6.153529503677879
anchored|1.4,anchored-1.4-rebco-18T-R12.7-a1.3-reference-none,anchored-1.4-nb3sn-13T-R22-a1.8-reference-none,structure,-1.1190827677200974
anchored|1.4,anchored-1.4-rebco-18T-R12.7-a1.3-reference-none,anchored-1.4-nb3sn-13T-R22-a1.8-reference-none,refrigeration_capital,-0.5114505644138546
anchored|1.4,anchored-1.4-rebco-18T-R12.7-a1.3-reference-none,anchored-1.4-nb3sn-13T-R22-a1.8-reference-none,heating_capital,0.0
anchored|1.4,anchored-1.4-rebco-18T-R12.7-a1.3-reference-none,anchored-1.4-nb3sn-13T-R22-a1.8-reference-none,radial_build,-23.63412502328443
anchored|1.4,anchored-1.4-rebco-18T-R12.7-a1.3-reference-none,anchored-1.4-nb3sn-13T-R22-a1.8-reference-none,packages_and_plant_accounts,-7.143886018644267
anchored|1.4,anchored-1.4-rebco-18T-R12.7-a1.3-reference-none,anchored-1.4-nb3sn-13T-R22-a1.8-reference-none,fuel_cycle_capital,0.0
anchored|1.4,anchored-1.4-rebco-18T-R12.7-a1.3-reference-none,anchored-1.4-nb3sn-13T-R22-a1.8-reference-none,cas22_tail,5.346069547226598
anchored|1.4,anchored-1.4-rebco-18T-R12.7-a1.3-reference-none,anchored-1.4-nb3sn-13T-R22-a1.8-reference-none,buildings_and_other_direct,-9.671571356907327
anchored|1.4,anchored-1.4-rebco-18T-R12.7-a1.3-reference-none,anchored-1.4-nb3sn-13T-R22-a1.8-reference-none,multipliers_and_owner,11.825467354999063
anchored|1.4,anchored-1.4-rebco-18T-R12.7-a1.3-reference-none,anchored-1.4-nb3sn-13T-R22-a1.8-reference-none,om_cas71,-0.23722765267642565
anchored|1.4,anchored-1.4-rebco-18T-R12.7-a1.3-reference-none,anchored-1.4-nb3sn-13T-R22-a1.8-reference-none,replacements_cas72,4.738769596625151
anchored|1.4,anchored-1.4-rebco-18T-R12.7-a1.3-reference-none,anchored-1.4-nb3sn-13T-R22-a1.8-reference-none,fuel_cas80,-0.011560539619456855
anchored|1.4,anchored-1.4-rebco-18T-R12.7-a1.3-reference-none,anchored-1.4-nb3sn-13T-R22-a1.8-reference-none,net_electricity_denominator,39.01054984691909
anchored|1.8,anchored-1.8-rebco-18T-R12.7-a1.3-reference-none,anchored-1.8-nb3sn-13T-R22-a1.8-companion-none,conductor_purchase,88.19245630612394
anchored|1.8,anchored-1.8-rebco-18T-R12.7-a1.3-reference-none,anchored-1.8-nb3sn-13T-R22-a1.8-companion-none,other_winding_materials_and_operations,-7.7924444723635435
anchored|1.8,anchored-1.8-rebco-18T-R12.7-a1.3-reference-none,anchored-1.8-nb3sn-13T-R22-a1.8-companion-none,structure,-1.4171363478838792
anchored|1.8,anchored-1.8-rebco-18T-R12.7-a1.3-reference-none,anchored-1.8-nb3sn-13T-R22-a1.8-companion-none,refrigeration_capital,-0.64766897130694
anchored|1.8,anchored-1.8-rebco-18T-R12.7-a1.3-reference-none,anchored-1.8-nb3sn-13T-R22-a1.8-companion-none,heating_capital,-8.881784197001252e-16
anchored|1.8,anchored-1.8-rebco-18T-R12.7-a1.3-reference-none,anchored-1.8-nb3sn-13T-R22-a1.8-companion-none,radial_build,-32.18806672166322
anchored|1.8,anchored-1.8-rebco-18T-R12.7-a1.3-reference-none,anchored-1.8-nb3sn-13T-R22-a1.8-companion-none,packages_and_plant_accounts,-28.890924744507984
anchored|1.8,anchored-1.8-rebco-18T-R12.7-a1.3-reference-none,anchored-1.8-nb3sn-13T-R22-a1.8-companion-none,fuel_cycle_capital,-5.551115123125783e-17
anchored|1.8,anchored-1.8-rebco-18T-R12.7-a1.3-reference-none,anchored-1.8-nb3sn-13T-R22-a1.8-companion-none,cas22_tail,5.840474744050244
anchored|1.8,anchored-1.8-rebco-18T-R12.7-a1.3-reference-none,anchored-1.8-nb3sn-13T-R22-a1.8-companion-none,buildings_and_other_direct,-12.504248652513745
anchored|1.8,anchored-1.8-rebco-18T-R12.7-a1.3-reference-none,anchored-1.8-nb3sn-13T-R22-a1.8-companion-none,multipliers_and_owner,3.8137472509835106
anchored|1.8,anchored-1.8-rebco-18T-R12.7-a1.3-reference-none,anchored-1.8-nb3sn-13T-R22-a1.8-companion-none,om_cas71,-1.6567324654677247
anchored|1.8,anchored-1.8-rebco-18T-R12.7-a1.3-reference-none,anchored-1.8-nb3sn-13T-R22-a1.8-companion-none,replacements_cas72,-2.836503581171325
anchored|1.8,anchored-1.8-rebco-18T-R12.7-a1.3-reference-none,anchored-1.8-nb3sn-13T-R22-a1.8-companion-none,fuel_cas80,-0.03829500541998515
anchored|1.8,anchored-1.8-rebco-18T-R12.7-a1.3-reference-none,anchored-1.8-nb3sn-13T-R22-a1.8-companion-none,net_electricity_denominator,122.53869135839226
helias|1.0,helias-1-rebco-20T-R12.7-a1.3-reference-none,helias-1-nb3sn-13T-R22-a2.2-reference-none,conductor_purchase,114.62630972042962
helias|1.0,helias-1-rebco-20T-R12.7-a1.3-reference-none,helias-1-nb3sn-13T-R22-a2.2-reference-none,other_winding_materials_and_operations,-8.101173646878916
helias|1.0,helias-1-rebco-20T-R12.7-a1.3-reference-none,helias-1-nb3sn-13T-R22-a2.2-reference-none,structure,-1.9747696692353265
helias|1.0,helias-1-rebco-20T-R12.7-a1.3-reference-none,helias-1-nb3sn-13T-R22-a2.2-reference-none,refrigeration_capital,-0.699563887020952
helias|1.0,helias-1-rebco-20T-R12.7-a1.3-reference-none,helias-1-nb3sn-13T-R22-a2.2-reference-none,heating_capital,0.0
helias|1.0,helias-1-rebco-20T-R12.7-a1.3-reference-none,helias-1-nb3sn-13T-R22-a2.2-reference-none,radial_build,-28.574958968666305
helias|1.0,helias-1-rebco-20T-R12.7-a1.3-reference-none,helias-1-nb3sn-13T-R22-a2.2-reference-none,packages_and_plant_accounts,0.03473794164699484
helias|1.0,helias-1-rebco-20T-R12.7-a1.3-reference-none,helias-1-nb3sn-13T-R22-a2.2-reference-none,fuel_cycle_capital,0.0
helias|1.0,helias-1-rebco-20T-R12.7-a1.3-reference-none,helias-1-nb3sn-13T-R22-a2.2-reference-none,cas22_tail,10.642739379394236
helias|1.0,helias-1-rebco-20T-R12.7-a1.3-reference-none,helias-1-nb3sn-13T-R22-a2.2-reference-none,buildings_and_other_direct,-12.157570212458827
helias|1.0,helias-1-rebco-20T-R12.7-a1.3-reference-none,helias-1-nb3sn-13T-R22-a2.2-reference-none,multipliers_and_owner,32.70827773418574
helias|1.0,helias-1-rebco-20T-R12.7-a1.3-reference-none,helias-1-nb3sn-13T-R22-a2.2-reference-none,om_cas71,-0.06010164631241288
helias|1.0,helias-1-rebco-20T-R12.7-a1.3-reference-none,helias-1-nb3sn-13T-R22-a2.2-reference-none,replacements_cas72,6.6194166195719895
helias|1.0,helias-1-rebco-20T-R12.7-a1.3-reference-none,helias-1-nb3sn-13T-R22-a2.2-reference-none,fuel_cas80,-0.007242544243128937
helias|1.0,helias-1-rebco-20T-R12.7-a1.3-reference-none,helias-1-nb3sn-13T-R22-a2.2-reference-none,net_electricity_denominator,29.93452179521852
helias|1.4,helias-1.4-rebco-18T-R12.7-a1.3-reference-none,helias-1.4-nb3sn-12T-R15-a1.5-reference-none,conductor_purchase,104.17909313313328
helias|1.4,helias-1.4-rebco-18T-R12.7-a1.3-reference-none,helias-1.4-nb3sn-12T-R15-a1.5-reference-none,other_winding_materials_and_operations,1.0090725479344318
helias|1.4,helias-1.4-rebco-18T-R12.7-a1.3-reference-none,helias-1.4-nb3sn-12T-R15-a1.5-reference-none,structure,0.8999456928923071
helias|1.4,helias-1.4-rebco-18T-R12.7-a1.3-reference-none,helias-1.4-nb3sn-12T-R15-a1.5-reference-none,refrigeration_capital,-0.48298994256543104
helias|1.4,helias-1.4-rebco-18T-R12.7-a1.3-reference-none,helias-1.4-nb3sn-12T-R15-a1.5-reference-none,heating_capital,4.440892098500626e-16
helias|1.4,helias-1.4-rebco-18T-R12.7-a1.3-reference-none,helias-1.4-nb3sn-12T-R15-a1.5-reference-none,radial_build,-5.041917818764457
helias|1.4,helias-1.4-rebco-18T-R12.7-a1.3-reference-none,helias-1.4-nb3sn-12T-R15-a1.5-reference-none,packages_and_plant_accounts,6.9278997315398385
helias|1.4,helias-1.4-rebco-18T-R12.7-a1.3-reference-none,helias-1.4-nb3sn-12T-R15-a1.5-reference-none,fuel_cycle_capital,-5.551115123125783e-17
helias|1.4,helias-1.4-rebco-18T-R12.7-a1.3-reference-none,helias-1.4-nb3sn-12T-R15-a1.5-reference-none,cas22_tail,14.267928287808578
helias|1.4,helias-1.4-rebco-18T-R12.7-a1.3-reference-none,helias-1.4-nb3sn-12T-R15-a1.5-reference-none,buildings_and_other_direct,-2.625656032057522
helias|1.4,helias-1.4-rebco-18T-R12.7-a1.3-reference-none,helias-1.4-nb3sn-12T-R15-a1.5-reference-none,multipliers_and_owner,53.10157465453955
helias|1.4,helias-1.4-rebco-18T-R12.7-a1.3-reference-none,helias-1.4-nb3sn-12T-R15-a1.5-reference-none,om_cas71,0.6157632169490466
helias|1.4,helias-1.4-rebco-18T-R12.7-a1.3-reference-none,helias-1.4-nb3sn-12T-R15-a1.5-reference-none,replacements_cas72,3.1808525636483935
helias|1.4,helias-1.4-rebco-18T-R12.7-a1.3-reference-none,helias-1.4-nb3sn-12T-R15-a1.5-reference-none,fuel_cas80,0.004229485203507535
helias|1.4,helias-1.4-rebco-18T-R12.7-a1.3-reference-none,helias-1.4-nb3sn-12T-R15-a1.5-reference-none,net_electricity_denominator,-31.016731394514498
helias|1.8,helias-1.8-rebco-12T-R12.7-a1.3-reference-none,helias-1.8-nb3sn-11T-R18-a1.8-companion-none,conductor_purchase,74.63287687590847
helias|1.8,helias-1.8-rebco-12T-R12.7-a1.3-reference-none,helias-1.8-nb3sn-11T-R18-a1.8-companion-none,other_winding_materials_and_operations,-9.482809400150142
helias|1.8,helias-1.8-rebco-12T-R12.7-a1.3-reference-none,helias-1.8-nb3sn-11T-R18-a1.8-companion-none,structure,-2.2956126124483442
helias|1.8,helias-1.8-rebco-12T-R12.7-a1.3-reference-none,helias-1.8-nb3sn-11T-R18-a1.8-companion-none,refrigeration_capital,-0.9985786933413112
helias|1.8,helias-1.8-rebco-12T-R12.7-a1.3-reference-none,helias-1.8-nb3sn-11T-R18-a1.8-companion-none,heating_capital,0.0
helias|1.8,helias-1.8-rebco-12T-R12.7-a1.3-reference-none,helias-1.8-nb3sn-11T-R18-a1.8-companion-none,radial_build,-35.79148576733198
helias|1.8,helias-1.8-rebco-12T-R12.7-a1.3-reference-none,helias-1.8-nb3sn-11T-R18-a1.8-companion-none,packages_and_plant_accounts,-69.41548630422469
helias|1.8,helias-1.8-rebco-12T-R12.7-a1.3-reference-none,helias-1.8-nb3sn-11T-R18-a1.8-companion-none,fuel_cycle_capital,0.0
helias|1.8,helias-1.8-rebco-12T-R12.7-a1.3-reference-none,helias-1.8-nb3sn-11T-R18-a1.8-companion-none,cas22_tail,1.7964457401900304
helias|1.8,helias-1.8-rebco-12T-R12.7-a1.3-reference-none,helias-1.8-nb3sn-11T-R18-a1.8-companion-none,buildings_and_other_direct,-12.25672440235164
helias|1.8,helias-1.8-rebco-12T-R12.7-a1.3-reference-none,helias-1.8-nb3sn-11T-R18-a1.8-companion-none,multipliers_and_owner,-26.181938303070552
helias|1.8,helias-1.8-rebco-12T-R12.7-a1.3-reference-none,helias-1.8-nb3sn-11T-R18-a1.8-companion-none,om_cas71,-4.497887087200212
helias|1.8,helias-1.8-rebco-12T-R12.7-a1.3-reference-none,helias-1.8-nb3sn-11T-R18-a1.8-companion-none,replacements_cas72,-14.663547886506578
helias|1.8,helias-1.8-rebco-12T-R12.7-a1.3-reference-none,helias-1.8-nb3sn-11T-R18-a1.8-companion-none,fuel_cas80,-0.08811069878263415
helias|1.8,helias-1.8-rebco-12T-R12.7-a1.3-reference-none,helias-1.8-nb3sn-11T-R18-a1.8-companion-none,net_electricity_denominator,249.04267133962097
arm|1.0,arm-1-rebco-24.9T-R12.7-a1.3-reference-none,arm-1-nb3sn-13T-R18-a1.8-reference-none,conductor_purchase,143.54062375763203
arm|1.0,arm-1-rebco-24.9T-R12.7-a1.3-reference-none,arm-1-nb3sn-13T-R18-a1.8-reference-none,other_winding_materials_and_operations,-3.552610700924207
arm|1.0,arm-1-rebco-24.9T-R12.7-a1.3-reference-none,arm-1-nb3sn-13T-R18-a1.8-reference-none,structure,-0.5388862234318927
arm|1.0,arm-1-rebco-24.9T-R12.7-a1.3-reference-none,arm-1-nb3sn-13T-R18-a1.8-reference-none,refrigeration_capital,-0.6736709352455408
arm|1.0,arm-1-rebco-24.9T-R12.7-a1.3-reference-none,arm-1-nb3sn-13T-R18-a1.8-reference-none,heating_capital,-0.3800476846414895
arm|1.0,arm-1-rebco-24.9T-R12.7-a1.3-reference-none,arm-1-nb3sn-13T-R18-a1.8-reference-none,radial_build,-14.618427821386806
arm|1.0,arm-1-rebco-24.9T-R12.7-a1.3-reference-none,arm-1-nb3sn-13T-R18-a1.8-reference-none,packages_and_plant_accounts,-0.1610462514896227
arm|1.0,arm-1-rebco-24.9T-R12.7-a1.3-reference-none,arm-1-nb3sn-13T-R18-a1.8-reference-none,fuel_cycle_capital,0.0
arm|1.0,arm-1-rebco-24.9T-R12.7-a1.3-reference-none,arm-1-nb3sn-13T-R18-a1.8-reference-none,cas22_tail,17.400958265962323
arm|1.0,arm-1-rebco-24.9T-R12.7-a1.3-reference-none,arm-1-nb3sn-13T-R18-a1.8-reference-none,buildings_and_other_direct,-6.0547756275078495
arm|1.0,arm-1-rebco-24.9T-R12.7-a1.3-reference-none,arm-1-nb3sn-13T-R18-a1.8-reference-none,multipliers_and_owner,60.087815999764274
arm|1.0,arm-1-rebco-24.9T-R12.7-a1.3-reference-none,arm-1-nb3sn-13T-R18-a1.8-reference-none,om_cas71,0.46656501388496174
arm|1.0,arm-1-rebco-24.9T-R12.7-a1.3-reference-none,arm-1-nb3sn-13T-R18-a1.8-reference-none,replacements_cas72,3.218415935799449
arm|1.0,arm-1-rebco-24.9T-R12.7-a1.3-reference-none,arm-1-nb3sn-13T-R18-a1.8-reference-none,fuel_cas80,-0.004651126035955189
arm|1.0,arm-1-rebco-24.9T-R12.7-a1.3-reference-none,arm-1-nb3sn-13T-R18-a1.8-reference-none,net_electricity_denominator,-18.41348388943885
arm|1.4,arm-1.4-rebco-12T-R12.7-a1.3-reference-none,arm-1.4-nb3sn-13T-R12.7-a1.3-reference-none,conductor_purchase,91.45341863395817
arm|1.4,arm-1.4-rebco-12T-R12.7-a1.3-reference-none,arm-1.4-nb3sn-13T-R12.7-a1.3-reference-none,other_winding_materials_and_operations,-2.2834164220893065
arm|1.4,arm-1.4-rebco-12T-R12.7-a1.3-reference-none,arm-1.4-nb3sn-13T-R12.7-a1.3-reference-none,structure,-0.9927485857992042
arm|1.4,arm-1.4-rebco-12T-R12.7-a1.3-reference-none,arm-1.4-nb3sn-13T-R12.7-a1.3-reference-none,refrigeration_capital,-0.5060581165662021
arm|1.4,arm-1.4-rebco-12T-R12.7-a1.3-reference-none,arm-1.4-nb3sn-13T-R12.7-a1.3-reference-none,heating_capital,0.0
arm|1.4,arm-1.4-rebco-12T-R12.7-a1.3-reference-none,arm-1.4-nb3sn-13T-R12.7-a1.3-reference-none,radial_build,-0.3137413882949964
arm|1.4,arm-1.4-rebco-12T-R12.7-a1.3-reference-none,arm-1.4-nb3sn-13T-R12.7-a1.3-reference-none,packages_and_plant_accounts,0.08874220435622249
arm|1.4,arm-1.4-rebco-12T-R12.7-a1.3-reference-none,arm-1.4-nb3sn-13T-R12.7-a1.3-reference-none,fuel_cycle_capital,0.0
arm|1.4,arm-1.4-rebco-12T-R12.7-a1.3-reference-none,arm-1.4-nb3sn-13T-R12.7-a1.3-reference-none,cas22_tail,12.314392581855257
arm|1.4,arm-1.4-rebco-12T-R12.7-a1.3-reference-none,arm-1.4-nb3sn-13T-R12.7-a1.3-reference-none,buildings_and_other_direct,-0.34162569677044985
arm|1.4,arm-1.4-rebco-12T-R12.7-a1.3-reference-none,arm-1.4-nb3sn-13T-R12.7-a1.3-reference-none,multipliers_and_owner,43.732761760626715
arm|1.4,arm-1.4-rebco-12T-R12.7-a1.3-reference-none,arm-1.4-nb3sn-13T-R12.7-a1.3-reference-none,om_cas71,-0.22590086926367192
arm|1.4,arm-1.4-rebco-12T-R12.7-a1.3-reference-none,arm-1.4-nb3sn-13T-R12.7-a1.3-reference-none,replacements_cas72,0.11338056510236427
arm|1.4,arm-1.4-rebco-12T-R12.7-a1.3-reference-none,arm-1.4-nb3sn-13T-R12.7-a1.3-reference-none,fuel_cas80,-1.4702745470190903e-05
arm|1.4,arm-1.4-rebco-12T-R12.7-a1.3-reference-none,arm-1.4-nb3sn-13T-R12.7-a1.3-reference-none,net_electricity_denominator,13.26387934079611
arm|1.8,arm-1.8-rebco-12T-R12.7-a1.3-reference-none,arm-1.8-nb3sn-12T-R12.7-a1.3-reference-none,conductor_purchase,113.52279963467888
arm|1.8,arm-1.8-rebco-12T-R12.7-a1.3-reference-none,arm-1.8-nb3sn-12T-R12.7-a1.3-reference-none,other_winding_materials_and_operations,-0.7079689286606659
arm|1.8,arm-1.8-rebco-12T-R12.7-a1.3-reference-none,arm-1.8-nb3sn-12T-R12.7-a1.3-reference-none,structure,-0.24049599783948672
arm|1.8,arm-1.8-rebco-12T-R12.7-a1.3-reference-none,arm-1.8-nb3sn-12T-R12.7-a1.3-reference-none,refrigeration_capital,-0.587789849495634
arm|1.8,arm-1.8-rebco-12T-R12.7-a1.3-reference-none,arm-1.8-nb3sn-12T-R12.7-a1.3-reference-none,heating_capital,8.881784197001252e-16
arm|1.8,arm-1.8-rebco-12T-R12.7-a1.3-reference-none,arm-1.8-nb3sn-12T-R12.7-a1.3-reference-none,radial_build,-0.3596184949261172
arm|1.8,arm-1.8-rebco-12T-R12.7-a1.3-reference-none,arm-1.8-nb3sn-12T-R12.7-a1.3-reference-none,packages_and_plant_accounts,-0.006456962212439521
arm|1.8,arm-1.8-rebco-12T-R12.7-a1.3-reference-none,arm-1.8-nb3sn-12T-R12.7-a1.3-reference-none,fuel_cycle_capital,0.0
arm|1.8,arm-1.8-rebco-12T-R12.7-a1.3-reference-none,arm-1.8-nb3sn-12T-R12.7-a1.3-reference-none,cas22_tail,15.710054347083723
arm|1.8,arm-1.8-rebco-12T-R12.7-a1.3-reference-none,arm-1.8-nb3sn-12T-R12.7-a1.3-reference-none,buildings_and_other_direct,-0.3306029365933192
arm|1.8,arm-1.8-rebco-12T-R12.7-a1.3-reference-none,arm-1.8-nb3sn-12T-R12.7-a1.3-reference-none,multipliers_and_owner,56.13639926965551
arm|1.8,arm-1.8-rebco-12T-R12.7-a1.3-reference-none,arm-1.8-nb3sn-12T-R12.7-a1.3-reference-none,om_cas71,0.039977456658313315
arm|1.8,arm-1.8-rebco-12T-R12.7-a1.3-reference-none,arm-1.8-nb3sn-12T-R12.7-a1.3-reference-none,replacements_cas72,3.552713678800501e-15
arm|1.8,arm-1.8-rebco-12T-R12.7-a1.3-reference-none,arm-1.8-nb3sn-12T-R12.7-a1.3-reference-none,fuel_cas80,0.0
arm|1.8,arm-1.8-rebco-12T-R12.7-a1.3-reference-none,arm-1.8-nb3sn-12T-R12.7-a1.3-reference-none,net_electricity_denominator,-2.156387289891818
