cell,geometry,f_ren,case_id,nb3sn_comparator,R_m,a_m,target_peak_T,actual_rebco_peak_T,equal_duty,crossing_USD2021_m,slope_per_USD_m
anchored|1.4,anchored,1.4,anchored-1.4-rebco-18T-R12.7-a1.3-reference-none,anchored-1.4-nb3sn-13T-R22-a1.8-reference-none,12.7,1.3,18.0,18.01342036838621,False,37.66194661255603,1.9387322791423094
anchored|1.4,anchored,1.4,anchored-1.4-rebco-20T-R12.7-a1.3-reference-none,anchored-1.4-nb3sn-13T-R22-a1.8-reference-none,12.7,1.3,20.0,20.063044399051762,False,30.07864300863718,2.3062009106662424
anchored|1.4,anchored,1.4,anchored-1.4-rebco-22T-R12.7-a1.3-reference-none,anchored-1.4-nb3sn-13T-R22-a1.8-reference-none,12.7,1.3,22.0,22.03567325249789,False,27.435941684200323,2.6350019873152895
anchored|1.4,anchored,1.4,anchored-1.4-rebco-18T-R15-a1.5-reference-none,anchored-1.4-nb3sn-13T-R22-a1.8-reference-none,15.0,1.5,18.0,18.036958407971337,False,26.988058025748238,2.3560208043867887
anchored|1.4,anchored,1.4,anchored-1.4-rebco-20T-R15-a1.5-reference-none,anchored-1.4-nb3sn-13T-R22-a1.8-reference-none,15.0,1.5,20.0,20.059608820182834,False,22.064513760394462,2.8862216856406553
anchored|1.4,anchored,1.4,anchored-1.4-rebco-24.9T-R12.7-a1.3-reference-none,anchored-1.4-nb3sn-13T-R22-a1.8-reference-none,12.7,1.3,24.9,24.934129458931572,False,19.631800084966123,3.2790375822476574
anchored|1.4,anchored,1.4,anchored-1.4-rebco-22T-R15-a1.5-reference-none,anchored-1.4-nb3sn-13T-R22-a1.8-reference-none,15.0,1.5,22.0,22.01126195618636,False,16.11428150449715,3.42269046172956
anchored|1.4,anchored,1.4,anchored-1.4-rebco-18T-R18-a1.8-reference-none,anchored-1.4-nb3sn-13T-R22-a1.8-reference-none,18.0,1.8,18.0,18.003959538360796,False,15.204336186744456,3.0895600885340695
anchored|1.4,anchored,1.4,anchored-1.4-rebco-20T-R18-a1.8-reference-none,anchored-1.4-nb3sn-13T-R22-a1.8-reference-none,18.0,1.8,20.0,20.025434607453526,False,7.221503841375096,4.001124069897153
anchored|1.4,anchored,1.4,anchored-1.4-rebco-18T-R22-a1.8-reference-none,anchored-1.4-nb3sn-13T-R22-a1.8-reference-none,22.0,1.8,18.0,18.016887385416553,False,7.165543944885783,3.937730034518809
anchored|1.4,anchored,1.4,anchored-1.4-rebco-24.9T-R15-a1.5-reference-none,anchored-1.4-nb3sn-13T-R22-a1.8-reference-none,15.0,1.5,24.9,24.92245865341927,False,5.26368971413315,4.540879016413822
anchored|1.4,anchored,1.4,anchored-1.4-rebco-20T-R22-a1.8-reference-none,anchored-1.4-nb3sn-13T-R22-a1.8-reference-none,22.0,1.8,20.0,20.0211172462406,False,0.9891154427022997,5.139481319180387
anchored|1.4,anchored,1.4,anchored-1.4-rebco-22T-R18-a1.8-companion-none,anchored-1.4-nb3sn-13T-R22-a1.8-reference-none,18.0,1.8,22.0,22.04343087638422,False,-2.2961579084012556,5.3986295771689266
anchored|1.4,anchored,1.4,anchored-1.4-rebco-18T-R22-a2.2-reference-none,anchored-1.4-nb3sn-13T-R22-a1.8-reference-none,22.0,2.2,18.0,18.02630033740056,False,-4.443311964111814,4.648176486758545
anchored|1.4,anchored,1.4,anchored-1.4-rebco-22T-R22-a1.8-companion-none,anchored-1.4-nb3sn-13T-R22-a1.8-reference-none,22.0,1.8,22.0,22.028646250868466,False,-7.144732943749247,7.489558728271445
anchored|1.4,anchored,1.4,anchored-1.4-rebco-22T-R22-a2.2-reference-none,anchored-1.4-nb3sn-13T-R22-a1.8-reference-none,22.0,2.2,22.0,22.040347692128396,False,-10.999840327495804,13.35020462356045
anchored|1.4,anchored,1.4,anchored-1.4-rebco-24.9T-R18-a1.8-reference-none,anchored-1.4-nb3sn-13T-R22-a1.8-reference-none,18.0,1.8,24.9,24.948955154434604,False,-11.275322124084724,13.285600654606654
anchored|1.4,anchored,1.4,anchored-1.4-rebco-20T-R22-a2.2-companion-none,anchored-1.4-nb3sn-13T-R22-a1.8-reference-none,22.0,2.2,20.0,20.031636967683475,False,-12.823980011187132,9.529143151156894
anchored|1.8,anchored,1.8,anchored-1.8-rebco-20T-R12.7-a1.3-companion-none,anchored-1.8-nb3sn-13T-R22-a1.8-companion-none,12.7,1.3,20.0,20.063044399051762,False,26.19858352119293,2.463863395878998
anchored|1.8,anchored,1.8,anchored-1.8-rebco-18T-R12.7-a1.3-reference-none,anchored-1.8-nb3sn-13T-R22-a1.8-companion-none,12.7,1.3,18.0,18.01342036838621,False,26.065768037747553,2.455089168413955
anchored|1.8,anchored,1.8,anchored-1.8-rebco-20T-R11-a1.1-reference-none,anchored-1.8-nb3sn-13T-R22-a1.8-companion-none,11.0,1.1,20.0,20.036036327988917,False,20.435387996317672,2.7542802468984053
anchored|1.8,anchored,1.8,anchored-1.8-rebco-18T-R15-a1.5-reference-none,anchored-1.8-nb3sn-13T-R22-a1.8-companion-none,15.0,1.5,18.0,18.036958407971337,False,20.288622590618928,2.4758251978636476
anchored|1.8,anchored,1.8,anchored-1.8-rebco-18T-R11-a1.1-reference-none,anchored-1.8-nb3sn-13T-R22-a1.8-companion-none,11.0,1.1,18.0,18.07566592809432,False,13.28569514924439,2.893825576501282
anchored|1.8,anchored,1.8,anchored-1.8-rebco-22T-R12.7-a1.3-companion-none,anchored-1.8-nb3sn-13T-R22-a1.8-companion-none,12.7,1.3,22.0,22.03567325249789,False,8.931465993591544,3.2423026192151396
anchored|1.8,anchored,1.8,anchored-1.8-rebco-20T-R10-a1-reference-none,anchored-1.8-nb3sn-13T-R22-a1.8-companion-none,10.0,1.0,20.0,20.04651401230348,False,6.962255668962058,3.2676302176818046
anchored|1.8,anchored,1.8,anchored-1.8-rebco-20T-R15-a1.5-companion-none,anchored-1.8-nb3sn-13T-R22-a1.8-companion-none,15.0,1.5,20.0,20.059608820182834,False,1.2586839066021156,4.4077404927363135
anchored|1.8,anchored,1.8,anchored-1.8-rebco-24.9T-R12.7-a1.3-reference-none,anchored-1.8-nb3sn-13T-R22-a1.8-companion-none,12.7,1.3,24.9,24.934129458931572,False,-6.147293722228312,7.567788192010719
anchored|1.8,anchored,1.8,anchored-1.8-rebco-18T-R18-a1.8-reference-none,anchored-1.8-nb3sn-13T-R22-a1.8-companion-none,18.0,1.8,18.0,18.003959538360796,False,-9.016915914184054,6.099893030261237
anchored|1.8,anchored,1.8,anchored-1.8-rebco-24.9T-R15-a1.5-reference-none,anchored-1.8-nb3sn-13T-R22-a1.8-companion-none,15.0,1.5,24.9,24.92245865341927,False,-9.698556899085304,14.925354189932683
anchored|1.8,anchored,1.8,anchored-1.8-rebco-20T-R22-a1.8-reference-none,anchored-1.8-nb3sn-13T-R22-a1.8-companion-none,22.0,1.8,20.0,20.0211172462406,False,-9.964305154800101,13.629213666085862
anchored|1.8,anchored,1.8,anchored-1.8-rebco-22T-R15-a1.5-reference-none,anchored-1.8-nb3sn-13T-R22-a1.8-companion-none,15.0,1.5,22.0,22.01126195618636,False,-10.302537646457367,8.346021570208793
anchored|1.8,anchored,1.8,anchored-1.8-rebco-22T-R22-a1.8-reference-none,anchored-1.8-nb3sn-13T-R22-a1.8-companion-none,22.0,1.8,22.0,22.028646250868466,False,-12.788817755996561,23.04726006927157
anchored|1.8,anchored,1.8,anchored-1.8-rebco-22T-R18-a1.8-reference-none,anchored-1.8-nb3sn-13T-R22-a1.8-companion-none,18.0,1.8,22.0,22.04343087638422,False,-13.852843341744887,20.031286378731547
anchored|1.8,anchored,1.8,anchored-1.8-rebco-24.9T-R18-a1.8-reference-none,anchored-1.8-nb3sn-13T-R22-a1.8-companion-none,18.0,1.8,24.9,24.948955154434604,False,-14.081385869212468,35.21913645025829
anchored|1.8,anchored,1.8,anchored-1.8-rebco-18T-R22-a1.8-reference-none,anchored-1.8-nb3sn-13T-R22-a1.8-companion-none,22.0,1.8,18.0,18.016887385416553,False,-14.559345607161944,8.504275367876891
anchored|1.8,anchored,1.8,anchored-1.8-rebco-20T-R22-a2.2-reference-none,anchored-1.8-nb3sn-13T-R22-a1.8-companion-none,22.0,2.2,20.0,20.031636967683475,False,-15.963525124141952,28.612921118340406
anchored|1.8,anchored,1.8,anchored-1.8-rebco-18T-R22-a2.2-reference-none,anchored-1.8-nb3sn-13T-R22-a1.8-companion-none,22.0,2.2,18.0,18.02630033740056,False,-16.094860162934324,16.049457960324347
anchored|1.8,anchored,1.8,anchored-1.8-rebco-18T-R10-a1-reference-none,anchored-1.8-nb3sn-13T-R22-a1.8-companion-none,10.0,1.0,18.0,18.070680020750096,False,-16.981705441347955,3.888963362218717
anchored|1.8,anchored,1.8,anchored-1.8-rebco-20T-R18-a1.8-reference-none,anchored-1.8-nb3sn-13T-R22-a1.8-companion-none,18.0,1.8,20.0,20.025434607453526,False,-16.999550585589176,14.180578056371028
helias|1.0,helias,1.0,helias-1-rebco-20T-R12.7-a1.3-reference-none,helias-1-nb3sn-13T-R22-a2.2-reference-none,12.7,1.3,20.0,20.032157241492683,False,33.18120853112853,3.0541288685484655
helias|1.0,helias,1.0,helias-1-rebco-18T-R15-a1.5-reference-none,helias-1-nb3sn-13T-R22-a2.2-reference-none,15.0,1.5,18.0,18.042002187876914,False,32.97098677772221,3.0584428565143003
helias|1.0,helias,1.0,helias-1-rebco-22T-R12.7-a1.3-reference-none,helias-1-nb3sn-13T-R22-a2.2-reference-none,12.7,1.3,22.0,22.052394437663704,False,24.340883116491092,3.669641225543303
helias|1.0,helias,1.0,helias-1-rebco-24.9T-R12.7-a1.3-reference-none,helias-1-nb3sn-13T-R22-a2.2-reference-none,12.7,1.3,24.9,24.916227581941865,False,21.133618220454615,4.366841101962351
helias|1.0,helias,1.0,helias-1-rebco-20T-R15-a1.5-reference-none,helias-1-nb3sn-13T-R22-a2.2-reference-none,15.0,1.5,20.0,20.01013177998472,False,20.95356827769251,3.9551015004766032
helias|1.0,helias,1.0,helias-1-rebco-18T-R12.7-a1.3-reference-none,helias-1-nb3sn-13T-R22-a2.2-reference-none,12.7,1.3,18.0,18.006690465932166,False,20.069518238000093,2.818086426990653
helias|1.0,helias,1.0,helias-1-rebco-22T-R15-a1.5-reference-none,helias-1-nb3sn-13T-R22-a2.2-reference-none,15.0,1.5,22.0,22.03461891075576,False,18.116880057359566,4.5570612309292775
helias|1.0,helias,1.0,helias-1-rebco-18T-R18-a1.8-reference-none,helias-1-nb3sn-13T-R22-a2.2-reference-none,18.0,1.8,18.0,18.011651414176846,False,16.70049366647386,4.164696710494
helias|1.0,helias,1.0,helias-1-rebco-20T-R18-a1.8-reference-none,helias-1-nb3sn-13T-R22-a2.2-reference-none,18.0,1.8,20.0,20.024794797898725,False,11.92808374197017,5.182436624058978
helias|1.0,helias,1.0,helias-1-rebco-24.9T-R15-a1.5-reference-none,helias-1-nb3sn-13T-R22-a2.2-reference-none,15.0,1.5,24.9,24.947461475617658,False,11.583251617679636,5.746060941171607
helias|1.0,helias,1.0,helias-1-rebco-22T-R18-a1.8-reference-none,helias-1-nb3sn-13T-R22-a2.2-reference-none,18.0,1.8,22.0,22.000594800629944,False,6.590128010319333,6.284320982170539
helias|1.0,helias,1.0,helias-1-rebco-20T-R22-a1.8-reference-none,helias-1-nb3sn-13T-R22-a2.2-reference-none,22.0,1.8,20.0,20.01801702828893,False,4.9618520927269,6.685799248341148
helias|1.0,helias,1.0,helias-1-rebco-18T-R22-a2.2-reference-none,helias-1-nb3sn-13T-R22-a2.2-reference-none,22.0,2.2,18.0,18.016876925654266,False,3.898933676221759,5.8421813568009835
helias|1.0,helias,1.0,helias-1-rebco-20T-R22-a2.2-reference-none,helias-1-nb3sn-13T-R22-a2.2-reference-none,22.0,2.2,20.0,20.030159985999404,False,-2.9555528485882263,7.835522399229546
helias|1.4,helias,1.4,helias-1.4-rebco-18T-R12.7-a1.3-reference-none,helias-1.4-nb3sn-12T-R15-a1.5-reference-none,12.7,1.3,18.0,18.006690465932166,False,19.534260844974263,2.398367507820226
helias|1.4,helias,1.4,helias-1.4-rebco-20T-R12.7-a1.3-reference-none,helias-1.4-nb3sn-12T-R15-a1.5-reference-none,12.7,1.3,20.0,20.032157241492683,False,11.03382429642646,3.0739805014824184
helias|1.4,helias,1.4,helias-1.4-rebco-18T-R15-a1.5-reference-none,helias-1.4-nb3sn-12T-R15-a1.5-reference-none,15.0,1.5,18.0,18.042002187876914,False,5.9832901184016976,3.2273195929489393
helias|1.4,helias,1.4,helias-1.4-rebco-22T-R12.7-a1.3-reference-none,helias-1.4-nb3sn-12T-R15-a1.5-reference-none,12.7,1.3,22.0,22.052394437663704,False,1.4531890805461813,3.8574428303774653
helias|1.4,helias,1.4,helias-1.4-rebco-20T-R15-a1.5-companion-none,helias-1.4-nb3sn-12T-R15-a1.5-reference-none,15.0,1.5,20.0,20.01013177998472,False,-6.127767567143877,4.8010818342661015
helias|1.4,helias,1.4,helias-1.4-rebco-24.9T-R15-a1.5-reference-none,helias-1.4-nb3sn-12T-R15-a1.5-reference-none,15.0,1.5,24.9,24.947461475617658,False,-8.322703265562424,13.288726324794384
helias|1.4,helias,1.4,helias-1.4-rebco-24.9T-R12.7-a1.3-reference-none,helias-1.4-nb3sn-12T-R15-a1.5-reference-none,12.7,1.3,24.9,24.916227581941865,False,-9.207166637747832,8.64809610785599
helias|1.4,helias,1.4,helias-1.4-rebco-20T-R18-a1.8-reference-none,helias-1.4-nb3sn-12T-R15-a1.5-reference-none,18.0,1.8,20.0,20.024794797898725,False,-10.51477374778888,10.82526372617241
helias|1.4,helias,1.4,helias-1.4-rebco-22T-R18-a1.8-reference-none,helias-1.4-nb3sn-12T-R15-a1.5-reference-none,18.0,1.8,22.0,22.000594800629944,False,-10.765384322453357,15.812489014647667
helias|1.4,helias,1.4,helias-1.4-rebco-20T-R22-a1.8-reference-none,helias-1.4-nb3sn-12T-R15-a1.5-reference-none,22.0,1.8,20.0,20.01801702828893,False,-11.201345712136458,14.478426870811186
helias|1.4,helias,1.4,helias-1.4-rebco-22T-R15-a1.5-reference-none,helias-1.4-nb3sn-12T-R15-a1.5-reference-none,15.0,1.5,22.0,22.03461891075576,False,-12.112334124115534,9.531462015496775
helias|1.4,helias,1.4,helias-1.4-rebco-18T-R18-a1.8-companion-none,helias-1.4-nb3sn-12T-R15-a1.5-reference-none,18.0,1.8,18.0,18.011651414176846,False,-13.740409935283637,6.874847887702492
helias|1.4,helias,1.4,helias-1.4-rebco-18T-R22-a2.2-reference-none,helias-1.4-nb3sn-12T-R15-a1.5-reference-none,22.0,2.2,18.0,18.016876925654266,False,-14.219509818117118,14.222461558074906
helias|1.4,helias,1.4,helias-1.4-rebco-20T-R22-a2.2-reference-none,helias-1.4-nb3sn-12T-R15-a1.5-reference-none,22.0,2.2,20.0,20.030159985999404,False,-16.38609398652912,30.747323641754505
helias|1.8,helias,1.8,helias-1.8-rebco-12T-R12.7-a1.3-reference-none,helias-1.8-nb3sn-11T-R18-a1.8-companion-none,12.7,1.3,12.0,11.782467532467532,True,5.6837901900081675,2.015708459612141
helias|1.8,helias,1.8,helias-1.8-rebco-18T-R12.7-a1.3-companion-none,helias-1.8-nb3sn-11T-R18-a1.8-companion-none,12.7,1.3,18.0,18.006690465932166,False,-5.238385089082769,4.106685885549456
helias|1.8,helias,1.8,helias-1.8-rebco-22T-R11-a1.1-reference-none,helias-1.8-nb3sn-11T-R18-a1.8-companion-none,11.0,1.1,22.0,22.00455318006977,False,-9.569996848967733,6.278878524773732
helias|1.8,helias,1.8,helias-1.8-rebco-24.9T-R10-a1-reference-none,helias-1.8-nb3sn-11T-R18-a1.8-companion-none,10.0,1.0,24.9,24.90084195465551,False,-10.914905969471093,7.857338382521729
helias|1.8,helias,1.8,helias-1.8-rebco-22T-R12.7-a1.3-reference-none,helias-1.8-nb3sn-11T-R18-a1.8-companion-none,12.7,1.3,22.0,22.052394437663704,False,-12.085245811467274,13.038687875776985
helias|1.8,helias,1.8,helias-1.8-rebco-24.9T-R12.7-a1.3-reference-none,helias-1.8-nb3sn-11T-R18-a1.8-companion-none,12.7,1.3,24.9,24.916227581941865,False,-12.720005854414183,21.38914365644361
helias|1.8,helias,1.8,helias-1.8-rebco-22T-R15-a1.5-reference-none,helias-1.8-nb3sn-11T-R18-a1.8-companion-none,15.0,1.5,22.0,22.03461891075576,False,-14.20838764736473,24.45671936583506
helias|1.8,helias,1.8,helias-1.8-rebco-20T-R12.7-a1.3-reference-none,helias-1.8-nb3sn-11T-R18-a1.8-companion-none,12.7,1.3,20.0,20.032157241492683,False,-15.75193720168184,9.047323137971226
helias|1.8,helias,1.8,helias-1.8-rebco-24.9T-R11-a1.1-reference-none,helias-1.8-nb3sn-11T-R18-a1.8-companion-none,11.0,1.1,24.9,24.94089198129349,False,-15.9466311086897,15.953548120777683
helias|1.8,helias,1.8,helias-1.8-rebco-20T-R15-a1.5-reference-none,helias-1.8-nb3sn-11T-R18-a1.8-companion-none,15.0,1.5,20.0,20.01013177998472,False,-15.958561865715936,19.412363286093534
helias|1.8,helias,1.8,helias-1.8-rebco-18T-R18-a1.8-reference-none,helias-1.8-nb3sn-11T-R18-a1.8-companion-none,18.0,1.8,18.0,18.011651414176846,False,-17.908958212728933,22.917690747733737
helias|1.8,helias,1.8,helias-1.8-rebco-18T-R15-a1.5-reference-none,helias-1.8-nb3sn-11T-R18-a1.8-companion-none,15.0,1.5,18.0,18.042002187876914,False,-19.50535083757029,11.35996910392267
arm|1.0,arm,1.0,arm-1-rebco-24.9T-R12.7-a1.3-reference-none,arm-1-nb3sn-13T-R18-a1.8-reference-none,12.7,1.3,24.9,24.92943043943279,False,28.34066801950285,3.4904976855104426
arm|1.0,arm,1.0,arm-1-rebco-24.9T-R15-a1.5-reference-none,arm-1-nb3sn-13T-R18-a1.8-reference-none,15.0,1.5,24.9,24.96110300385261,False,22.733590110985368,4.017182043220649
arm|1.0,arm,1.0,arm-1-rebco-24.9T-R18-a1.8-reference-none,arm-1-nb3sn-13T-R18-a1.8-reference-none,18.0,1.8,24.9,24.944671806289932,False,11.127081049066632,5.066253226332103
arm|1.0,arm,1.0,arm-1-rebco-24.9T-R22-a1.8-reference-none,arm-1-nb3sn-13T-R18-a1.8-reference-none,22.0,1.8,24.9,24.942201071166007,False,10.35161765792975,5.475900057002645
arm|1.0,arm,1.0,arm-1-rebco-24.9T-R22-a2.2-reference-none,arm-1-nb3sn-13T-R18-a1.8-reference-none,22.0,2.2,24.9,24.911317344360377,False,5.379465233400921,5.971416876410508
arm|1.0,arm,1.0,arm-1-rebco-22T-R18-a1.8-reference-none,arm-1-nb3sn-13T-R18-a1.8-reference-none,18.0,1.8,22.0,22.009048593049414,False,1.6618368624947664,4.185992013720754
arm|1.0,arm,1.0,arm-1-rebco-22T-R22-a2.2-reference-none,arm-1-nb3sn-13T-R18-a1.8-reference-none,22.0,2.2,22.0,22.031037810322022,False,1.1532711647807332,4.707746667920296
arm|1.0,arm,1.0,arm-1-rebco-22T-R15-a1.5-reference-none,arm-1-nb3sn-13T-R18-a1.8-reference-none,15.0,1.5,22.0,22.00723741379059,False,-1.7172872958373233,3.8546080237177547
arm|1.0,arm,1.0,arm-1-rebco-22T-R12.7-a1.3-reference-none,arm-1-nb3sn-13T-R18-a1.8-reference-none,12.7,1.3,22.0,22.05088373665321,False,-6.324245642861555,3.565850695489961
arm|1.0,arm,1.0,arm-1-rebco-12T-R22-a2.2-reference-none,arm-1-nb3sn-13T-R18-a1.8-reference-none,22.0,2.2,12.0,21.36070378192493,True,-6.358367719200388,4.755040214305414
arm|1.0,arm,1.0,arm-1-rebco-12T-R18-a1.8-reference-none,arm-1-nb3sn-13T-R18-a1.8-reference-none,18.0,1.8,12.0,21.27238958000947,True,-12.206292430124336,4.369409081555107
arm|1.4,arm,1.4,arm-1.4-rebco-22T-R12.7-a1.3-reference-none,arm-1.4-nb3sn-13T-R12.7-a1.3-reference-none,12.7,1.3,22.0,22.05088373665321,False,13.360259805915533,2.5823045081935616
arm|1.4,arm,1.4,arm-1.4-rebco-12T-R12.7-a1.3-reference-none,arm-1.4-nb3sn-13T-R12.7-a1.3-reference-none,12.7,1.3,12.0,20.669454041995262,True,10.903076792467232,2.2620843599028104
arm|1.4,arm,1.4,arm-1.4-rebco-22T-R15-a1.5-reference-none,arm-1.4-nb3sn-13T-R12.7-a1.3-reference-none,15.0,1.5,22.0,22.00723741379059,False,9.121176596371313,2.9513521111026306
arm|1.4,arm,1.4,arm-1.4-rebco-12T-R15-a1.5-reference-none,arm-1.4-nb3sn-13T-R12.7-a1.3-reference-none,15.0,1.5,12.0,20.839150397732112,True,9.084105615645754,2.629048998646532
arm|1.4,arm,1.4,arm-1.4-rebco-11T-R18-a1.8-reference-none,arm-1.4-nb3sn-13T-R12.7-a1.3-reference-none,18.0,1.8,11.0,19.438033068114443,True,7.4971064501983875,2.4636077712011524
arm|1.4,arm,1.4,arm-1.4-rebco-20T-R12.7-a1.3-reference-none,arm-1.4-nb3sn-13T-R12.7-a1.3-reference-none,12.7,1.3,20.0,20.02066586524375,False,6.482073311550465,2.311272029367052
arm|1.4,arm,1.4,arm-1.4-rebco-20T-R15-a1.5-reference-none,arm-1.4-nb3sn-13T-R12.7-a1.3-reference-none,15.0,1.5,20.0,20.06027196888631,False,6.2944213524147585,2.4587555489156774
arm|1.4,arm,1.4,arm-1.4-rebco-12T-R18-a1.8-reference-none,arm-1.4-nb3sn-13T-R12.7-a1.3-reference-none,18.0,1.8,12.0,21.27238958000947,True,4.508428409944244,3.1501604162223975
arm|1.4,arm,1.4,arm-1.4-rebco-22T-R18-a1.8-reference-none,arm-1.4-nb3sn-13T-R12.7-a1.3-reference-none,18.0,1.8,22.0,22.009048593049414,False,3.706877809962066,3.4413844372312714
arm|1.4,arm,1.4,arm-1.4-rebco-24.9T-R12.7-a1.3-reference-none,arm-1.4-nb3sn-13T-R12.7-a1.3-reference-none,12.7,1.3,24.9,24.92943043943279,False,3.047566403292791,3.7313041324091842
arm|1.4,arm,1.4,arm-1.4-rebco-20T-R18-a1.8-reference-none,arm-1.4-nb3sn-13T-R12.7-a1.3-reference-none,18.0,1.8,20.0,20.065433856824978,False,2.7423686032825287,2.8145498668884623
arm|1.4,arm,1.4,arm-1.4-rebco-22T-R22-a1.8-reference-none,arm-1.4-nb3sn-13T-R12.7-a1.3-reference-none,22.0,1.8,22.0,22.05288366977072,False,-0.4314136205034913,3.902933180402438
arm|1.4,arm,1.4,arm-1.4-rebco-12T-R22-a1.8-reference-none,arm-1.4-nb3sn-13T-R12.7-a1.3-reference-none,22.0,1.8,12.0,21.538268372704,True,-1.152078252025646,3.7266698264830427
arm|1.4,arm,1.4,arm-1.4-rebco-20T-R22-a1.8-reference-none,arm-1.4-nb3sn-13T-R12.7-a1.3-reference-none,22.0,1.8,20.0,20.040683738440208,False,-1.1789437267701857,3.089331386405539
arm|1.4,arm,1.4,arm-1.4-rebco-24.9T-R15-a1.5-reference-none,arm-1.4-nb3sn-13T-R12.7-a1.3-reference-none,15.0,1.5,24.9,24.96110300385261,False,-2.3000600684675874,4.463708232818906
arm|1.4,arm,1.4,arm-1.4-rebco-12T-R22-a2.2-reference-none,arm-1.4-nb3sn-13T-R12.7-a1.3-reference-none,22.0,2.2,12.0,21.36070378192493,True,-2.4811510075631134,3.828862139333428
arm|1.4,arm,1.4,arm-1.4-rebco-22T-R22-a2.2-reference-none,arm-1.4-nb3sn-13T-R12.7-a1.3-reference-none,22.0,2.2,22.0,22.031037810322022,False,-3.268236059521172,4.142142205014775
arm|1.4,arm,1.4,arm-1.4-rebco-20T-R22-a2.2-reference-none,arm-1.4-nb3sn-13T-R12.7-a1.3-reference-none,22.0,2.2,20.0,20.045907080581536,False,-4.104400939765682,3.262996074916813
arm|1.4,arm,1.4,arm-1.4-rebco-11T-R22-a1.8-reference-none,arm-1.4-nb3sn-13T-R12.7-a1.3-reference-none,22.0,1.8,11.0,19.812462118208778,True,-4.291894699429065,3.079990794590772
arm|1.4,arm,1.4,arm-1.4-rebco-24.9T-R22-a1.8-reference-none,arm-1.4-nb3sn-13T-R12.7-a1.3-reference-none,22.0,1.8,24.9,24.942201071166007,False,-5.239197808965514,5.791826584881622
arm|1.4,arm,1.4,arm-1.4-rebco-11T-R22-a2.2-reference-none,arm-1.4-nb3sn-13T-R12.7-a1.3-reference-none,22.0,2.2,11.0,19.728591803819274,True,-5.282193799545894,3.1652838499888425
arm|1.4,arm,1.4,arm-1.4-rebco-24.9T-R18-a1.8-companion-none,arm-1.4-nb3sn-13T-R12.7-a1.3-reference-none,18.0,1.8,24.9,24.944671806289932,False,-8.54320435591056,6.023207555474334
arm|1.4,arm,1.4,arm-1.4-rebco-11T-R15-a1.5-reference-none,arm-1.4-nb3sn-13T-R12.7-a1.3-reference-none,15.0,1.5,11.0,19.32511610757572,True,-12.142331893053381,2.8512154857288805
arm|1.4,arm,1.4,arm-1.4-rebco-24.9T-R22-a2.2-companion-none,arm-1.4-nb3sn-13T-R12.7-a1.3-reference-none,22.0,2.2,24.9,24.911317344360377,False,-13.762672644742494,8.789658527369033
arm|1.8,arm,1.8,arm-1.8-rebco-12T-R12.7-a1.3-reference-none,arm-1.8-nb3sn-12T-R12.7-a1.3-reference-none,12.7,1.3,12.0,20.669454041995262,True,11.103706062293526,2.6274259456122353
arm|1.8,arm,1.8,arm-1.8-rebco-20T-R15-a1.5-reference-none,arm-1.8-nb3sn-12T-R12.7-a1.3-reference-none,15.0,1.5,20.0,20.06027196888631,False,7.160303330956339,2.7342951098606285
arm|1.8,arm,1.8,arm-1.8-rebco-12T-R15-a1.5-companion-none,arm-1.8-nb3sn-12T-R12.7-a1.3-reference-none,15.0,1.5,12.0,20.839150397732112,True,5.942706461427775,2.6829651636280984
arm|1.8,arm,1.8,arm-1.8-rebco-20T-R12.7-a1.3-reference-none,arm-1.8-nb3sn-12T-R12.7-a1.3-reference-none,12.7,1.3,20.0,20.02066586524375,False,5.632152341582554,2.7861626806165134
arm|1.8,arm,1.8,arm-1.8-rebco-12T-R11-a1.1-reference-none,arm-1.8-nb3sn-12T-R12.7-a1.3-reference-none,11.0,1.1,12.0,20.30354991193812,True,4.596314066580433,2.7979142447783794
arm|1.8,arm,1.8,arm-1.8-rebco-20T-R11-a1.1-reference-none,arm-1.8-nb3sn-12T-R12.7-a1.3-reference-none,11.0,1.1,20.0,20.071588101329468,False,1.9753541119522282,2.839349059733794
arm|1.8,arm,1.8,arm-1.8-rebco-20T-R18-a1.8-companion-none,arm-1.8-nb3sn-12T-R12.7-a1.3-reference-none,18.0,1.8,20.0,20.065433856824978,False,1.6113434786657166,2.972431328052222
arm|1.8,arm,1.8,arm-1.8-rebco-11T-R18-a1.8-reference-none,arm-1.8-nb3sn-12T-R12.7-a1.3-reference-none,18.0,1.8,11.0,19.438033068114443,True,0.9135700898803378,3.082565342547166
arm|1.8,arm,1.8,arm-1.8-rebco-22T-R12.7-a1.3-reference-none,arm-1.8-nb3sn-12T-R12.7-a1.3-reference-none,12.7,1.3,22.0,22.05088373665321,False,0.7639932532633225,2.8462756398023314
arm|1.8,arm,1.8,arm-1.8-rebco-11T-R15-a1.5-reference-none,arm-1.8-nb3sn-12T-R12.7-a1.3-reference-none,15.0,1.5,11.0,19.32511610757572,True,-0.5828025406483448,3.1497785323742447
arm|1.8,arm,1.8,arm-1.8-rebco-20T-R22-a1.8-reference-none,arm-1.8-nb3sn-12T-R12.7-a1.3-reference-none,22.0,1.8,20.0,20.040683738440208,False,-0.674542622283596,3.3629424879933367
arm|1.8,arm,1.8,arm-1.8-rebco-12T-R22-a1.8-reference-none,arm-1.8-nb3sn-12T-R12.7-a1.3-reference-none,22.0,1.8,12.0,21.538268372704,True,-2.782018725566658,3.774218471206285
arm|1.8,arm,1.8,arm-1.8-rebco-12T-R10-a1-reference-none,arm-1.8-nb3sn-12T-R12.7-a1.3-reference-none,10.0,1.0,12.0,20.315341496522024,True,-2.919707409557276,3.017678042901614
arm|1.8,arm,1.8,arm-1.8-rebco-11T-R22-a1.8-reference-none,arm-1.8-nb3sn-12T-R12.7-a1.3-reference-none,22.0,1.8,11.0,19.812462118208778,True,-3.837766656835626,3.43592468947906
arm|1.8,arm,1.8,arm-1.8-rebco-22T-R15-a1.5-companion-none,arm-1.8-nb3sn-12T-R12.7-a1.3-reference-none,15.0,1.5,22.0,22.00723741379059,False,-4.175375393768306,3.7554272272160505
arm|1.8,arm,1.8,arm-1.8-rebco-20T-R22-a2.2-companion-none,arm-1.8-nb3sn-12T-R12.7-a1.3-reference-none,22.0,2.2,20.0,20.045907080581536,False,-5.44478578105246,3.299535185461673
arm|1.8,arm,1.8,arm-1.8-rebco-22T-R22-a1.8-reference-none,arm-1.8-nb3sn-12T-R12.7-a1.3-reference-none,22.0,1.8,22.0,22.05288366977072,False,-5.495379737678874,4.137622898361699
arm|1.8,arm,1.8,arm-1.8-rebco-11T-R22-a2.2-companion-none,arm-1.8-nb3sn-12T-R12.7-a1.3-reference-none,22.0,2.2,11.0,19.728591803819274,True,-5.625763973220231,3.3368232406384744
arm|1.8,arm,1.8,arm-1.8-rebco-12T-R18-a1.8-reference-none,arm-1.8-nb3sn-12T-R12.7-a1.3-reference-none,18.0,1.8,12.0,21.27238958000947,True,-5.646376073440038,3.4639270280064056
arm|1.8,arm,1.8,arm-1.8-rebco-11T-R12.7-a1.3-reference-none,arm-1.8-nb3sn-12T-R12.7-a1.3-reference-none,12.7,1.3,11.0,18.949341103461293,True,-6.554412507955533,3.2423957117666564
arm|1.8,arm,1.8,arm-1.8-rebco-20T-R10-a1-reference-none,arm-1.8-nb3sn-12T-R12.7-a1.3-reference-none,10.0,1.0,20.0,19.9962523630688,False,-6.933339315993024,3.105044687072087
arm|1.8,arm,1.8,arm-1.8-rebco-18T-R18-a1.8-reference-none,arm-1.8-nb3sn-12T-R12.7-a1.3-reference-none,18.0,1.8,18.0,18.061568159025157,False,-8.326516690716204,3.6853886475956426
arm|1.8,arm,1.8,arm-1.8-rebco-24.9T-R10-a1-reference-none,arm-1.8-nb3sn-12T-R12.7-a1.3-reference-none,10.0,1.0,24.9,24.94359218964137,False,-9.552105757225945,5.554928096646981
arm|1.8,arm,1.8,arm-1.8-rebco-22T-R18-a1.8-companion-none,arm-1.8-nb3sn-12T-R12.7-a1.3-reference-none,18.0,1.8,22.0,22.009048593049414,False,-11.055595551677783,5.367094754040113
arm|1.8,arm,1.8,arm-1.8-rebco-18T-R15-a1.5-reference-none,arm-1.8-nb3sn-12T-R12.7-a1.3-reference-none,15.0,1.5,18.0,18.068829550914863,False,-11.559825597031804,3.5560622144073624
arm|1.8,arm,1.8,arm-1.8-rebco-24.9T-R15-a1.5-reference-none,arm-1.8-nb3sn-12T-R12.7-a1.3-reference-none,15.0,1.5,24.9,24.96110300385261,False,-11.816754762757114,14.150570910576876
arm|1.8,arm,1.8,arm-1.8-rebco-24.9T-R11-a1.1-reference-none,arm-1.8-nb3sn-12T-R12.7-a1.3-reference-none,11.0,1.1,24.9,24.93284717869991,False,-11.93434969794643,7.289625967619729
arm|1.8,arm,1.8,arm-1.8-rebco-11T-R11-a1.1-reference-none,arm-1.8-nb3sn-12T-R12.7-a1.3-reference-none,11.0,1.1,11.0,18.986529672745068,True,-14.214210103661983,3.4157372438678637
arm|1.8,arm,1.8,arm-1.8-rebco-24.9T-R18-a1.8-reference-none,arm-1.8-nb3sn-12T-R12.7-a1.3-reference-none,18.0,1.8,24.9,24.944671806289932,False,-14.294368184590766,24.836338822866878
arm|1.8,arm,1.8,arm-1.8-rebco-12T-R22-a2.2-companion-none,arm-1.8-nb3sn-12T-R12.7-a1.3-reference-none,22.0,2.2,12.0,21.36070378192493,True,-14.582052080616307,5.53442476319894
arm|1.8,arm,1.8,arm-1.8-rebco-10T-R18-a1.8-reference-none,arm-1.8-nb3sn-12T-R12.7-a1.3-reference-none,18.0,1.8,10.0,17.815745578252674,True,-14.942331768832545,3.869607627635556
arm|1.8,arm,1.8,arm-1.8-rebco-24.9T-R22-a2.2-reference-none,arm-1.8-nb3sn-12T-R12.7-a1.3-reference-none,22.0,2.2,24.9,24.911317344360377,False,-15.030851731652078,29.37452166986684
arm|1.8,arm,1.8,arm-1.8-rebco-24.9T-R12.7-a1.3-reference-none,arm-1.8-nb3sn-12T-R12.7-a1.3-reference-none,12.7,1.3,24.9,24.92943043943279,False,-16.01107345907006,13.319250078802291
arm|1.8,arm,1.8,arm-1.8-rebco-24.9T-R22-a1.8-reference-none,arm-1.8-nb3sn-12T-R12.7-a1.3-reference-none,22.0,1.8,24.9,24.942201071166007,False,-16.224996179068086,21.4455447475764
arm|1.8,arm,1.8,arm-1.8-rebco-22T-R22-a2.2-reference-none,arm-1.8-nb3sn-12T-R12.7-a1.3-reference-none,22.0,2.2,22.0,22.031037810322022,False,-17.201550605088542,8.168035079873185
arm|1.8,arm,1.8,arm-1.8-rebco-18T-R22-a2.2-reference-none,arm-1.8-nb3sn-12T-R12.7-a1.3-reference-none,22.0,2.2,18.0,18.009692728240246,False,-20.48271911905313,4.319444565863007
arm|1.8,arm,1.8,arm-1.8-rebco-18T-R12.7-a1.3-reference-none,arm-1.8-nb3sn-12T-R12.7-a1.3-reference-none,12.7,1.3,18.0,18.063457354146035,False,-21.371966345221978,4.044959546989278
arm|1.8,arm,1.8,arm-1.8-rebco-10T-R22-a2.2-reference-none,arm-1.8-nb3sn-12T-R12.7-a1.3-reference-none,22.0,2.2,10.0,18.029415573809537,True,-22.794619422861615,4.4528942820152295
arm|1.8,arm,1.8,arm-1.8-rebco-18T-R22-a1.8-reference-none,arm-1.8-nb3sn-12T-R12.7-a1.3-reference-none,22.0,1.8,18.0,18.042712827253574,False,-26.207221685431293,5.0523865428023145
arm|1.8,arm,1.8,arm-1.8-rebco-10T-R22-a1.8-reference-none,arm-1.8-nb3sn-12T-R12.7-a1.3-reference-none,22.0,1.8,10.0,17.892980770595866,True,-29.16500055152582,5.236643390396246
arm|1.8,arm,1.8,arm-1.8-rebco-10T-R15-a1.5-reference-none,arm-1.8-nb3sn-12T-R12.7-a1.3-reference-none,15.0,1.5,10.0,17.6676562135888,True,-32.89431765132478,4.962812200110018
arm|1.8,arm,1.8,arm-1.8-rebco-11T-R10-a1-reference-none,arm-1.8-nb3sn-12T-R12.7-a1.3-reference-none,10.0,1.0,11.0,18.642238549869777,True,-38.387182252806994,4.632865320358726
