cell,geometry,f_ren,rebco_case,nb3sn_case,rebco_lcoe,nb3sn_lcoe,gap,break_even_USD2021_m,comparison_evidence,policy_evidence,rebco_confinement_evidence,nb3sn_confinement_evidence,rebco_geometry_evidence,nb3sn_geometry_evidence,beta_limit_evidence,winner_at_80,winner_at_30,winner_at_10,rebco_peak_field_T,rebco_R_m,rebco_power_short,rebco_divertor_pass,nb3sn_peak_field_T,nb3sn_R_m,nb3sn_power_short,nb3sn_divertor_pass
anchored|1.0,anchored,1.0,anchored-1-rebco-24.9T-R12.7-a1.3-reference-none,,587.2212594542705,,,,U,U,U,U,U,U,A,no comparison,no comparison,no comparison,24.934129458931572,12.7,False,False,,,,
anchored|1.4,anchored,1.4,anchored-1.4-rebco-18T-R12.7-a1.3-reference-none,anchored-1.4-nb3sn-13T-R22-a1.8-reference-none,429.6851158202899,347.6029650820019,82.08215073828802,37.66194661255603,U,U,U,U,U,U,A,Nb3Sn,REBCO,REBCO,18.01342036838621,12.7,True,True,13.027873578703453,22.0,False,True
anchored|1.8,anchored,1.8,anchored-1.8-rebco-18T-R12.7-a1.3-reference-none,anchored-1.8-nb3sn-13T-R22-a1.8-companion-none,481.11502230197453,348.7016736047228,132.4133486972517,26.19858352119293,U,U,U,U,U,U,A,Nb3Sn,Nb3Sn,REBCO,18.01342036838621,12.7,True,True,13.027873578703453,22.0,True,True
helias|1.0,helias,1.0,helias-1-rebco-20T-R12.7-a1.3-reference-none,helias-1-nb3sn-13T-R22-a2.2-reference-none,532.9568952793411,389.96627266371013,142.99062261563097,33.18120853112853,U,U,U,U,U,U,A,Nb3Sn,REBCO,REBCO,20.032157241492683,12.7,False,False,13.0236772589113,22.0,False,True
helias|1.4,helias,1.4,helias-1.4-rebco-18T-R12.7-a1.3-reference-none,helias-1.4-nb3sn-12T-R15-a1.5-reference-none,469.43392997325105,324.41486584750413,145.01906412574692,19.534260844974263,U,U,U,U,U,U,A,Nb3Sn,Nb3Sn,REBCO,18.006690465932166,12.7,False,True,12.002807511683768,15.0,True,True
helias|1.8,helias,1.8,helias-1.8-rebco-12T-R12.7-a1.3-reference-none,helias-1.8-nb3sn-11T-R18-a1.8-companion-none,470.9248835158243,321.125070715513,149.79981280031132,5.6837901900081675,U,U,U,U,U,U,A,Nb3Sn,Nb3Sn,Nb3Sn,11.782467532467532,12.7,True,True,11.015350419492009,18.0,True,True
arm|1.0,arm,1.0,arm-1-rebco-24.9T-R12.7-a1.3-reference-none,arm-1-nb3sn-13T-R18-a1.8-reference-none,558.5188736111248,378.20209489818393,180.3167787129409,28.34066801950285,U,U,U,U,U,U,A,Nb3Sn,Nb3Sn,REBCO,24.92943043943279,12.7,False,True,13.006282673776136,18.0,False,False
arm|1.4,arm,1.4,arm-1.4-rebco-12T-R12.7-a1.3-reference-none,arm-1.4-nb3sn-13T-R12.7-a1.3-reference-none,466.17633253069397,309.87326322552855,156.30306930516542,13.360259805915533,U,U,U,U,U,U,A,Nb3Sn,Nb3Sn,REBCO,20.669454041995262,12.7,False,False,13.019032039387026,12.7,False,True
arm|1.8,arm,1.8,arm-1.8-rebco-12T-R12.7-a1.3-reference-none,arm-1.8-nb3sn-12T-R12.7-a1.3-reference-none,488.72656095762306,307.7066507091661,181.01991024845694,11.103706062293526,U,U,U,U,U,U,A,Nb3Sn,Nb3Sn,REBCO,20.669454041995262,12.7,True,True,12.00712472676145,12.7,True,True
