case_id,candidate_id,aliases,anchor,B_peak_T,point_class,pairing,rule_family,variant,offer_kind,refrigerator_kind,panel,material,construction,status,fit_margin_mm2,gross_area_mm2,fit_pass,drawn_at_axis_floor
D-8T-common-C-reference-none-reference-reference,20260929-magnet-material-comparison:c0024,,D,8.0,matched,common-C,reference,none,reference,reference,anchor D,Nb₃Sn,C,supported,3237.9320603334163,513.1665312158791,1,0
D-8T-common-C-reference-none-reference-reference,20260929-magnet-material-comparison:c0024,,D,8.0,matched,common-C,reference,none,reference,reference,anchor D,REBCO,C,supported,3306.691660549296,444.406931,1,0
D-9T-common-C-reference-none-reference-reference,20260929-magnet-material-comparison:c0170,,D,9.0,matched,common-C,reference,none,reference,reference,anchor D,Nb₃Sn,C,supported,3133.0830245273937,618.0155670219021,1,0
D-9T-common-C-reference-none-reference-reference,20260929-magnet-material-comparison:c0170,,D,9.0,matched,common-C,reference,none,reference,reference,anchor D,REBCO,C,supported,3237.3395765492955,513.759015,1,0
D-10T-common-C-reference-none-reference-reference,20260929-magnet-material-comparison:c0318,,D,10.0,matched,common-C,reference,none,reference,reference,anchor D,Nb₃Sn,C,supported,3010.269775969317,740.8288155799786,1,0
D-10T-common-C-reference-none-reference-reference,20260929-magnet-material-comparison:c0318,,D,10.0,matched,common-C,reference,none,reference,reference,anchor D,REBCO,C,supported,3164.970331549296,586.1282600000001,1,0
D-11T-common-C-reference-none-reference-reference,20260929-magnet-material-comparison:c0466,,D,11.0,matched,common-C,reference,none,reference,reference,anchor D,Nb₃Sn,C,supported,2862.626993233297,888.4715983159981,1,0
D-11T-common-C-reference-none-reference-reference,20260929-magnet-material-comparison:c0466,,D,11.0,matched,common-C,reference,none,reference,reference,anchor D,REBCO,C,supported,3088.463926549296,662.6346649999999,1,0
D-12T-common-C-reference-none-reference-reference,20260929-magnet-material-comparison:c0614,,D,12.0,matched,common-C,reference,none,reference,reference,anchor D,Nb₃Sn,C,supported,2680.1207445430346,1070.9778470062613,1,0
D-12T-common-C-reference-none-reference-reference,20260929-magnet-material-comparison:c0614,,D,12.0,matched,common-C,reference,none,reference,reference,anchor D,REBCO,C,supported,3008.716362549296,742.382229,1,0
D-13T-common-C-reference-none-reference-reference,20260929-magnet-material-comparison:c0762,,D,13.0,edge,common-C,reference,none,reference,reference,anchor D,Nb₃Sn,C,edge,2445.851772696338,1305.246818852958,1,0
D-13T-common-C-reference-none-reference-reference,20260929-magnet-material-comparison:c0762,,D,13.0,edge,common-C,reference,none,reference,reference,anchor D,REBCO,C,supported,2925.055637549296,826.042954,1,0
D-14T-common-C-reference-none-reference-reference,20260929-magnet-material-comparison:c0910,,D,14.0,extension,common-C,reference,none,reference,reference,anchor D,Nb₃Sn,C,law-only,2132.886892714717,1618.211698834579,1,0
D-14T-common-C-reference-none-reference-reference,20260929-magnet-material-comparison:c0910,,D,14.0,extension,common-C,reference,none,reference,reference,anchor D,REBCO,C,supported,2837.9297545492955,913.168837,1,0
D-16T-common-C-reference-none-reference-reference,20260929-magnet-material-comparison:c1056,,D,16.0,extension,common-C,reference,none,reference,reference,anchor D,Nb₃Sn,C,unsupported,1042.2013523920646,2708.897239157231,1,0
D-16T-common-C-reference-none-reference-reference,20260929-magnet-material-comparison:c1056,,D,16.0,extension,common-C,reference,none,reference,reference,anchor D,REBCO,C,supported,2652.610505549296,1098.488086,1,0
D-18T-common-C-reference-none-reference-reference,20260929-magnet-material-comparison:c1202,,D,18.0,extension,common-C,reference,none,reference,reference,anchor D,Nb₃Sn,C,unsupported,-1822.940993559465,5574.039585108761,0,0
D-18T-common-C-reference-none-reference-reference,20260929-magnet-material-comparison:c1202,,D,18.0,extension,common-C,reference,none,reference,reference,anchor D,REBCO,C,supported,2451.862619549296,1299.235972,1,0
D-20T-common-C-reference-none-reference-reference,20260929-magnet-material-comparison:c1347,,D,20.0,extension,common-C,reference,none,reference,reference,anchor D,Nb₃Sn,C,unsupported,-14070.90170020095,17822.000291750246,0,1
D-20T-common-C-reference-none-reference-reference,20260929-magnet-material-comparison:c1347,,D,20.0,extension,common-C,reference,none,reference,reference,anchor D,REBCO,C,supported,2237.0300945492954,1514.068497,1,0
D-8T-common-P-reference-none-reference-reference,20260929-magnet-material-comparison:c0000,,D,8.0,matched,common-P,reference,none,reference,reference,anchor D,Nb₃Sn,P,supported,1676.0757491476948,2075.022842401601,1,0
D-8T-common-P-reference-none-reference-reference,20260929-magnet-material-comparison:c0000,,D,8.0,matched,common-P,reference,none,reference,reference,anchor D,REBCO,P,supported,1716.977392970706,2034.1211985785897,1,0
D-9T-common-P-reference-none-reference-reference,20260929-magnet-material-comparison:c0146,,D,9.0,matched,common-P,reference,none,reference,reference,anchor D,Nb₃Sn,P,supported,1278.646916261328,2472.451675287968,1,0
D-9T-common-P-reference-none-reference-reference,20260929-magnet-material-comparison:c0146,,D,9.0,matched,common-P,reference,none,reference,reference,anchor D,REBCO,P,supported,1348.51706020936,2402.581531339936,1,0
D-10T-common-P-reference-none-reference-reference,20260929-magnet-material-comparison:c0294,,D,10.0,matched,common-P,reference,none,reference,reference,anchor D,Nb₃Sn,P,supported,841.9705043393224,2909.1280872099733,1,0
D-10T-common-P-reference-none-reference-reference,20260929-magnet-material-comparison:c0294,,D,10.0,matched,common-P,reference,none,reference,reference,anchor D,REBCO,P,supported,954.7511505472826,2796.347441002013,1,0
D-11T-common-P-reference-none-reference-reference,20260929-magnet-material-comparison:c0442,,D,11.0,matched,common-P,reference,none,reference,reference,anchor D,Nb₃Sn,P,supported,359.45018444089646,3391.648407108399,1,0
D-11T-common-P-reference-none-reference-reference,20260929-magnet-material-comparison:c0442,,D,11.0,matched,common-P,reference,none,reference,reference,anchor D,REBCO,P,supported,534.0792970525313,3217.0192944967644,1,0
D-12T-common-P-reference-none-reference-reference,20260929-magnet-material-comparison:c0590,,D,12.0,matched,common-P,reference,none,reference,reference,anchor D,Nb₃Sn,P,supported,-178.55482815564892,3929.653419704945,0,0
D-12T-common-P-reference-none-reference-reference,20260929-magnet-material-comparison:c0590,,D,12.0,matched,common-P,reference,none,reference,reference,anchor D,REBCO,P,supported,87.78179091155289,3663.316800637743,1,0
D-13T-common-P-reference-none-reference-reference,20260929-magnet-material-comparison:c0738,,D,13.0,edge,common-P,reference,none,reference,reference,anchor D,Nb₃Sn,P,edge,-788.2816444915597,4539.380236040855,0,0
D-13T-common-P-reference-none-reference-reference,20260929-magnet-material-comparison:c0738,,D,13.0,edge,common-P,reference,none,reference,reference,anchor D,REBCO,P,supported,-385.101585937834,4136.20017748713,0,0
D-14T-common-P-reference-none-reference-reference,20260929-magnet-material-comparison:c0886,,D,14.0,extension,common-P,reference,none,reference,reference,anchor D,Nb₃Sn,P,law-only,-1495.6081577085497,5246.706749257845,0,0
D-14T-common-P-reference-none-reference-reference,20260929-magnet-material-comparison:c0886,,D,14.0,extension,common-P,reference,none,reference,reference,anchor D,REBCO,P,supported,-883.9306872470997,4635.029278796395,0,0
D-16T-common-P-reference-none-reference-reference,20260929-magnet-material-comparison:c1032,,D,16.0,extension,common-P,reference,none,reference,reference,anchor D,Nb₃Sn,P,unsupported,-3422.7686866344056,7173.867278183701,0,0
D-16T-common-P-reference-none-reference-reference,20260929-magnet-material-comparison:c1032,,D,16.0,extension,common-P,reference,none,reference,reference,anchor D,REBCO,P,supported,-1960.386281307442,5711.484872856738,0,0
D-18T-common-P-reference-none-reference-reference,20260929-magnet-material-comparison:c1178,,D,18.0,extension,common-P,reference,none,reference,reference,anchor D,Nb₃Sn,P,unsupported,-7976.064533656351,11727.163125205649,0,1
D-18T-common-P-reference-none-reference-reference,20260929-magnet-material-comparison:c1178,,D,18.0,extension,common-P,reference,none,reference,reference,anchor D,REBCO,P,supported,-3142.8652824559194,6893.963874005215,0,0
D-20T-common-P-reference-none-reference-reference,20260929-magnet-material-comparison:c1323,,D,20.0,extension,common-P,reference,none,reference,reference,anchor D,Nb₃Sn,P,unsupported,-29327.963051635918,33079.06164318521,0,1
D-20T-common-P-reference-none-reference-reference,20260929-magnet-material-comparison:c1323,,D,20.0,extension,common-P,reference,none,reference,reference,anchor D,REBCO,P,supported,-4429.447257189405,8180.5458487387,0,0
D-8T-native-reference-none-reference-reference,20260929-magnet-material-comparison:c0012,D-8T-native-reference-cu_density_material_93.4_100-reference-reference;D-8T-native-reference-cu_density_material_93.4_100-variant-offer-reference,D,8.0,matched,native,reference,none,reference,reference,anchor D,Nb₃Sn,P,supported,1676.0757491476948,2075.022842401601,1,0
D-8T-native-reference-none-reference-reference,20260929-magnet-material-comparison:c0012,D-8T-native-reference-cu_density_material_93.4_100-reference-reference;D-8T-native-reference-cu_density_material_93.4_100-variant-offer-reference,D,8.0,matched,native,reference,none,reference,reference,anchor D,REBCO,C,supported,3306.691660549296,444.406931,1,0
D-9T-native-reference-none-reference-reference,20260929-magnet-material-comparison:c0158,D-9T-native-reference-cu_density_material_93.4_100-reference-reference;D-9T-native-reference-cu_density_material_93.4_100-variant-offer-reference,D,9.0,matched,native,reference,none,reference,reference,anchor D,Nb₃Sn,P,supported,1278.646916261328,2472.451675287968,1,0
D-9T-native-reference-none-reference-reference,20260929-magnet-material-comparison:c0158,D-9T-native-reference-cu_density_material_93.4_100-reference-reference;D-9T-native-reference-cu_density_material_93.4_100-variant-offer-reference,D,9.0,matched,native,reference,none,reference,reference,anchor D,REBCO,C,supported,3237.3395765492955,513.759015,1,0
D-10T-native-reference-none-reference-reference,20260929-magnet-material-comparison:c0306,D-10T-native-reference-cu_density_material_93.4_100-reference-reference;D-10T-native-reference-cu_density_material_93.4_100-variant-offer-reference,D,10.0,matched,native,reference,none,reference,reference,anchor D,Nb₃Sn,P,supported,841.9705043393224,2909.1280872099733,1,0
D-10T-native-reference-none-reference-reference,20260929-magnet-material-comparison:c0306,D-10T-native-reference-cu_density_material_93.4_100-reference-reference;D-10T-native-reference-cu_density_material_93.4_100-variant-offer-reference,D,10.0,matched,native,reference,none,reference,reference,anchor D,REBCO,C,supported,3164.970331549296,586.1282600000001,1,0
D-11T-native-reference-none-reference-reference,20260929-magnet-material-comparison:c0454,D-11T-native-reference-cu_density_material_93.4_100-reference-reference;D-11T-native-reference-cu_density_material_93.4_100-variant-offer-reference,D,11.0,matched,native,reference,none,reference,reference,anchor D,Nb₃Sn,P,supported,359.45018444089646,3391.648407108399,1,0
D-11T-native-reference-none-reference-reference,20260929-magnet-material-comparison:c0454,D-11T-native-reference-cu_density_material_93.4_100-reference-reference;D-11T-native-reference-cu_density_material_93.4_100-variant-offer-reference,D,11.0,matched,native,reference,none,reference,reference,anchor D,REBCO,C,supported,3088.463926549296,662.6346649999999,1,0
D-12T-native-reference-none-reference-reference,20260929-magnet-material-comparison:c0602,D-12T-native-reference-cu_density_material_93.4_100-reference-reference;D-12T-native-reference-cu_density_material_93.4_100-variant-offer-reference,D,12.0,matched,native,reference,none,reference,reference,anchor D,Nb₃Sn,P,supported,-178.55482815564892,3929.653419704945,0,0
D-12T-native-reference-none-reference-reference,20260929-magnet-material-comparison:c0602,D-12T-native-reference-cu_density_material_93.4_100-reference-reference;D-12T-native-reference-cu_density_material_93.4_100-variant-offer-reference,D,12.0,matched,native,reference,none,reference,reference,anchor D,REBCO,C,supported,3008.716362549296,742.382229,1,0
D-13T-native-reference-none-reference-reference,20260929-magnet-material-comparison:c0750,D-13T-native-reference-cu_density_material_93.4_100-reference-reference;D-13T-native-reference-cu_density_material_93.4_100-variant-offer-reference,D,13.0,edge,native,reference,none,reference,reference,anchor D,Nb₃Sn,P,edge,-788.2816444915597,4539.380236040855,0,0
D-13T-native-reference-none-reference-reference,20260929-magnet-material-comparison:c0750,D-13T-native-reference-cu_density_material_93.4_100-reference-reference;D-13T-native-reference-cu_density_material_93.4_100-variant-offer-reference,D,13.0,edge,native,reference,none,reference,reference,anchor D,REBCO,C,supported,2925.055637549296,826.042954,1,0
D-14T-native-reference-none-reference-reference,20260929-magnet-material-comparison:c0898,D-14T-native-reference-cu_density_material_93.4_100-reference-reference;D-14T-native-reference-cu_density_material_93.4_100-variant-offer-reference,D,14.0,extension,native,reference,none,reference,reference,anchor D,Nb₃Sn,P,law-only,-1495.6081577085497,5246.706749257845,0,0
D-14T-native-reference-none-reference-reference,20260929-magnet-material-comparison:c0898,D-14T-native-reference-cu_density_material_93.4_100-reference-reference;D-14T-native-reference-cu_density_material_93.4_100-variant-offer-reference,D,14.0,extension,native,reference,none,reference,reference,anchor D,REBCO,C,supported,2837.9297545492955,913.168837,1,0
D-16T-native-reference-none-reference-reference,20260929-magnet-material-comparison:c1044,D-16T-native-reference-cu_density_material_93.4_100-reference-reference;D-16T-native-reference-cu_density_material_93.4_100-variant-offer-reference,D,16.0,extension,native,reference,none,reference,reference,anchor D,Nb₃Sn,P,unsupported,-3422.7686866344056,7173.867278183701,0,0
D-16T-native-reference-none-reference-reference,20260929-magnet-material-comparison:c1044,D-16T-native-reference-cu_density_material_93.4_100-reference-reference;D-16T-native-reference-cu_density_material_93.4_100-variant-offer-reference,D,16.0,extension,native,reference,none,reference,reference,anchor D,REBCO,C,supported,2652.610505549296,1098.488086,1,0
D-18T-native-reference-none-reference-reference,20260929-magnet-material-comparison:c1190,D-18T-native-reference-cu_density_material_93.4_100-reference-reference;D-18T-native-reference-cu_density_material_93.4_100-variant-offer-reference,D,18.0,extension,native,reference,none,reference,reference,anchor D,Nb₃Sn,P,unsupported,-7976.064533656351,11727.163125205649,0,1
D-18T-native-reference-none-reference-reference,20260929-magnet-material-comparison:c1190,D-18T-native-reference-cu_density_material_93.4_100-reference-reference;D-18T-native-reference-cu_density_material_93.4_100-variant-offer-reference,D,18.0,extension,native,reference,none,reference,reference,anchor D,REBCO,C,supported,2451.862619549296,1299.235972,1,0
D-20T-native-reference-none-reference-reference,20260929-magnet-material-comparison:c1335,D-20T-native-reference-cu_density_material_93.4_100-reference-reference;D-20T-native-reference-cu_density_material_93.4_100-variant-offer-reference,D,20.0,extension,native,reference,none,reference,reference,anchor D,Nb₃Sn,P,unsupported,-29327.963051635918,33079.06164318521,0,1
D-20T-native-reference-none-reference-reference,20260929-magnet-material-comparison:c1335,D-20T-native-reference-cu_density_material_93.4_100-reference-reference;D-20T-native-reference-cu_density_material_93.4_100-variant-offer-reference,D,20.0,extension,native,reference,none,reference,reference,anchor D,REBCO,C,supported,2237.0300945492954,1514.068497,1,0
S-8T-common-C-reference-none-reference-reference,20260929-magnet-material-comparison:c1484,,S,8.0,matched,common-C,reference,none,reference,reference,anchor S,Nb₃Sn,C,supported,302.2707186255248,118.508502153696,1,0
S-8T-common-C-reference-none-reference-reference,20260929-magnet-material-comparison:c1484,,S,8.0,matched,common-C,reference,none,reference,reference,anchor S,REBCO,C,supported,318.2442117792208,102.535009,1,0
S-9T-common-C-reference-none-reference-reference,20260929-magnet-material-comparison:c1624,,S,9.0,matched,common-C,reference,none,reference,reference,anchor S,Nb₃Sn,C,supported,278.26093312415594,142.51828765506488,1,0
S-9T-common-C-reference-none-reference-reference,20260929-magnet-material-comparison:c1624,,S,9.0,matched,common-C,reference,none,reference,reference,anchor S,REBCO,C,supported,302.3324607792208,118.44676,1,0
S-10T-common-C-reference-none-reference-reference,20260929-magnet-material-comparison:c1766,,S,10.0,matched,common-C,reference,none,reference,reference,anchor S,Nb₃Sn,C,supported,250.0657955473079,170.71342523191288,1,0
S-10T-common-C-reference-none-reference-reference,20260929-magnet-material-comparison:c1766,,S,10.0,matched,common-C,reference,none,reference,reference,anchor S,REBCO,C,supported,285.7080697792208,135.071151,1,0
S-11T-common-C-reference-none-reference-reference,20260929-magnet-material-comparison:c1908,,S,11.0,matched,common-C,reference,none,reference,reference,anchor S,Nb₃Sn,C,supported,216.1010027197755,204.6782180594453,1,0
S-11T-common-C-reference-none-reference-reference,20260929-magnet-material-comparison:c1908,,S,11.0,matched,common-C,reference,none,reference,reference,anchor S,REBCO,C,supported,268.1470407792208,152.63218,1,0
S-12T-common-C-reference-none-reference-reference,20260929-magnet-material-comparison:c2050,,S,12.0,matched,common-C,reference,none,reference,reference,anchor S,Nb₃Sn,C,supported,173.7260450162164,247.0531757630044,1,0
S-12T-common-C-reference-none-reference-reference,20260929-magnet-material-comparison:c2050,,S,12.0,matched,common-C,reference,none,reference,reference,anchor S,REBCO,C,supported,249.6493727792208,171.12984799999998,1,0
S-13T-common-C-reference-none-reference-reference,20260929-magnet-material-comparison:c2192,,S,13.0,edge,common-C,reference,none,reference,reference,anchor S,Nb₃Sn,C,edge,119.77231208621993,301.00690869300087,1,0
S-13T-common-C-reference-none-reference-reference,20260929-magnet-material-comparison:c2192,,S,13.0,edge,common-C,reference,none,reference,reference,anchor S,REBCO,C,supported,230.4390657792208,190.340155,1,0
S-8T-common-P-reference-none-reference-reference,20260929-magnet-material-comparison:c1460,,S,8.0,matched,common-P,reference,none,reference,reference,anchor S,Nb₃Sn,P,supported,-57.51332947968666,478.29255025890745,0,0
S-8T-common-P-reference-none-reference-reference,20260929-magnet-material-comparison:c1460,,S,8.0,matched,common-P,reference,none,reference,reference,anchor S,REBCO,P,supported,-48.03726605381746,468.8164868330383,0,0
S-9T-common-P-reference-none-reference-reference,20260929-magnet-material-comparison:c1600,,S,9.0,matched,common-P,reference,none,reference,reference,anchor S,Nb₃Sn,P,supported,-148.9286089066788,569.7078296858996,0,0
S-9T-common-P-reference-none-reference-reference,20260929-magnet-material-comparison:c1600,,S,9.0,matched,common-P,reference,none,reference,reference,anchor S,REBCO,P,supported,-132.8251503683113,553.6043711475321,0,0
S-10T-common-P-reference-none-reference-reference,20260929-magnet-material-comparison:c1742,,S,10.0,matched,common-P,reference,none,reference,reference,anchor S,Nb₃Sn,P,supported,-249.43032112656493,670.2095419057857,0,0
S-10T-common-P-reference-none-reference-reference,20260929-magnet-material-comparison:c1742,,S,10.0,matched,common-P,reference,none,reference,reference,anchor S,REBCO,P,supported,-223.4676700613299,644.2468908405507,0,0
S-11T-common-P-reference-none-reference-reference,20260929-magnet-material-comparison:c1884,,S,11.0,matched,common-P,reference,none,reference,reference,anchor S,Nb₃Sn,P,supported,-360.540693374495,781.3199141537158,0,0
S-11T-common-P-reference-none-reference-reference,20260929-magnet-material-comparison:c1884,,S,11.0,matched,common-P,reference,none,reference,reference,anchor S,REBCO,P,supported,-320.28489825713865,741.0641190363594,0,0
S-12T-common-P-reference-none-reference-reference,20260929-magnet-material-comparison:c2026,,S,12.0,matched,common-P,reference,none,reference,reference,anchor S,Nb₃Sn,P,supported,-484.7967732267451,905.575994005966,0,0
S-12T-common-P-reference-none-reference-reference,20260929-magnet-material-comparison:c2026,,S,12.0,matched,common-P,reference,none,reference,reference,anchor S,REBCO,P,supported,-423.2768349557376,844.0560557349584,0,0
S-13T-common-P-reference-none-reference-reference,20260929-magnet-material-comparison:c2168,,S,13.0,edge,common-P,reference,none,reference,reference,anchor S,Nb₃Sn,P,edge,-625.2430217066949,1046.0222424859155,0,0
S-13T-common-P-reference-none-reference-reference,20260929-magnet-material-comparison:c2168,,S,13.0,edge,common-P,reference,none,reference,reference,anchor S,REBCO,P,supported,-532.1234070328615,952.9026278120822,0,0
S-8T-native-reference-none-reference-reference,20260929-magnet-material-comparison:c1472,S-8T-native-reference-cu_density_material_93.4_100-reference-reference;S-8T-native-reference-cu_density_material_93.4_100-variant-offer-reference,S,8.0,matched,native,reference,none,reference,reference,anchor S,Nb₃Sn,P,supported,-57.51332947968666,478.29255025890745,0,0
S-8T-native-reference-none-reference-reference,20260929-magnet-material-comparison:c1472,S-8T-native-reference-cu_density_material_93.4_100-reference-reference;S-8T-native-reference-cu_density_material_93.4_100-variant-offer-reference,S,8.0,matched,native,reference,none,reference,reference,anchor S,REBCO,C,supported,318.2442117792208,102.535009,1,0
S-9T-native-reference-none-reference-reference,20260929-magnet-material-comparison:c1612,S-9T-native-reference-cu_density_material_93.4_100-reference-reference;S-9T-native-reference-cu_density_material_93.4_100-variant-offer-reference,S,9.0,matched,native,reference,none,reference,reference,anchor S,Nb₃Sn,P,supported,-148.9286089066788,569.7078296858996,0,0
S-9T-native-reference-none-reference-reference,20260929-magnet-material-comparison:c1612,S-9T-native-reference-cu_density_material_93.4_100-reference-reference;S-9T-native-reference-cu_density_material_93.4_100-variant-offer-reference,S,9.0,matched,native,reference,none,reference,reference,anchor S,REBCO,C,supported,302.3324607792208,118.44676,1,0
S-10T-native-reference-none-reference-reference,20260929-magnet-material-comparison:c1754,S-10T-native-reference-cu_density_material_93.4_100-reference-reference;S-10T-native-reference-cu_density_material_93.4_100-variant-offer-reference,S,10.0,matched,native,reference,none,reference,reference,anchor S,Nb₃Sn,P,supported,-249.43032112656493,670.2095419057857,0,0
S-10T-native-reference-none-reference-reference,20260929-magnet-material-comparison:c1754,S-10T-native-reference-cu_density_material_93.4_100-reference-reference;S-10T-native-reference-cu_density_material_93.4_100-variant-offer-reference,S,10.0,matched,native,reference,none,reference,reference,anchor S,REBCO,C,supported,285.7080697792208,135.071151,1,0
S-11T-native-reference-none-reference-reference,20260929-magnet-material-comparison:c1896,S-11T-native-reference-cu_density_material_93.4_100-reference-reference;S-11T-native-reference-cu_density_material_93.4_100-variant-offer-reference,S,11.0,matched,native,reference,none,reference,reference,anchor S,Nb₃Sn,P,supported,-360.540693374495,781.3199141537158,0,0
S-11T-native-reference-none-reference-reference,20260929-magnet-material-comparison:c1896,S-11T-native-reference-cu_density_material_93.4_100-reference-reference;S-11T-native-reference-cu_density_material_93.4_100-variant-offer-reference,S,11.0,matched,native,reference,none,reference,reference,anchor S,REBCO,C,supported,268.1470407792208,152.63218,1,0
S-12T-native-reference-none-reference-reference,20260929-magnet-material-comparison:c2038,S-12T-native-reference-cu_density_material_93.4_100-reference-reference;S-12T-native-reference-cu_density_material_93.4_100-variant-offer-reference,S,12.0,matched,native,reference,none,reference,reference,anchor S,Nb₃Sn,P,supported,-484.7967732267451,905.575994005966,0,0
S-12T-native-reference-none-reference-reference,20260929-magnet-material-comparison:c2038,S-12T-native-reference-cu_density_material_93.4_100-reference-reference;S-12T-native-reference-cu_density_material_93.4_100-variant-offer-reference,S,12.0,matched,native,reference,none,reference,reference,anchor S,REBCO,C,supported,249.6493727792208,171.12984799999998,1,0
S-13T-native-reference-none-reference-reference,20260929-magnet-material-comparison:c2180,S-13T-native-reference-cu_density_material_93.4_100-reference-reference;S-13T-native-reference-cu_density_material_93.4_100-variant-offer-reference,S,13.0,edge,native,reference,none,reference,reference,anchor S,Nb₃Sn,P,edge,-625.2430217066949,1046.0222424859155,0,0
S-13T-native-reference-none-reference-reference,20260929-magnet-material-comparison:c2180,S-13T-native-reference-cu_density_material_93.4_100-reference-reference;S-13T-native-reference-cu_density_material_93.4_100-variant-offer-reference,S,13.0,edge,native,reference,none,reference,reference,anchor S,REBCO,C,supported,230.4390657792208,190.340155,1,0
