case_id,candidate_id,aliases,anchor,B_peak_T,point_class,pairing,rule_family,variant,offer_kind,refrigerator_kind,material,construction,status,plotted,fit_pass,fit_margin_mm2,element_length_km,sc_cost_MUSD2021,conductor_length_km,element_mass_kg
D-8T-common-P-reference-none-reference-reference,20260929-magnet-material-comparison:c0000,,D,8.0,matched,common-P,reference,none,reference,reference,Nb₃Sn,P,supported,1,1,1676.0757491476948,29306.9824,234.45585919999996,126.3232,137745.90486171574
D-8T-common-P-reference-none-reference-reference,20260929-magnet-material-comparison:c0000,,D,8.0,matched,common-P,reference,none,reference,reference,REBCO,P,supported,1,1,1716.977392970706,30317.568,2425.40544,126.3232,60441.1035648
D-9T-common-P-reference-none-reference-reference,20260929-magnet-material-comparison:c0146,,D,9.0,matched,common-P,reference,none,reference,reference,Nb₃Sn,P,supported,1,1,1278.646916261328,40423.424,323.387392,126.3232,189994.35153340103
D-9T-common-P-reference-none-reference-reference,20260929-magnet-material-comparison:c0146,,D,9.0,matched,common-P,reference,none,reference,reference,REBCO,P,supported,1,1,1348.51706020936,36507.4048,2920.592384,126.3232,72781.16220928
D-10T-common-P-reference-none-reference-reference,20260929-magnet-material-comparison:c0294,,D,10.0,matched,common-P,reference,none,reference,reference,Nb₃Sn,P,supported,1,1,841.9705043393224,55329.5616,442.6364928,126.3232,260054.76866134268
D-10T-common-P-reference-none-reference-reference,20260929-magnet-material-comparison:c0294,,D,10.0,matched,common-P,reference,none,reference,reference,REBCO,P,supported,1,1,954.7511505472826,43202.5344,3456.2027519999997,126.3232,86128.57257984
D-11T-common-P-reference-none-reference-reference,20260929-magnet-material-comparison:c0442,,D,11.0,matched,common-P,reference,none,reference,reference,Nb₃Sn,P,supported,1,1,359.45018444089646,75667.5968,605.3407744,126.3232,355645.67677658505
D-11T-common-P-reference-none-reference-reference,20260929-magnet-material-comparison:c0442,,D,11.0,matched,common-P,reference,none,reference,reference,REBCO,P,supported,1,1,534.0792970525313,51034.572799999994,4082.7658239999996,126.3232,101742.52433408
D-12T-common-P-reference-none-reference-reference,20260929-magnet-material-comparison:c0590,,D,12.0,matched,common-P,reference,none,reference,reference,Nb₃Sn,P,supported,1,0,-178.55482815564892,103837.6704,830.7013632,126.3232,488047.990501424
D-12T-common-P-reference-none-reference-reference,20260929-magnet-material-comparison:c0590,,D,12.0,matched,common-P,reference,none,reference,reference,REBCO,P,supported,1,1,87.78179091155289,59498.2272,4759.858176,126.3232,118615.66574592
D-13T-common-P-reference-none-reference-reference,20260929-magnet-material-comparison:c0738,,D,13.0,edge,common-P,reference,none,reference,reference,Nb₃Sn,P,edge,1,0,-788.2816444915597,143882.1248,1151.0569984,126.3232,676261.1449891992
D-13T-common-P-reference-none-reference-reference,20260929-magnet-material-comparison:c0738,,D,13.0,edge,common-P,reference,none,reference,reference,REBCO,P,supported,1,0,-385.101585937834,68972.4672,5517.7973759999995,126.3232,137503.51060992
D-14T-common-P-reference-none-reference-reference,20260929-magnet-material-comparison:c0886,,D,14.0,extension,common-P,reference,none,reference,reference,Nb₃Sn,P,law-only,1,0,-1495.6081577085497,202243.44319999998,1617.9475455999998,126.3232,950565.490015547
D-14T-common-P-reference-none-reference-reference,20260929-magnet-material-comparison:c0886,,D,14.0,extension,common-P,reference,none,reference,reference,REBCO,P,supported,1,0,-883.9306872470997,79204.6464,6336.371711999999,126.3232,157902.38306303998
D-16T-common-P-reference-none-reference-reference,20260929-magnet-material-comparison:c1032,,D,16.0,extension,common-P,reference,none,reference,reference,Nb₃Sn,P,unsupported,0,0,-3422.7686866344056,428614.61760000006,3428.9169408000002,126.3232,2014533.8586025927
D-16T-common-P-reference-none-reference-reference,20260929-magnet-material-comparison:c1032,,D,16.0,extension,common-P,reference,none,reference,reference,REBCO,P,supported,1,0,-1960.386281307442,102321.792,8185.7433599999995,126.3232,203988.7245312
D-18T-common-P-reference-none-reference-reference,20260929-magnet-material-comparison:c1178,,D,18.0,extension,common-P,reference,none,reference,reference,Nb₃Sn,P,unsupported,0,0,-7976.064533656351,1077410.5728,8619.2845824,126.3232,5063943.20071368
D-18T-common-P-reference-none-reference-reference,20260929-magnet-material-comparison:c1178,,D,18.0,extension,common-P,reference,none,reference,reference,REBCO,P,supported,1,0,-3142.8652824559194,129354.9568,10348.396544,126.3232,257882.04187648
D-20T-common-P-reference-none-reference-reference,20260929-magnet-material-comparison:c1323,,D,20.0,extension,common-P,reference,none,reference,reference,Nb₃Sn,P,unsupported,0,0,-29327.963051635918,3968569.6511999997,31748.557209599996,126.3232,18652695.46179165
D-20T-common-P-reference-none-reference-reference,20260929-magnet-material-comparison:c1323,,D,20.0,extension,common-P,reference,none,reference,reference,REBCO,P,supported,1,0,-4429.447257189405,159546.2016,12763.696128,126.3232,318071.30750976
