case_id,candidate_id,aliases,anchor,B_peak_T,point_class,pairing,rule_family,variant,offer_kind,refrigerator_kind,material,construction,status,plotted,fit_pass,fit_margin_mm2,q_cold_kW,p_in_cold_MW,p_in_shield_MW,p_in_total_MW,eta_cold,green_extrapolated,R_equiv_kW,capacity_margin_kW,refrigerator_capital_MUSD2021
D-8T-common-P-reference-none-reference-reference,20260929-magnet-material-comparison:c0000,,D,8.0,matched,common-P,reference,none,reference,reference,Nb₃Sn,P,supported,1,1,1676.0757491476948,28.15965514923348,5.456356233438418,16.18667527951711,21.64303151295553,0.3388984532939346,0,30.0,1.8403448507665237,32.337873235238284
D-8T-common-P-reference-none-reference-reference,20260929-magnet-material-comparison:c0000,,D,8.0,matched,common-P,reference,none,reference,reference,REBCO,P,supported,1,1,1716.977392970706,27.76101914299499,1.1468162932713086,16.18667527951711,17.33349157278842,0.3388984532939346,0,6.395939086294415,2.238980857005012,11.841874279020237
D-9T-common-P-reference-none-reference-reference,20260929-magnet-material-comparison:c0146,,D,9.0,matched,common-P,reference,none,reference,reference,Nb₃Sn,P,supported,1,1,1278.646916261328,29.01472262888189,5.622038403474406,16.21531813101519,21.8373565344896,0.3388984532939346,0,30.0,0.9852773711181108,32.337873235238284
D-9T-common-P-reference-none-reference-reference,20260929-magnet-material-comparison:c0146,,D,9.0,matched,common-P,reference,none,reference,reference,REBCO,P,supported,1,1,1348.51706020936,28.598955676314198,1.181431710817326,16.21531813101519,17.39674984183252,0.3388984532939346,0,6.395939086294415,1.4010443236858046,11.841874279020237
D-10T-common-P-reference-none-reference-reference,20260929-magnet-material-comparison:c0294,,D,10.0,matched,common-P,reference,none,reference,reference,Nb₃Sn,P,supported,1,1,841.9705043393224,29.90869299922687,5.795258593028959,16.243960982513272,22.039219575542237,0.3388984532939346,0,30.0,0.09130700077313304,32.337873235238284
D-10T-common-P-reference-none-reference-reference,20260929-magnet-material-comparison:c0294,,D,10.0,matched,common-P,reference,none,reference,reference,REBCO,P,supported,1,1,954.7511505472826,29.47579510032997,1.2176542188190778,16.243960982513272,17.46161520133235,0.3388984532939346,0,6.395939086294415,0.524204899670025,11.841874279020237
D-11T-common-P-reference-none-reference-reference,20260929-magnet-material-comparison:c0442,,D,11.0,matched,common-P,reference,none,reference,reference,Nb₃Sn,P,supported,1,1,359.45018444089646,30.84156626026842,5.313572339153606,16.272603834011356,21.586176173164965,0.3811490127211784,1,50.0,19.158433739731585,45.07265506452926
D-11T-common-P-reference-none-reference-reference,20260929-magnet-material-comparison:c0442,,D,11.0,matched,common-P,reference,none,reference,reference,REBCO,P,supported,1,1,534.0792970525313,30.391537415042325,1.116312805778785,16.272603834011356,17.38891663979014,0.3811490127211784,1,10.65989847715736,19.60846258495768,16.50525100439145
D-12T-common-P-reference-none-reference-reference,20260929-magnet-material-comparison:c0590,,D,12.0,matched,common-P,reference,none,reference,reference,Nb₃Sn,P,supported,1,0,-178.55482815564892,31.81334241200653,5.480995836266228,16.301246685509433,21.782242521775665,0.3811490127211784,1,50.0,18.18665758799347,45.07265506452926
D-12T-common-P-reference-none-reference-reference,20260929-magnet-material-comparison:c0590,,D,12.0,matched,common-P,reference,none,reference,reference,REBCO,P,supported,1,1,87.78179091155289,31.34618262045124,1.1513779179256236,16.301246685509433,17.45262460343506,0.3811490127211784,1,10.65989847715736,18.65381737954876,16.50525100439145
D-13T-common-P-reference-none-reference-reference,20260929-magnet-material-comparison:c0738,,D,13.0,edge,common-P,reference,none,reference,reference,Nb₃Sn,P,edge,1,0,-788.2816444915597,32.82402145444123,5.6551217596490995,16.329889537007514,21.985011296656616,0.3811490127211784,1,50.0,17.17597854555877,45.07265506452926
D-13T-common-P-reference-none-reference-reference,20260929-magnet-material-comparison:c0738,,D,13.0,edge,common-P,reference,none,reference,reference,REBCO,P,supported,1,0,-385.101585937834,32.33973071655673,1.187871973744291,16.329889537007514,17.517761510751807,0.3811490127211784,1,10.65989847715736,17.66026928344327,16.50525100439145
D-14T-common-P-reference-none-reference-reference,20260929-magnet-material-comparison:c0886,,D,14.0,extension,common-P,reference,none,reference,reference,Nb₃Sn,P,law-only,1,0,-1495.6081577085497,33.87360338757249,5.835950109302218,16.358532388505594,22.19448249780781,0.3811490127211784,1,50.0,16.12639661242751,45.07265506452926
D-14T-common-P-reference-none-reference-reference,20260929-magnet-material-comparison:c0886,,D,14.0,extension,common-P,reference,none,reference,reference,REBCO,P,supported,1,0,-883.9306872470997,33.372181703358784,1.2257949732347886,16.358532388505594,17.584327361740385,0.3811490127211784,1,10.65989847715736,16.627818296641212,16.50525100439145
D-16T-common-P-reference-none-reference-reference,20260929-magnet-material-comparison:c1032,,D,16.0,extension,common-P,reference,none,reference,reference,Nb₃Sn,P,unsupported,0,0,-3422.7686866344056,36.089475925924724,6.217714087419199,16.415818091501755,22.633532178920955,0.3811490127211784,1,50.0,13.910524074075278,45.07265506452926
D-16T-common-P-reference-none-reference-reference,20260929-magnet-material-comparison:c1032,,D,16.0,extension,common-P,reference,none,reference,reference,REBCO,P,supported,1,0,-1960.386281307442,35.55379234905262,1.3059278032312718,16.415818091501755,17.72174589473303,0.3811490127211784,1,10.65989847715736,14.446207650947375,16.50525100439145
D-18T-common-P-reference-none-reference-reference,20260929-magnet-material-comparison:c1178,,D,18.0,extension,common-P,reference,none,reference,reference,Nb₃Sn,P,unsupported,0,0,-7976.064533656351,38.460960027063244,6.626287770617171,16.47310379449792,23.09939156511509,0.3811490127211784,1,50.0,11.539039972936756,45.07265506452926
D-18T-common-P-reference-none-reference-reference,20260929-magnet-material-comparison:c1178,,D,18.0,extension,common-P,reference,none,reference,reference,REBCO,P,supported,1,0,-3142.8652824559194,37.891014557532735,1.3917764079150732,16.47310379449792,17.864880202412998,0.3811490127211784,1,10.65989847715736,12.108985442467269,16.50525100439145
D-20T-common-P-reference-none-reference-reference,20260929-magnet-material-comparison:c1323,,D,20.0,extension,common-P,reference,none,reference,reference,Nb₃Sn,P,unsupported,0,0,-29327.963051635918,40.98805569098805,7.061671158896135,16.530389497494085,23.59206065639022,0.3811490127211784,1,50.0,9.011944309011952,45.07265506452926
D-20T-common-P-reference-none-reference-reference,20260929-magnet-material-comparison:c1323,,D,20.0,extension,common-P,reference,none,reference,reference,REBCO,P,supported,1,0,-4429.447257189405,40.38384832879914,1.483340787286193,16.530389497494085,18.01373028478028,0.3811490127211784,1,10.65989847715736,9.61615167120086,16.50525100439145
