case_id,candidate_id,aliases,anchor,B_peak_T,point_class,pairing,rule_family,variant,offer_kind,refrigerator_kind,material,construction,status,plotted,fit_pass,fit_margin_mm2,operating_fraction,T_cs_K,T_conductor_K,temperature_margin_K,temp_rule_margin_K,fraction_rule_margin,acceptance_margin,reference_acceptance_rule
D-8T-common-P-reference-none-reference-reference,20260929-magnet-material-comparison:c0000,,D,8.0,matched,common-P,reference,none,reference,reference,Nb₃Sn,P,supported,1,1,1676.0757491476948,0.7743816389432086,6.710701053519597,5.2,1.5107010535195968,0.0107010535195968,0.0256183610567914,0.0107010535195968,temperature rule (Tcs − T_conductor ≥ 1.5 K)
D-8T-common-P-reference-none-reference-reference,20260929-magnet-material-comparison:c0000,,D,8.0,matched,common-P,reference,none,reference,reference,REBCO,P,supported,1,1,1716.977392970706,0.7977430092063632,25.671313094012177,20.7,4.971313094012178,3.471313094012178,0.0022569907936368,0.0022569907936368,fraction rule (I/Ic ≤ 0.8)
D-9T-common-P-reference-none-reference-reference,20260929-magnet-material-comparison:c0146,,D,9.0,matched,common-P,reference,none,reference,reference,Nb₃Sn,P,supported,1,1,1278.646916261328,0.7551856339788321,6.712794891532623,5.2,1.5127948915326224,0.0127948915326223,0.0448143660211679,0.0127948915326223,temperature rule (Tcs − T_conductor ≥ 1.5 K)
D-9T-common-P-reference-none-reference-reference,20260929-magnet-material-comparison:c0146,,D,9.0,matched,common-P,reference,none,reference,reference,REBCO,P,supported,1,1,1348.51706020936,0.7988660852169391,25.640362905398057,20.7,4.940362905398057,3.4403629053980573,0.0011339147830609,0.0011339147830609,fraction rule (I/Ic ≤ 0.8)
D-10T-common-P-reference-none-reference-reference,20260929-magnet-material-comparison:c0294,,D,10.0,matched,common-P,reference,none,reference,reference,Nb₃Sn,P,supported,1,1,841.9705043393224,0.7350054739584394,6.708396685863521,5.2,1.508396685863521,0.0083966858635209,0.0649945260415606,0.0083966858635209,temperature rule (Tcs − T_conductor ≥ 1.5 K)
D-10T-common-P-reference-none-reference-reference,20260929-magnet-material-comparison:c0294,,D,10.0,matched,common-P,reference,none,reference,reference,REBCO,P,supported,1,1,954.7511505472826,0.7981212657304059,25.660884082202752,20.7,4.960884082202753,3.460884082202753,0.0018787342695941,0.0018787342695941,fraction rule (I/Ic ≤ 0.8)
D-11T-common-P-reference-none-reference-reference,20260929-magnet-material-comparison:c0442,,D,11.0,matched,common-P,reference,none,reference,reference,Nb₃Sn,P,supported,1,1,359.45018444089646,0.7122346961161841,6.705241392239991,5.2,1.5052413922399903,0.0052413922399905,0.0877653038838159,0.0052413922399905,temperature rule (Tcs − T_conductor ≥ 1.5 K)
D-11T-common-P-reference-none-reference-reference,20260929-magnet-material-comparison:c0442,,D,11.0,matched,common-P,reference,none,reference,reference,REBCO,P,supported,1,1,534.0792970525313,0.7991947604844882,25.631313367631723,20.7,4.931313367631724,3.431313367631724,0.0008052395155118,0.0008052395155118,fraction rule (I/Ic ≤ 0.8)
D-12T-common-P-reference-none-reference-reference,20260929-magnet-material-comparison:c0590,,D,12.0,matched,common-P,reference,none,reference,reference,Nb₃Sn,P,supported,1,0,-178.55482815564892,0.6867929536399522,6.701369732520342,5.2,1.5013697325203417,0.0013697325203416,0.1132070463600478,0.0013697325203416,temperature rule (Tcs − T_conductor ≥ 1.5 K)
D-12T-common-P-reference-none-reference-reference,20260929-magnet-material-comparison:c0590,,D,12.0,matched,common-P,reference,none,reference,reference,REBCO,P,supported,1,1,87.78179091155289,0.7991000907190375,25.633919563654672,20.7,4.933919563654673,3.4339195636546727,0.0008999092809625,0.0008999092809625,fraction rule (I/Ic ≤ 0.8)
D-13T-common-P-reference-none-reference-reference,20260929-magnet-material-comparison:c0738,,D,13.0,edge,common-P,reference,none,reference,reference,Nb₃Sn,P,edge,1,0,-788.2816444915597,0.6571873460828259,6.701086983085224,5.2,1.5010869830852238,0.0010869830852238,0.1428126539171741,0.0010869830852238,temperature rule (Tcs − T_conductor ≥ 1.5 K)
D-13T-common-P-reference-none-reference-reference,20260929-magnet-material-comparison:c0738,,D,13.0,edge,common-P,reference,none,reference,reference,REBCO,P,supported,1,0,-385.101585937834,0.7997510587180656,25.61600507952648,20.7,4.916005079526482,3.4160050795264816,0.0002489412819344,0.0002489412819344,fraction rule (I/Ic ≤ 0.8)
D-14T-common-P-reference-none-reference-reference,20260929-magnet-material-comparison:c0886,,D,14.0,extension,common-P,reference,none,reference,reference,Nb₃Sn,P,law-only,1,0,-1495.6081577085497,0.6232981755372888,6.701248806628518,5.2,1.501248806628518,0.0012488066285181,0.1767018244627112,0.0012488066285181,temperature rule (Tcs − T_conductor ≥ 1.5 K)
D-14T-common-P-reference-none-reference-reference,20260929-magnet-material-comparison:c0886,,D,14.0,extension,common-P,reference,none,reference,reference,REBCO,P,supported,1,0,-883.9306872470997,0.7991367362641272,25.63291069941313,20.7,4.932910699413135,3.432910699413135,0.0008632637358728,0.0008632637358728,fraction rule (I/Ic ≤ 0.8)
D-16T-common-P-reference-none-reference-reference,20260929-magnet-material-comparison:c1032,,D,16.0,extension,common-P,reference,none,reference,reference,Nb₃Sn,P,unsupported,0,0,-3422.7686866344056,0.5393973695762461,6.700444081175718,5.2,1.5004440811757176,0.0004440811757175,0.260602630423754,0.0004440811757175,temperature rule (Tcs − T_conductor ≥ 1.5 K)
D-16T-common-P-reference-none-reference-reference,20260929-magnet-material-comparison:c1032,,D,16.0,extension,common-P,reference,none,reference,reference,REBCO,P,supported,1,0,-1960.386281307442,0.7995302222742896,25.622080810983725,20.7,4.922080810983726,3.4220808109837257,0.0004697777257104,0.0004697777257104,fraction rule (I/Ic ≤ 0.8)
D-18T-common-P-reference-none-reference-reference,20260929-magnet-material-comparison:c1178,,D,18.0,extension,common-P,reference,none,reference,reference,Nb₃Sn,P,unsupported,0,0,-7976.064533656351,0.4241077206060387,6.700103613726196,5.2,1.5001036137261954,0.0001036137261953,0.3758922793939613,0.0001036137261953,temperature rule (Tcs − T_conductor ≥ 1.5 K)
D-18T-common-P-reference-none-reference-reference,20260929-magnet-material-comparison:c1178,,D,18.0,extension,common-P,reference,none,reference,reference,REBCO,P,supported,1,0,-3142.8652824559194,0.7996131216285979,25.61979985749276,20.7,4.919799857492759,3.419799857492759,0.0003868783714021,0.0003868783714021,fraction rule (I/Ic ≤ 0.8)
D-20T-common-P-reference-none-reference-reference,20260929-magnet-material-comparison:c1323,,D,20.0,extension,common-P,reference,none,reference,reference,Nb₃Sn,P,unsupported,0,0,-29327.963051635918,0.2615206481193675,6.700005310964679,5.2,1.5000053109646787,5.310964678706398e-06,0.5384793518806326,5.310964678706398e-06,temperature rule (Tcs − T_conductor ≥ 1.5 K)
D-20T-common-P-reference-none-reference-reference,20260929-magnet-material-comparison:c1323,,D,20.0,extension,common-P,reference,none,reference,reference,REBCO,P,supported,1,0,-4429.447257189405,0.7996378857127916,25.61911852623231,20.7,4.91911852623231,3.4191185262323103,0.0003621142872084,0.0003621142872084,fraction rule (I/Ic ≤ 0.8)
