case_id,candidate_id,aliases,anchor,B_peak_T,point_class,pairing,rule_family,variant,offer_kind,refrigerator_kind,pair,rankable,non_rankable_reason,nb3sn_status,rebco_status,nb3sn_all_pass,rebco_all_pass,cost_difference_MUSD_per_yr,nb3sn_annualized_cost_MUSD_per_yr,rebco_annualized_cost_MUSD_per_yr,breakeven_rebco_price_USD_per_m,breakeven_rebco_price_USD_per_kAm,plotted
D-8T-common-P-reference-none-reference-reference,20260929-magnet-material-comparison:c0000,,D,8.0,matched,common-P,reference,none,reference,reference,D common-P,1,,supported,supported,1,1,171.8755512132491,31.40962655967205,203.2851777729212,9.135332023808305,22.573305106066044,1
D-9T-common-P-reference-none-reference-reference,20260929-magnet-material-comparison:c0146,,D,9.0,matched,common-P,reference,none,reference,reference,D common-P,1,,supported,supported,1,1,204.34201793330143,38.75109940571195,243.09311733901336,10.034050950500102,26.57615651850598,1
D-10T-common-P-reference-none-reference-reference,20260929-magnet-material-comparison:c0294,,D,10.0,matched,common-P,reference,none,reference,reference,D common-P,1,,supported,supported,1,1,237.62217277682103,48.522166952013734,286.1443397288347,11.247617739058782,31.69874660142446,1
D-11T-common-P-reference-none-reference-reference,20260929-magnet-material-comparison:c0442,,D,11.0,matched,common-P,reference,none,reference,reference,D common-P,1,,supported,supported,1,1,274.28487538408956,62.510664709422606,336.79554009351216,12.818856822073371,38.84875972411093,1
D-12T-common-P-reference-none-reference-reference,20260929-magnet-material-comparison:c0590,,D,12.0,matched,common-P,reference,none,reference,reference,D common-P,0,Nb₃Sn fit,supported,supported,0,1,310.42361782309257,80.75844451511463,391.1820623382072,14.783011101402067,47.872961836336096,1
D-13T-common-P-reference-none-reference-reference,20260929-magnet-material-comparison:c0738,,D,13.0,edge,common-P,reference,none,reference,reference,D common-P,0,Nb₃Sn fit; REBCO fit,edge,supported,0,0,345.45263611433455,106.5928712976316,452.0455074119662,17.39301888523451,60.32059767875333,1
D-14T-common-P-reference-none-reference-reference,20260929-magnet-material-comparison:c0886,,D,14.0,extension,common-P,reference,none,reference,reference,D common-P,0,Nb₃Sn fit; REBCO fit,law-only,supported,0,0,373.6452667895552,144.12375106915349,517.7690178587087,21.031668631129197,77.71786915639763,1
D-16T-common-P-reference-none-reference-reference,20260929-magnet-material-comparison:c1032,,D,16.0,extension,common-P,reference,none,reference,reference,D common-P,0,Nb₃Sn unsupported; REBCO fit,unsupported,supported,0,0,377.05359256963135,289.16792848250304,666.2215210521343,33.93777009768954,141.8305469634417,0
D-18T-common-P-reference-none-reference-reference,20260929-magnet-material-comparison:c1178,,D,18.0,extension,common-P,reference,none,reference,reference,D common-P,0,Nb₃Sn unsupported; REBCO fit,unsupported,supported,0,0,135.47134493533503,704.3019418947492,839.7732868300843,66.9089530576714,314.25207329902014,0
D-20T-common-P-reference-none-reference-reference,20260929-magnet-material-comparison:c1323,,D,20.0,extension,common-P,reference,none,reference,reference,D common-P,0,Nb₃Sn unsupported; REBCO fit,unsupported,supported,0,0,-1521.6150690124355,2555.1888118410425,1033.5737428286072,199.2142976260956,1038.66088088301,0
D-8T-native-reference-none-reference-reference,20260929-magnet-material-comparison:c0012,D-8T-native-reference-cu_density_material_93.4_100-reference-reference;D-8T-native-reference-cu_density_material_93.4_100-variant-offer-reference,D,8.0,matched,native,reference,none,reference,reference,D native,1,,supported,supported,1,1,171.4803760070298,31.40962655967205,202.8900025667018,9.298263630912857,22.975907317896716,1
D-9T-native-reference-none-reference-reference,20260929-magnet-material-comparison:c0158,D-9T-native-reference-cu_density_material_93.4_100-reference-reference;D-9T-native-reference-cu_density_material_93.4_100-variant-offer-reference,D,9.0,matched,native,reference,none,reference,reference,D native,1,,supported,supported,1,1,203.86281658192445,38.75109940571195,242.61391598763637,10.198127715885846,27.01072973519115,1
D-10T-native-reference-none-reference-reference,20260929-magnet-material-comparison:c0306,D-10T-native-reference-cu_density_material_93.4_100-reference-reference;D-10T-native-reference-cu_density_material_93.4_100-variant-offer-reference,D,10.0,matched,native,reference,none,reference,reference,D native,1,,supported,supported,1,1,237.0512410615465,48.522166952013734,285.5734080135602,11.412808196980876,32.16429678174948,1
D-11T-native-reference-none-reference-reference,20260929-magnet-material-comparison:c0454,D-11T-native-reference-cu_density_material_93.4_100-reference-reference;D-11T-native-reference-cu_density_material_93.4_100-variant-offer-reference,D,11.0,matched,native,reference,none,reference,reference,D native,1,,supported,supported,1,1,273.61470784517206,62.510664709422606,336.1253725545946,12.983002297911852,39.34621813550908,1
D-12T-native-reference-none-reference-reference,20260929-magnet-material-comparison:c0602,D-12T-native-reference-cu_density_material_93.4_100-reference-reference;D-12T-native-reference-cu_density_material_93.4_100-variant-offer-reference,D,12.0,matched,native,reference,none,reference,reference,D native,0,Nb₃Sn fit,supported,supported,0,1,309.64654999131704,80.75844451511463,390.4049945064317,14.946265510050978,48.40164114403963,1
D-13T-native-reference-none-reference-reference,20260929-magnet-material-comparison:c0750,D-13T-native-reference-cu_density_material_93.4_100-reference-reference;D-13T-native-reference-cu_density_material_93.4_100-variant-offer-reference,D,13.0,edge,native,reference,none,reference,reference,D native,0,Nb₃Sn fit,edge,supported,0,1,344.5611227789518,106.5928712976316,451.15399407658344,17.554589395101445,60.88093914602489,1
D-14T-native-reference-none-reference-reference,20260929-magnet-material-comparison:c0898,D-14T-native-reference-cu_density_material_93.4_100-reference-reference;D-14T-native-reference-cu_density_material_93.4_100-variant-offer-reference,D,14.0,extension,native,reference,none,reference,reference,D native,0,Nb₃Sn fit,law-only,supported,0,1,372.6316832329385,144.12375106915349,516.755434302092,21.191631398890607,78.3089761043445,1
D-16T-native-reference-none-reference-reference,20260929-magnet-material-comparison:c1044,D-16T-native-reference-cu_density_material_93.4_100-reference-reference;D-16T-native-reference-cu_density_material_93.4_100-variant-offer-reference,D,16.0,extension,native,reference,none,reference,reference,D native,0,Nb₃Sn unsupported,unsupported,supported,0,1,375.773113688565,289.16792848250304,664.941042171068,34.094198026681724,142.48428050767447,0
D-18T-native-reference-none-reference-reference,20260929-magnet-material-comparison:c1190,D-18T-native-reference-cu_density_material_93.4_100-reference-reference;D-18T-native-reference-cu_density_material_93.4_100-variant-offer-reference,D,18.0,extension,native,reference,none,reference,reference,D native,0,Nb₃Sn unsupported,unsupported,supported,0,1,133.89375012569488,704.3019418947492,838.1956920204441,67.06140129474198,314.9680787419527,0
D-20T-native-reference-none-reference-reference,20260929-magnet-material-comparison:c1335,D-20T-native-reference-cu_density_material_93.4_100-reference-reference;D-20T-native-reference-cu_density_material_93.4_100-variant-offer-reference,D,20.0,extension,native,reference,none,reference,reference,D native,0,Nb₃Sn unsupported,unsupported,supported,0,1,-1523.5202388643638,2555.1888118410425,1031.6685729766784,199.3635623714188,1039.439115446039,0
S-8T-common-C-reference-none-reference-reference,20260929-magnet-material-comparison:c1484,,S,8.0,matched,common-C,reference,none,reference,reference,S common-C,1,,supported,supported,1,1,102.56423945557363,13.84598299502339,116.41022245059702,8.812800217957616,21.776332555872635,1
S-9T-common-C-reference-none-reference-reference,20260929-magnet-material-comparison:c1624,,S,9.0,matched,common-C,reference,none,reference,reference,S common-C,1,,supported,supported,1,1,121.0412525612033,18.078673324604722,139.11992588580802,9.781333211969937,25.90680909269429,1
S-10T-common-C-reference-none-reference-reference,20260929-magnet-material-comparison:c1766,,S,10.0,matched,common-C,reference,none,reference,reference,S common-C,1,,supported,supported,1,1,139.9696607305851,24.038476915814208,164.00813764639932,11.134644848057434,31.38035926574481,1
S-11T-common-C-reference-none-reference-reference,20260929-magnet-material-comparison:c1908,,S,11.0,matched,common-C,reference,none,reference,reference,S common-C,1,,supported,supported,1,1,161.1229459677788,31.770700193981682,192.89364616176047,12.66072779258161,38.36953472320803,1
S-12T-common-C-reference-none-reference-reference,20260929-magnet-material-comparison:c2050,,S,12.0,matched,common-C,reference,none,reference,reference,S common-C,1,,supported,supported,1,1,183.30353227632042,42.5931987022121,225.89673097853247,14.636047016808009,47.39703673793607,1
S-13T-common-C-reference-none-reference-reference,20260929-magnet-material-comparison:c2192,,S,13.0,edge,common-C,reference,none,reference,reference,S common-C,1,,edge,supported,1,1,203.21823565620988,57.74091646326552,260.9591521194754,17.31175605843245,60.03877068172025,1
