family,variant,case_id,candidate_id,aliases,case_basis,other_case_id,other_case_candidate_id,other_case_rankable,rankable,breakeven_rebco_price_USD_per_m,delta_vs_baseline_USD_per_m,cost_difference_MUSD_per_yr,baseline_case_id,baseline_breakeven_USD_per_m
strand grade,nb3sn_strand_OST_TFEU9,D-10T-common-P-reference-nb3sn_strand_OST_TFEU9-variant-offer-reference,20260929-magnet-material-comparison:c0331,,variant offer (policy re-selected: distinct executed point from the re-evaluated reference),D-10T-common-P-reference-nb3sn_strand_OST_TFEU9-reference-reference,20260929-magnet-material-comparison:c0330,1,1,10.268350499389896,-0.9792672396688857,241.00671890550802,D-10T-common-P-reference-none-reference-reference,11.247617739058782
strand grade,nb3sn_strand_BEAS_TFEU10-12,D-10T-common-P-reference-nb3sn_strand_BEAS_TFEU10-12-variant-offer-reference,20260929-magnet-material-comparison:c0335,,variant offer (policy re-selected: distinct executed point from the re-evaluated reference),D-10T-common-P-reference-nb3sn_strand_BEAS_TFEU10-12-reference-reference,20260929-magnet-material-comparison:c0334,0,1,13.066256898665657,1.8186391596068745,231.33658710849278,D-10T-common-P-reference-none-reference-reference,11.247617739058782
strand grade,nb3sn_strand_BEAS_II_Tsui,D-10T-common-P-reference-nb3sn_strand_BEAS_II_Tsui-variant-offer-reference,20260929-magnet-material-comparison:c0339,,variant offer (policy re-selected: distinct executed point from the re-evaluated reference),D-10T-common-P-reference-nb3sn_strand_BEAS_II_Tsui-reference-reference,20260929-magnet-material-comparison:c0338,0,1,13.555890518500092,2.3082727794413103,229.64431404414924,D-10T-common-P-reference-none-reference-reference,11.247617739058782
strain,nb3sn_strain_-0.6pct,D-10T-common-P-reference-nb3sn_strain_-0.6pct-variant-offer-reference,20260929-magnet-material-comparison:c0343,,variant offer (policy re-selected: distinct executed point from the re-evaluated reference),D-10T-common-P-reference-nb3sn_strain_-0.6pct-reference-reference,20260929-magnet-material-comparison:c0342,0,1,18.35896317087481,7.1113454318160265,213.04392112495583,D-10T-common-P-reference-none-reference-reference,11.247617739058782
strain,nb3sn_strain_-0.6pct_OST_TFEU9,D-10T-common-P-reference-nb3sn_strain_-0.6pct_OST_TFEU9-variant-offer-reference,20260929-magnet-material-comparison:c0347,,variant offer (policy re-selected: distinct executed point from the re-evaluated reference),D-10T-common-P-reference-nb3sn_strain_-0.6pct_OST_TFEU9-reference-reference,20260929-magnet-material-comparison:c0346,0,1,14.511841871805956,3.2642241327471737,226.34035234607543,D-10T-common-P-reference-none-reference-reference,11.247617739058782
strain,nb3sn_strain_-0.6pct_BEAS_TFEU10-12,D-10T-common-P-reference-nb3sn_strain_-0.6pct_BEAS_TFEU10-12-variant-offer-reference,20260929-magnet-material-comparison:c0351,,variant offer (policy re-selected: distinct executed point from the re-evaluated reference),D-10T-common-P-reference-nb3sn_strain_-0.6pct_BEAS_TFEU10-12-reference-reference,20260929-magnet-material-comparison:c0350,0,1,16.470376351143706,5.222758612084924,219.5712600887014,D-10T-common-P-reference-none-reference-reference,11.247617739058782
margin rule,rule:both-temperature,D-10T-common-P-both-temperature-none-reference-reference,20260929-magnet-material-comparison:c0298,,rule-family reference offer (policy offer under that rule family),,,,1,13.127960820267688,1.8803430812089061,198.00916512438275,D-10T-common-P-reference-none-reference-reference,11.247617739058782
margin rule,rule:both-fraction,D-10T-common-P-both-fraction-none-reference-reference,20260929-magnet-material-comparison:c0302,,rule-family reference offer (policy offer under that rule family),,,,1,10.431561706001377,-0.8160560330574054,240.4426278840602,D-10T-common-P-reference-none-reference-reference,11.247617739058782
margin rule,nb3sn_tcs_6.5K,D-10T-common-P-reference-nb3sn_tcs_6.5K-variant-offer-reference,20260929-magnet-material-comparison:c0355,,variant offer (policy re-selected: distinct executed point from the re-evaluated reference),D-10T-common-P-reference-nb3sn_tcs_6.5K-reference-reference,20260929-magnet-material-comparison:c0354,1,1,10.757984119224346,-0.48963361983443576,239.3144458411645,D-10T-common-P-reference-none-reference-reference,11.247617739058782
REBCO shape / anchor / T* / degradation,rebco_shape_power_law,D-10T-common-P-reference-rebco_shape_power_law-variant-offer-reference,20260929-magnet-material-comparison:c0359,,variant offer (policy re-selected: distinct executed point from the re-evaluated reference),D-10T-common-P-reference-rebco_shape_power_law-reference-reference,20260929-magnet-material-comparison:c0358,0,1,9.225372390236458,-2.0222453488223238,298.254327347482,D-10T-common-P-reference-none-reference-reference,11.247617739058782
REBCO shape / anchor / T* / degradation,rebco_anchor_225A,D-10T-common-P-reference-rebco_anchor_225A-variant-offer-reference,20260929-magnet-material-comparison:c0363,,variant offer (policy re-selected: distinct executed point from the re-evaluated reference),D-10T-common-P-reference-rebco_anchor_225A-reference-reference,20260929-magnet-material-comparison:c0362,1,1,12.77914946570688,1.5315317266480974,204.47659494482383,D-10T-common-P-reference-none-reference-reference,11.247617739058782
REBCO shape / anchor / T* / degradation,rebco_Tstar_17K,D-10T-common-P-reference-rebco_Tstar_17K-variant-offer-reference,20260929-magnet-material-comparison:c0367,,variant offer (policy re-selected: distinct executed point from the re-evaluated reference),D-10T-common-P-reference-rebco_Tstar_17K-reference-reference,20260929-magnet-material-comparison:c0366,0,1,11.149846572546693,-0.09777116651208928,240.04745895993364,D-10T-common-P-reference-none-reference-reference,11.247617739058782
REBCO shape / anchor / T* / degradation,rebco_Tstar_33K,D-10T-common-P-reference-rebco_Tstar_33K-variant-offer-reference,20260929-magnet-material-comparison:c0371,,variant offer (policy re-selected: distinct executed point from the re-evaluated reference),D-10T-common-P-reference-rebco_Tstar_33K-reference-reference,20260929-magnet-material-comparison:c0370,1,1,11.3806790897587,0.13306135069991853,234.3884578666004,D-10T-common-P-reference-none-reference-reference,11.247617739058782
REBCO shape / anchor / T* / degradation,rebco_degradation_0.80,D-10T-common-P-reference-rebco_degradation_0.80-variant-offer-reference,20260929-magnet-material-comparison:c0375,,variant offer (policy re-selected: distinct executed point from the re-evaluated reference),D-10T-common-P-reference-rebco_degradation_0.80-reference-reference,20260929-magnet-material-comparison:c0374,0,1,10.017839786195566,-1.2297779528632162,271.57617933682053,D-10T-common-P-reference-none-reference-reference,11.247617739058782
REBCO shape / anchor / T* / degradation,rebco_degradation_0.95,D-10T-common-P-reference-rebco_degradation_0.95-variant-offer-reference,20260929-magnet-material-comparison:c0379,,variant offer (policy re-selected: distinct executed point from the re-evaluated reference),D-10T-common-P-reference-rebco_degradation_0.95-reference-reference,20260929-magnet-material-comparison:c0378,1,1,11.872266857895369,0.6246491188365866,223.07045567993399,D-10T-common-P-reference-none-reference-reference,11.247617739058782
steel,steel_base_layer1_9.3635,D-10T-common-P-reference-steel_base_layer1_9.3635-variant-offer-reference,20260929-magnet-material-comparison:c0383,,variant offer (policy re-selected: distinct executed point from the re-evaluated reference),D-10T-common-P-reference-steel_base_layer1_9.3635-reference-reference,20260929-magnet-material-comparison:c0382,1,1,11.247617739058782,0.0,237.62217277682103,D-10T-common-P-reference-none-reference-reference,11.247617739058782
steel,steel_base_layer8_16.24,D-10T-common-P-reference-steel_base_layer8_16.24-variant-offer-reference,20260929-magnet-material-comparison:c0387,,variant offer (policy re-selected: distinct executed point from the re-evaluated reference),D-10T-common-P-reference-steel_base_layer8_16.24-reference-reference,20260929-magnet-material-comparison:c0386,0,1,11.247617739058782,0.0,237.62217277682097,D-10T-common-P-reference-none-reference-reference,11.247617739058782
steel,steel_no_field_scaling,D-10T-common-P-reference-steel_no_field_scaling-variant-offer-reference,20260929-magnet-material-comparison:c0391,,variant offer (policy re-selected: distinct executed point from the re-evaluated reference),D-10T-common-P-reference-steel_no_field_scaling-reference-reference,20260929-magnet-material-comparison:c0390,0,1,11.247617739058782,0.0,237.62217277682103,D-10T-common-P-reference-none-reference-reference,11.247617739058782
copper,cu_density_common_100,D-10T-common-P-reference-cu_density_common_100-variant-offer-reference,20260929-magnet-material-comparison:c0395,,variant offer (policy re-selected: distinct executed point from the re-evaluated reference),D-10T-common-P-reference-cu_density_common_100-reference-reference,20260929-magnet-material-comparison:c0394,1,1,11.247617739058782,0.0,237.62217277682103,D-10T-common-P-reference-none-reference-reference,11.247617739058782
copper,cu_density_material_93.4_100,D-10T-common-P-reference-cu_density_material_93.4_100-variant-offer-reference,20260929-magnet-material-comparison:c0399,,variant offer (policy re-selected: distinct executed point from the re-evaluated reference),D-10T-common-P-reference-cu_density_material_93.4_100-reference-reference,20260929-magnet-material-comparison:c0398,1,1,11.265329311082098,0.01771157202331608,237.56095799285177,D-10T-common-P-reference-none-reference-reference,11.247617739058782
efficiency,eta_constant_0.24,D-10T-common-P-reference-eta_constant_0.24-reference-reference,20260929-magnet-material-comparison:c0400,D-10T-common-P-reference-eta_constant_0.24-variant-offer-reference,re-evaluated reference offer (variant offer is an alias of it: policy did not re-select),D-10T-common-P-reference-eta_constant_0.24-variant-offer-reference,20260929-magnet-material-comparison:c0400,1,1,11.477107146827862,0.2294894077690799,236.82901085413465,D-10T-common-P-reference-none-reference-reference,11.247617739058782
efficiency,eta_input_power_20K,D-10T-common-P-reference-eta_input_power_20K-reference-reference,20260929-magnet-material-comparison:c0402,D-10T-common-P-reference-eta_input_power_20K-variant-offer-reference,re-evaluated reference offer (variant offer is an alias of it: policy did not re-select),D-10T-common-P-reference-eta_input_power_20K-variant-offer-reference,20260929-magnet-material-comparison:c0402,1,1,11.184383737966144,-0.06323400109263844,237.84072230541736,D-10T-common-P-reference-none-reference-reference,11.247617739058782
capital,capital_capacity_basis_20K,D-10T-common-P-reference-capital_capacity_basis_20K-reference-reference,20260929-magnet-material-comparison:c0404,D-10T-common-P-reference-capital_capacity_basis_20K-variant-offer-reference,re-evaluated reference offer (variant offer is an alias of it: policy did not re-select),D-10T-common-P-reference-capital_capacity_basis_20K-variant-offer-reference,20260929-magnet-material-comparison:c0404,1,1,10.773201151215789,-0.47441658784299356,239.26185269331842,D-10T-common-P-reference-none-reference-reference,11.247617739058782
capital,combined_unfavourable_20K,D-10T-common-P-reference-combined_unfavourable_20K-reference-reference,20260929-magnet-material-comparison:c0406,D-10T-common-P-reference-combined_unfavourable_20K-variant-offer-reference,re-evaluated reference offer (variant offer is an alias of it: policy did not re-select),D-10T-common-P-reference-combined_unfavourable_20K-variant-offer-reference,20260929-magnet-material-comparison:c0406,1,1,10.709967150123148,-0.5376505889356338,239.4804022219148,D-10T-common-P-reference-none-reference-reference,11.247617739058782
cold load,cold_load_x0.5,D-10T-common-P-reference-cold_load_x0.5-variant-offer-reference,20260929-magnet-material-comparison:c0409,,variant offer (policy re-selected: distinct executed point from the re-evaluated reference),D-10T-common-P-reference-cold_load_x0.5-reference-reference,20260929-magnet-material-comparison:c0408,1,1,10.84520959245492,-0.4024081466038627,239.0129769205405,D-10T-common-P-reference-none-reference-reference,11.247617739058782
cold load,cold_load_x2,D-10T-common-P-reference-cold_load_x2-variant-offer-reference,20260929-magnet-material-comparison:c0413,,variant offer (policy re-selected: distinct executed point from the re-evaluated reference),D-10T-common-P-reference-cold_load_x2-reference-reference,20260929-magnet-material-comparison:c0412,0,1,11.979100242142763,0.7314825030839813,235.09402093662231,D-10T-common-P-reference-none-reference-reference,11.247617739058782
price,price_nb3sn_5.4,D-10T-common-P-reference-price_nb3sn_5.4-reference-reference,20260929-magnet-material-comparison:c0434,D-10T-common-P-reference-price_nb3sn_5.4-variant-offer-reference,re-evaluated reference offer (variant offer is an alias of it: policy did not re-select),D-10T-common-P-reference-price_nb3sn_5.4-variant-offer-reference,20260929-magnet-material-comparison:c0434,1,1,7.91779317765527,-3.3298245614035125,249.130721589621,D-10T-common-P-reference-none-reference-reference,11.247617739058782
price,price_nb3sn_13.5,D-10T-common-P-reference-price_nb3sn_13.5-reference-reference,20260929-magnet-material-comparison:c0436,D-10T-common-P-reference-price_nb3sn_13.5-variant-offer-reference,re-evaluated reference offer (variant offer is an alias of it: policy did not re-select),D-10T-common-P-reference-price_nb3sn_13.5-variant-offer-reference,20260929-magnet-material-comparison:c0436,1,1,18.2914773881816,7.043859649122819,213.27716567282098,D-10T-common-P-reference-none-reference-reference,11.247617739058782
price,price_rebco_30_target,D-10T-common-P-reference-price_rebco_30_target-reference-reference,20260929-magnet-material-comparison:c0438,D-10T-common-P-reference-price_rebco_30_target-variant-offer-reference,re-evaluated reference offer (variant offer is an alias of it: policy did not re-select),D-10T-common-P-reference-price_rebco_30_target-variant-offer-reference,20260929-magnet-material-comparison:c0438,1,1,11.247617739058782,0.0,64.81203517682101,D-10T-common-P-reference-none-reference-reference,11.247617739058782
price,price_rebco_10_volume,D-10T-common-P-reference-price_rebco_10_volume-reference-reference,20260929-magnet-material-comparison:c0440,D-10T-common-P-reference-price_rebco_10_volume-variant-offer-reference,re-evaluated reference offer (variant offer is an alias of it: policy did not re-select),D-10T-common-P-reference-price_rebco_10_volume-variant-offer-reference,20260929-magnet-material-comparison:c0440,1,1,11.247617739058782,0.0,-4.312019863178983,D-10T-common-P-reference-none-reference-reference,11.247617739058782
electricity,electricity_30,D-10T-common-P-reference-electricity_30-reference-reference,20260929-magnet-material-comparison:c0416,D-10T-common-P-reference-electricity_30-variant-offer-reference,re-evaluated reference offer (variant offer is an alias of it: policy did not re-select),D-10T-common-P-reference-electricity_30-variant-offer-reference,20260929-magnet-material-comparison:c0416,1,1,10.969163142297347,-0.2784545967614349,238.5845683204549,D-10T-common-P-reference-none-reference-reference,11.247617739058782
electricity,electricity_120,D-10T-common-P-reference-electricity_120-reference-reference,20260929-magnet-material-comparison:c0418,D-10T-common-P-reference-electricity_120-variant-offer-reference,re-evaluated reference offer (variant offer is an alias of it: policy did not re-select),D-10T-common-P-reference-electricity_120-variant-offer-reference,20260929-magnet-material-comparison:c0418,1,1,11.804526932581624,0.5569091935228414,235.69738168955328,D-10T-common-P-reference-none-reference-reference,11.247617739058782
capital recovery,crf_0.05,D-10T-common-P-reference-crf_0.05-reference-reference,20260929-magnet-material-comparison:c0420,D-10T-common-P-reference-crf_0.05-variant-offer-reference,re-evaluated reference offer (variant offer is an alias of it: policy did not re-select),D-10T-common-P-reference-crf_0.05-variant-offer-reference,20260929-magnet-material-comparison:c0420,1,1,11.581763255172476,0.3341455161136935,147.79206132778776,D-10T-common-P-reference-none-reference-reference,11.247617739058782
capital recovery,crf_0.11,D-10T-common-P-reference-crf_0.11-reference-reference,20260929-magnet-material-comparison:c0422,D-10T-common-P-reference-crf_0.11-variant-offer-reference,re-evaluated reference offer (variant offer is an alias of it: policy did not re-select),D-10T-common-P-reference-crf_0.11-variant-offer-reference,20260929-magnet-material-comparison:c0422,1,1,11.095733413552551,-0.15188432550623077,327.4522842258543,D-10T-common-P-reference-none-reference-reference,11.247617739058782
turn length,turn_length_D_45m,D-10T-common-P-reference-turn_length_D_45m-reference-reference,20260929-magnet-material-comparison:c0424,D-10T-common-P-reference-turn_length_D_45m-variant-offer-reference,re-evaluated reference offer (variant offer is an alias of it: policy did not re-select),D-10T-common-P-reference-turn_length_D_45m-variant-offer-reference,20260929-magnet-material-comparison:c0424,1,1,11.41705852623788,0.1694407871790986,191.8461294565507,D-10T-common-P-reference-none-reference-reference,11.247617739058782
turn length,turn_length_D_60m,D-10T-common-P-reference-turn_length_D_60m-variant-offer-reference,20260929-magnet-material-comparison:c0427,,variant offer (policy re-selected: distinct executed point from the re-evaluated reference),D-10T-common-P-reference-turn_length_D_60m-reference-reference,20260929-magnet-material-comparison:c0426,0,1,11.308250968830208,0.060633229771426045,256.20066047613926,D-10T-common-P-reference-none-reference-reference,11.247617739058782
manufacturing,manufacturing_nb3sn_only,D-10T-common-P-reference-manufacturing_nb3sn_only-reference-reference,20260929-magnet-material-comparison:c0430,D-10T-common-P-reference-manufacturing_nb3sn_only-variant-offer-reference,re-evaluated reference offer (variant offer is an alias of it: policy did not re-select),D-10T-common-P-reference-manufacturing_nb3sn_only-variant-offer-reference,20260929-magnet-material-comparison:c0430,1,1,14.545863353093878,3.298245614035096,226.22276720882098,D-10T-common-P-reference-none-reference-reference,11.247617739058782
manufacturing,manufacturing_both,D-10T-common-P-reference-manufacturing_both-reference-reference,20260929-magnet-material-comparison:c0432,D-10T-common-P-reference-manufacturing_both-variant-offer-reference,re-evaluated reference offer (variant offer is an alias of it: policy did not re-select),D-10T-common-P-reference-manufacturing_both-variant-offer-reference,20260929-magnet-material-comparison:c0432,1,1,11.247617739058782,0.0,237.62217277682103,D-10T-common-P-reference-none-reference-reference,11.247617739058782
