case_id,candidate_id,aliases,anchor,B_peak_T,point_class,pairing,rule_family,variant,offer_kind,refrigerator_kind,n_elements_per_turn,nb3sn_status,nb3sn_all_pass,nb3sn_acceptance_margin,nb3sn_temp_rule_margin_K,nb3sn_fraction_rule_margin,nb3sn_fit_margin_mm2,nb3sn_p_in_cold_MW,nb3sn_p_in_total_MW,nb3sn_capital_total_MUSD2021,nb3sn_annualized_cost_MUSD_per_yr,rebco_status,rebco_all_pass,rebco_acceptance_margin,rebco_temp_rule_margin_K,rebco_fraction_rule_margin,rebco_fit_margin_mm2,rebco_p_in_cold_MW,rebco_p_in_total_MW,rebco_capital_total_MUSD2021,rebco_annualized_cost_MUSD_per_yr,rankable,non_rankable_reason,cost_difference_MUSD_per_yr,breakeven_rebco_price_USD_per_m,breakeven_rebco_price_USD_per_kAm
D-8T-common-P-reference-none-reference-reference,20260929-magnet-material-comparison:c0000,,D,8.0,matched,common-P,reference,none,reference,reference,not a cases.csv channel,supported,1,0.0107010535195968,0.0107010535195968,0.0256183610567914,1676.0757491476948,5.456356233438418,21.64303151295553,278.8645583638064,31.40962655967205,supported,1,0.0022569907936368,3.471313094012178,0.0022569907936368,1716.977392970706,1.1468162932713086,17.33349157278842,2449.9598904549384,203.2851777729212,1,,171.8755512132491,9.135332023808305,22.573305106066044
D-9T-common-P-reference-none-reference-reference,20260929-magnet-material-comparison:c0146,,D,9.0,matched,common-P,reference,none,reference,reference,not a cases.csv channel,supported,1,0.0127948915326223,0.0127948915326223,0.0448143660211679,1278.646916261328,5.622038403474406,21.8373565344896,369.611596626122,38.75109940571195,supported,1,0.0011339147830609,3.4403629053980573,0.0011339147830609,1348.51706020936,1.181431710817326,17.39674984183252,2947.2266495689955,243.09311733901336,1,,204.34201793330143,10.034050950500102,26.57615651850598
D-10T-common-P-reference-none-reference-reference,20260929-magnet-material-comparison:c0294,,D,10.0,matched,common-P,reference,none,reference,reference,not a cases.csv channel,supported,1,0.0083966858635209,0.0083966858635209,0.0649945260415606,841.9705043393224,5.795258593028959,22.039219575542237,490.6889488111217,48.522166952013734,supported,1,0.0018787342695941,3.460884082202753,0.0018787342695941,954.7511505472826,1.2176542188190778,17.46161520133235,3485.025997112232,286.1443397288347,1,,237.62217277682103,11.247617739058782,31.69874660142446
D-11T-common-P-reference-none-reference-reference,20260929-magnet-material-comparison:c0442,,D,11.0,matched,common-P,reference,none,reference,reference,not a cases.csv channel,supported,1,0.0052413922399905,0.0052413922399905,0.0877653038838159,359.45018444089646,5.313572339153606,21.586176173164965,667.9263669016275,62.510664709422606,supported,1,0.0008052395155118,3.431313367631724,0.0008052395155118,534.0792970525313,1.116312805778785,17.38891663979014,4118.548105310165,336.79554009351216,1,,274.28487538408956,12.818856822073371,38.84875972411093
D-12T-common-P-reference-none-reference-reference,20260929-magnet-material-comparison:c0590,,D,12.0,matched,common-P,reference,none,reference,reference,not a cases.csv channel,supported,0,0.0013697325203416,0.0013697325203416,0.1132070463600478,-178.55482815564892,5.480995836266228,21.782242521775665,894.9930897444801,80.75844451511463,supported,1,0.0008999092809625,3.4339195636546727,0.0008999092809625,87.78179091155289,1.1513779179256236,17.45262460343506,4798.0447843119355,391.1820623382072,0,Nb₃Sn fit,310.42361782309257,14.783011101402067,47.872961836336096
D-13T-common-P-reference-none-reference-reference,20260929-magnet-material-comparison:c0738,,D,13.0,edge,common-P,reference,none,reference,reference,not a cases.csv channel,edge,0,0.0010869830852238,0.0010869830852238,0.1428126539171741,-788.2816444915597,5.6551217596490995,21.985011296656616,1216.8576718451682,106.5928712976316,supported,0,0.0002489412819344,3.4160050795264816,0.0002489412819344,-385.101585937834,1.187871973744291,17.517761510751807,5558.495488149066,452.0455074119662,0,Nb₃Sn fit; REBCO fit,345.45263611433455,17.39301888523451,60.32059767875333
S-8T-common-C-reference-none-reference-reference,20260929-magnet-material-comparison:c1484,,S,8.0,matched,common-C,reference,none,reference,reference,not a cases.csv channel,supported,1,0.0616722962262441,0.0616722962262441,0.0335850399897595,302.2707186255248,2.3484483285990683,2.6163043130376,159.32349196846675,13.84598299502339,supported,1,0.0124086766303261,3.753070874088277,0.0124086766303261,318.2442117792208,0.49375317970775845,0.7616091641462897,1451.1247628657097,116.41022245059702,1,,102.56423945557363,8.812800217957616,21.776332555872635
S-9T-common-C-reference-none-reference-reference,20260929-magnet-material-comparison:c1624,,S,9.0,matched,common-C,reference,none,reference,reference,not a cases.csv channel,supported,1,0.030015107635358,0.030015107635358,0.0477075910886004,278.26093312415594,2.4901570313414507,2.7778078654236382,211.3832584168924,18.078673324604722,supported,1,0.0061988468611521,3.58029029095243,0.0061988468611521,302.3324607792208,0.5233355164629072,0.810986350545095,1734.7365293141352,139.11992588580802,1,,121.0412525612033,9.781333211969937,25.90680909269429
S-10T-common-C-reference-none-reference-reference,20260929-magnet-material-comparison:c1766,,S,10.0,matched,common-C,reference,none,reference,reference,not a cases.csv channel,supported,1,0.0124426752174295,0.0124426752174295,0.0657262350446964,250.0657955473079,2.403020769722725,2.7104664534485696,286.2347497683519,24.038476915814208,supported,1,0.0040558435737202,3.520977518526536,0.0040558435737202,285.7080697792208,0.5048578655940759,0.8123035493199202,2045.8322531247654,164.00813764639932,1,,139.9696607305851,11.134644848057434,31.38035926574481
S-11T-common-C-reference-none-reference-reference,20260929-magnet-material-comparison:c1908,,S,11.0,matched,common-C,reference,none,reference,reference,not a cases.csv channel,supported,1,0.0055574095518826,0.0055574095518826,0.0878269034458811,216.1010027197755,2.543107644087255,2.8703481774567563,382.0472024040584,31.770700193981682,supported,1,0.0002288280081494,3.415451799284682,0.0002288280081494,268.1470407792208,0.5341504981248377,0.8613910314943387,2406.643105760472,192.89364616176047,1,,161.1229459677788,12.66072779258161,38.36953472320803
S-12T-common-C-reference-none-reference-reference,20260929-magnet-material-comparison:c2050,,S,12.0,matched,common-C,reference,none,reference,reference,not a cases.csv channel,supported,1,0.012381259565581,0.012381259565581,0.1155231747158469,173.7260450162164,2.6886925198828986,3.035727902896056,516.4591979200295,42.5931987022121,supported,1,0.0045547543789336,3.5347718017612664,0.0045547543789336,249.6493727792208,0.5646152933972585,0.911650676410416,2818.9175012764435,225.89673097853247,1,,183.30353227632042,14.636047016808009,47.39703673793607
S-13T-common-C-reference-none-reference-reference,20260929-magnet-material-comparison:c2192,,S,13.0,edge,common-C,reference,none,reference,reference,not a cases.csv channel,edge,1,0.0078542296676529,0.0078542296676529,0.1443502959900986,119.77231208621993,2.839775397109656,3.2066056297664702,704.9075366007664,57.74091646326552,supported,1,0.0016531381326377,3.4546664634977127,0.0016531381326377,230.4390657792208,0.5962522514113379,0.963082484068152,3256.92743995718,260.9591521194754,1,,203.21823565620988,17.31175605843245,60.03877068172025
