id,axis,disposition,assessment_verdict,nominal_ratio,independent_prediction_credit,reason,evidence
subsystems,structural,structural_review,fail,,False,Missing separate PbLi heat-removal branch; see structure.md for B-2 interpretation.,structure.md
radial_order,structural,structural_review,pass,,False,Pass only for the prescribed qualitative sequence; no dimension or clearance qualification.,structure.md
cas_coverage,structural,structural_review,unresolved,,False,Broad account machinery present; full scope mapping remains unresolved.,structure.md
major_radius,derived,selected_or_supplied_information,not_established,,False,Selected or supplied value; no independent prediction credit.,../partial-assessment/report.md
minor_radius,derived,selected_or_supplied_information,not_established,,False,Selected or supplied value; no independent prediction credit.,../partial-assessment/report.md
thickness_sol,derived,selected_or_supplied_information,not_established,,False,Selected or supplied value; no independent prediction credit.,../partial-assessment/report.md
outer_radius_sol,derived,different_geometry_representation,not_established,,False,Cumulative radii of supplied uniform layers; ARIES has full and tapered sectors. No unique corresponding radius is established by its layer drawing.,quantities.md
thickness_first_wall,derived,selected_or_supplied_information,not_established,,False,Selected or supplied value; no independent prediction credit.,../partial-assessment/report.md
outer_radius_first_wall,derived,different_geometry_representation,not_established,,False,Cumulative radii of supplied uniform layers; ARIES has full and tapered sectors. No unique corresponding radius is established by its layer drawing.,quantities.md
thickness_blanket,derived,selected_or_supplied_information,not_established,,False,Selected or supplied value; no independent prediction credit.,../partial-assessment/report.md
outer_radius_blanket,derived,different_geometry_representation,not_established,,False,Cumulative radii of supplied uniform layers; ARIES has full and tapered sectors. No unique corresponding radius is established by its layer drawing.,quantities.md
thickness_reflector,derived,selected_or_supplied_information,not_established,,False,Selected or supplied value; no independent prediction credit.,../partial-assessment/report.md
outer_radius_reflector,derived,different_geometry_representation,not_established,,False,Cumulative radii of supplied uniform layers; ARIES has full and tapered sectors. No unique corresponding radius is established by its layer drawing.,quantities.md
thickness_hot_shield,derived,selected_or_supplied_information,not_established,,False,Selected or supplied value; no independent prediction credit.,../partial-assessment/report.md
outer_radius_hot_shield,derived,different_geometry_representation,not_established,,False,Cumulative radii of supplied uniform layers; ARIES has full and tapered sectors. No unique corresponding radius is established by its layer drawing.,quantities.md
thickness_structure,derived,selected_or_supplied_information,not_established,,False,Selected or supplied value; no independent prediction credit.,../partial-assessment/report.md
outer_radius_structure,derived,different_geometry_representation,not_established,,False,Cumulative radii of supplied uniform layers; ARIES has full and tapered sectors. No unique corresponding radius is established by its layer drawing.,quantities.md
thickness_vessel_gap,derived,selected_or_supplied_information,not_established,,False,Selected or supplied value; no independent prediction credit.,../partial-assessment/report.md
outer_radius_vessel_gap,derived,different_geometry_representation,not_established,,False,Cumulative radii of supplied uniform layers; ARIES has full and tapered sectors. No unique corresponding radius is established by its layer drawing.,quantities.md
thickness_vessel,derived,selected_or_supplied_information,not_established,,False,Selected or supplied value; no independent prediction credit.,../partial-assessment/report.md
outer_radius_vessel,derived,different_geometry_representation,not_established,,False,Cumulative radii of supplied uniform layers; ARIES has full and tapered sectors. No unique corresponding radius is established by its layer drawing.,quantities.md
thickness_coil,derived,selected_or_supplied_information,not_established,,False,Selected or supplied value; no independent prediction credit.,../partial-assessment/report.md
outer_radius_coil,derived,different_geometry_representation,not_established,,False,Cumulative radii of supplied uniform layers; ARIES has full and tapered sectors. No unique corresponding radius is established by its layer drawing.,quantities.md
thickness_coil_gap,derived,selected_or_supplied_information,not_established,,False,Selected or supplied value; no independent prediction credit.,../partial-assessment/report.md
outer_radius_coil_gap,derived,different_geometry_representation,not_established,,False,Cumulative radii of supplied uniform layers; ARIES has full and tapered sectors. No unique corresponding radius is established by its layer drawing.,quantities.md
thickness_cold_shield,derived,selected_or_supplied_information,not_established,,False,Selected or supplied value; no independent prediction credit.,../partial-assessment/report.md
outer_radius_cold_shield,derived,different_geometry_representation,not_established,,False,Cumulative radii of supplied uniform layers; ARIES has full and tapered sectors. No unique corresponding radius is established by its layer drawing.,quantities.md
radial_wall_area,derived,no_matching_reference_quantity,not_established,,False,Uniform toroidal shell quantity. Source component masses and plasma surface area cannot supply this wall area or layer volume without additional geometry/material assumptions.,quantities.md
radial_shield_vol,derived,no_matching_reference_quantity,not_established,,False,Uniform toroidal shell quantity. Source component masses and plasma surface area cannot supply this wall area or layer volume without additional geometry/material assumptions.,quantities.md
radial_structure_vol,derived,no_matching_reference_quantity,not_established,,False,Uniform toroidal shell quantity. Source component masses and plasma surface area cannot supply this wall area or layer volume without additional geometry/material assumptions.,quantities.md
radial_r_coil_centre,derived,different_geometry_representation,not_established,,False,Uniform minor-radius coil location; not the ARIES minimum plasma-to-coil distance or a reconstructed nonplanar centreline.,quantities.md
radial_r_coil,derived,different_geometry_representation,not_established,,False,Uniform minor-radius coil location; not the ARIES minimum plasma-to-coil distance or a reconstructed nonplanar centreline.,quantities.md
radial_blanket_vol,derived,no_matching_reference_quantity,not_established,,False,Uniform toroidal shell quantity. Source component masses and plasma surface area cannot supply this wall area or layer volume without additional geometry/material assumptions.,quantities.md
radial_vessel_vol,derived,no_matching_reference_quantity,not_established,,False,Uniform toroidal shell quantity. Source component masses and plasma surface area cannot supply this wall area or layer volume without additional geometry/material assumptions.,quantities.md
mass_copper,derived,different_material_inventory,not_established,,False,"Material inventory of supplied REBCO winding pack. Lyon Table V supplies a total Nb3Sn winding-pack mass, not these individual copper/solder/steel/helium inventories.",quantities.md
mass_solder,derived,different_material_inventory,not_established,,False,"Material inventory of supplied REBCO winding pack. Lyon Table V supplies a total Nb3Sn winding-pack mass, not these individual copper/solder/steel/helium inventories.",quantities.md
mass_steel,derived,different_material_inventory,not_established,,False,"Material inventory of supplied REBCO winding pack. Lyon Table V supplies a total Nb3Sn winding-pack mass, not these individual copper/solder/steel/helium inventories.",quantities.md
mass_helium,derived,different_material_inventory,not_established,,False,"Material inventory of supplied REBCO winding pack. Lyon Table V supplies a total Nb3Sn winding-pack mass, not these individual copper/solder/steel/helium inventories.",quantities.md
casing_mass,derived,selected_or_supplied_information,not_established,,False,Selected or supplied value; no independent prediction credit.,../partial-assessment/report.md
support_mass,derived,selected_or_supplied_information,not_established,,False,Selected or supplied value; no independent prediction credit.,../partial-assessment/report.md
coil_mass_complete,derived,missing_corresponding_model_or_scope,not_established,,False,"Native exported prediction is unavailable or undefined; retained diagnostic/failed execution does not establish a prediction. Source candidate: {""image"": ""knowledge/holdout/aries-cs/extracted/20260920-r3/08-FST-Lyon/outputs-page-15.png"", ""image_inspected"": true, ""image_sha256"": ""ab0361e6e58d94775d1cfeadef2bc894b299d010d3d72c264f7a1b259f8329be"", ""markdown"": ""knowledge/holdout/aries-cs/extracted/20260920-r3/08-FST-Lyon/page-15.md"", ""markdown_sha256"": ""17cc9b1cc51670f376f61204809ba39ad00a5b91db15d7b5167c734580e594a6"", ""pdf_page_index"": 15, ""printed_page"": 709, ""source"": ""Lyon"", ""table_or_section"": ""Table V""}. Modular winding pack627.2 plus modular structure3465; does not provide separately populated total VF mass. Source values and hashes: source-evidence/source-values-historical.json and source-evidence/index.json. No source uncertainty supplied; no inferred common money year, scope or technology.",../partial-assessment/report.md
vol_winding_pack,derived,no_matching_reference_quantity,not_established,,False,Cold inventory from selected pack size and transferred coil length. Source 627.2-tonne winding mass is not a volume; density/composition conversion is not established.,quantities.md
vol_cold_total,derived,no_matching_reference_quantity,not_established,,False,Cold inventory from selected pack size and transferred coil length. Source 627.2-tonne winding mass is not a volume; density/composition conversion is not established.,quantities.md
fit_pack_x,derived,selected_geometry_context_only,not_established,1.8556701030927831,False,"Selected pack-envelope consequence, not independently predicted equipment size. ARIES winding-pack dimensions are identified but internal-sheet/insulation boundary correspondence is unresolved. Ratio describes the two recorded designs only.",quantities.md
fit_pack_y,derived,selected_geometry_context_only,not_established,0.4966352624495289,False,"Selected pack-envelope consequence, not independently predicted equipment size. ARIES winding-pack dimensions are identified but internal-sheet/insulation boundary correspondence is unresolved. Ratio describes the two recorded designs only.",quantities.md
fit_required_x,derived,no_matching_reference_quantity,not_established,,False,"Supplied casing dimensions or local pack/insulation/clearance consequences. ARIES Table IV gives coil-pack dimensions, not these cavity/exterior/clearance definitions.",quantities.md
fit_required_y,derived,no_matching_reference_quantity,not_established,,False,"Supplied casing dimensions or local pack/insulation/clearance consequences. ARIES Table IV gives coil-pack dimensions, not these cavity/exterior/clearance definitions.",quantities.md
fit_cavity_x,derived,no_matching_reference_quantity,not_established,,False,"Supplied casing dimensions or local pack/insulation/clearance consequences. ARIES Table IV gives coil-pack dimensions, not these cavity/exterior/clearance definitions.",quantities.md
fit_cavity_y,derived,no_matching_reference_quantity,not_established,,False,"Supplied casing dimensions or local pack/insulation/clearance consequences. ARIES Table IV gives coil-pack dimensions, not these cavity/exterior/clearance definitions.",quantities.md
fit_exterior_x,derived,no_matching_reference_quantity,not_established,,False,"Supplied casing dimensions or local pack/insulation/clearance consequences. ARIES Table IV gives coil-pack dimensions, not these cavity/exterior/clearance definitions.",quantities.md
fit_exterior_y,derived,no_matching_reference_quantity,not_established,,False,"Supplied casing dimensions or local pack/insulation/clearance consequences. ARIES Table IV gives coil-pack dimensions, not these cavity/exterior/clearance definitions.",quantities.md
fit_margin_x,diagnostic,retained_diagnostic,not_established,,False,Field-independent diagnostic retained; no source-comparison or engineering-acceptance claim.,../partial-assessment/report.md
fit_margin_y,diagnostic,retained_diagnostic,not_established,,False,Field-independent diagnostic retained; no source-comparison or engineering-acceptance claim.,../partial-assessment/report.md
p_th,derived,blocked_field_qualification,not_established,,False,Field model applicability is unqualified; numerical arithmetic is not a supported prediction.,../partial-assessment/attempts/diagnostic-1/field-qualification.json
p_the,derived,blocked_field_qualification,not_established,,False,Field model applicability is unqualified; numerical arithmetic is not a supported prediction.,../partial-assessment/attempts/diagnostic-1/field-qualification.json
p_et,derived,blocked_field_qualification,not_established,,False,Field model applicability is unqualified; numerical arithmetic is not a supported prediction.,../partial-assessment/attempts/diagnostic-1/field-qualification.json
p_net,derived,blocked_field_qualification,not_established,,False,Field model applicability is unqualified; numerical arithmetic is not a supported prediction.,../partial-assessment/attempts/diagnostic-1/field-qualification.json
rec_frac,derived,blocked_field_qualification,not_established,,False,Field model applicability is unqualified; numerical arithmetic is not a supported prediction.,../partial-assessment/attempts/diagnostic-1/field-qualification.json
q_eng,derived,blocked_field_qualification,not_established,,False,Field model applicability is unqualified; numerical arithmetic is not a supported prediction.,../partial-assessment/attempts/diagnostic-1/field-qualification.json
recirculating_power,derived,blocked_field_qualification,not_established,,False,Field model applicability is unqualified; numerical arithmetic is not a supported prediction.,../partial-assessment/attempts/diagnostic-1/field-qualification.json
fusion,derived,blocked_field_qualification,not_established,,False,Field model applicability is unqualified; numerical arithmetic is not a supported prediction.,../partial-assessment/attempts/diagnostic-1/field-qualification.json
source_heat,derived,blocked_field_qualification,not_established,,False,Field model applicability is unqualified; numerical arithmetic is not a supported prediction.,../partial-assessment/attempts/diagnostic-1/field-qualification.json
operating_wallplug,derived,blocked_field_qualification,not_established,,False,Field model applicability is unqualified; numerical arithmetic is not a supported prediction.,../partial-assessment/attempts/diagnostic-1/field-qualification.json
operating_coupled,derived,blocked_field_qualification,not_established,,False,Field model applicability is unqualified; numerical arithmetic is not a supported prediction.,../partial-assessment/attempts/diagnostic-1/field-qualification.json
installed_wallplug,derived,selected_capacity_no_matching_reference,not_established,,False,"Installed heating capacity from supplied hardware and efficiencies, not operating heating demand. Source plant power flows do not identify the same installed-capacity boundary.",quantities.md
installed_coupled,derived,selected_capacity_no_matching_reference,not_established,,False,"Installed heating capacity from supplied hardware and efficiencies, not operating heating demand. Source plant power flows do not identify the same installed-capacity boundary.",quantities.md
pump_electric,derived,blocked_field_qualification,not_established,,False,Field model applicability is unqualified; numerical arithmetic is not a supported prediction.,../partial-assessment/attempts/diagnostic-1/field-qualification.json
recovered_heat,derived,blocked_field_qualification,not_established,,False,Field model applicability is unqualified; numerical arithmetic is not a supported prediction.,../partial-assessment/attempts/diagnostic-1/field-qualification.json
ihx_duty,derived,blocked_field_qualification,not_established,,False,Field model applicability is unqualified; numerical arithmetic is not a supported prediction.,../partial-assessment/attempts/diagnostic-1/field-qualification.json
refrigeration,derived,reference_aggregate_too_broad,not_established,,False,"Calculated cryogenic electrical demand, not cold-stage heat. Lyon p708 combines plant and cryogenic electricity (55 MW), which cannot be assigned to cryogenics alone; technologies/temperatures differ.",quantities.md
target_deposited,derived,blocked_field_qualification,not_established,,False,Field model applicability is unqualified; numerical arithmetic is not a supported prediction.,../partial-assessment/attempts/diagnostic-1/field-qualification.json
radiated_total,derived,blocked_field_qualification,not_established,,False,Field model applicability is unqualified; numerical arithmetic is not a supported prediction.,../partial-assessment/attempts/diagnostic-1/field-qualification.json
nonrad_uncaptured,derived,blocked_field_qualification,not_established,,False,Field model applicability is unqualified; numerical arithmetic is not a supported prediction.,../partial-assessment/attempts/diagnostic-1/field-qualification.json
C220103,cost,cost_review,not_established,8.514345931740404,False,REBCO versus Nb3Sn; no separately purchased VF coil set; manufacturing omissions; Table VI coil+structure209.50 excludes VF unlike Table III.,costs.md
C220101,cost,cost_review,not_established,8.931285015258087,False,Source dual He/PbLi ferritic-steel component construction and back-wall boundary do not establish correspondence to homogeneous shell/reflector allowance.,costs.md
C220102,cost,cost_review,not_established,1.3718385989324122,False,Model shell cost does not demonstrate the source manifold purchase or graded WC/ferritic-steel composition.,costs.md
C220105,cost,cost_review,not_established,0.309817116758619,False,Different primary-structure/support allocation and TableIII/TableVI cost boundaries; no justified disjoint reconstruction from model magnet supports.,costs.md
C220106,cost,cost_review,not_established,0.5726250310259795,False,Shell excludes gas-load pump purchase and does not establish source cryostat/system scope. A similar ratio to broader account cannot validate vessel prediction.,costs.md
C220104,cost,cost_review,not_established,3.976470411128005,False,"Installed capacities/heating technology, installed scope and dated rates are not aligned; selected capacity is not a predicted sustainment requirement.",costs.md
C220107,cost,cost_review,excluded,1.217907265827568,False,C220107 is excluded from component-cost credit; retain its contribution and disclosure in ancestors.,costs.md
C220108,cost,cost_review,not_established,20.516946813826724,False,Target construction/area and installed heat-removal scope are not matched; field-unaffected purchase cost does not qualify operating heat load.,costs.md
C220110,cost,cost_review,not_established,,False,"No separately resolved remote-handling value in source tables; cannot assign source22.1.10 zero because that line is electron-cyclotron startup, not handling.",costs.md
C220111,cost,cost_review,not_established,,False,No source disjoint installation line; source total-capital1.93 multiplier combines multiple indirect/finance categories and cannot supply this fraction. C220107 descendant.,costs.md
coolant,cost,blocked_field_qualification,not_established,,False,Field model applicability is unqualified; numerical arithmetic is not a supported prediction.,../partial-assessment/attempts/diagnostic-1/field-qualification.json
aux_cooling_total,cost,cost_review,not_established,9.40194648723446,False,Source cryoplant allocation is unresolved. Near agreement of the auxiliary-only child must not be substituted for the frozen total row.,costs.md
waste,cost,cost_review,not_established,0.9739297721628594,False,"No verified installation/processing-capacity inventory or dated price bridge; agreement is a selected thermal-class allowance, not prediction of actual waste throughput.",costs.md
fuel_handling,cost,blocked_model_domain,not_established,,False,Model-definedness guards or downstream dependencies suppress this value.,../partial-assessment/attempts/diagnostic-1/model-definedness.json
other_rpe,cost,cost_review,not_established,0.16630543854192137,False,Residual-account contents not enumerated on a matched boundary; large nominal difference cannot be assigned to a particular omitted machine.,costs.md
instrumentation,cost,cost_review,not_established,1.8385344312116831,False,"Source44.558 M$ controls boundary is not disaggregated; unchanged model coefficient is an uncalibrated residual, not a sourced split.",costs.md
CAS21,cost,blocked_field_qualification,not_established,,False,Field model applicability is unqualified; numerical arithmetic is not a supported prediction.,../partial-assessment/attempts/diagnostic-1/field-qualification.json
CAS23,cost,cost_review,not_established,0.7867052462140398,False,Steam extraction/reheat Rankine versus source helium Brayton; selected purchase is not independently calculated from transferred plant output.,costs.md
CAS24,cost,cost_review,not_established,0.7596195115681829,False,"Voltage, reactive power, fault duty, equipment list and installation boundary unqualified; installed rating is independent of actual gross generation.",costs.md
CAS25,cost,cost_review,not_established,2.0671741933038934,False,Rankine condenser/cooling-water design versus source Brayton heat rejection; matched equipment/installation boundary unavailable.,costs.md
CAS26,cost,cost_review,not_established,0.904192674111175,False,Miscellaneous equipment scope not enumerated; selected class and inherited rate do not predict transferred plant requirements.,costs.md
CAS27,cost,cost_review,not_established,0.11599122506638003,False,Model purchases blanket PbLi fill only. Source p709 describes59 M$ core LiPb plus an additional factor1.5 for remainder-of-plant piping; TableIII special materials cannot be treated as blanket-only inventory.,costs.md
CAS28,cost,selected_or_supplied_information,not_established,,False,Selected or supplied value; no independent prediction credit.,../partial-assessment/report.md
CAS29,cost,blocked_model_domain,not_established,,False,Model-definedness guards or downstream dependencies suppress this value.,../partial-assessment/attempts/diagnostic-1/model-definedness.json
CAS30,cost,blocked_model_domain,not_established,,False,Model-definedness guards or downstream dependencies suppress this value.,../partial-assessment/attempts/diagnostic-1/model-definedness.json
CAS10,cost,blocked_field_qualification,not_established,,False,Field model applicability is unqualified; numerical arithmetic is not a supported prediction.,../partial-assessment/attempts/diagnostic-1/field-qualification.json
CAS40,cost,cost_review,not_established,,False,Source1.93 direct-to-capital multiplier includes owner and other categories without a disjoint owner-cost value.,costs.md
CAS50,cost,blocked_model_domain,not_established,,False,Model-definedness guards or downstream dependencies suppress this value.,../partial-assessment/attempts/diagnostic-1/model-definedness.json
CAS60,cost,blocked_model_domain,not_established,,False,Model-definedness guards or downstream dependencies suppress this value.,../partial-assessment/attempts/diagnostic-1/model-definedness.json
powercore,cost,cost_review,not_established,,False,No same-boundary source value; source22.1 includes extra VF coils and impurity controls; model children have unresolved scope. Includes excluded C220107.,costs.md
reactor_equipment,cost,cost_review,not_established,4.0011749497734055,False,Source22.1 includes impurity control6.561 M$ and no disjoint remote-handling line; differing children and excluded C220107 prevent clean aggregate credit.,costs.md
CAS22,cost,blocked_model_domain,not_established,,False,Model-definedness guards or downstream dependencies suppress this value.,../partial-assessment/attempts/diagnostic-1/model-definedness.json
BOP,cost,cost_review,not_established,,False,No frozen same-boundary source observation; source23+24+27+25 can be summed descriptively only after retaining technology and installed-scope limitations.,costs.md
CAS2x,cost,blocked_model_domain,not_established,,False,Model-definedness guards or downstream dependencies suppress this value.,../partial-assessment/attempts/diagnostic-1/model-definedness.json
CAS20,cost,blocked_model_domain,not_established,,False,Model-definedness guards or downstream dependencies suppress this value.,../partial-assessment/attempts/diagnostic-1/model-definedness.json
overnight,cost,blocked_model_domain,not_established,,False,Model-definedness guards or downstream dependencies suppress this value.,../partial-assessment/attempts/diagnostic-1/model-definedness.json
total_capital,cost,blocked_model_domain,not_established,,False,Model-definedness guards or downstream dependencies suppress this value.,../partial-assessment/attempts/diagnostic-1/model-definedness.json
non_tape_materials,cost,cost_review,not_established,,False,No source disaggregation for these materials separate from Nb3Sn conductor procurement.,costs.md
tape_procurement,cost,cost_review,not_established,7.474790460155051,False,REBCO composite tape versus Nb3Sn conductor-system procurement; conductor manufacturing coverage and price year are unresolved.,costs.md
winding_operations,cost,cost_review,not_established,148.36945560534846,False,Transferred tokamak/nonplanar service allowance versus source modular-coil fabrication; included insulation/process steps unresolved. Existing escalation does not establish a common2004 bridge.,costs.md
winding_procurement,cost,cost_review,not_established,,False,No identical frozen source subtotal; source modular coils116.0 M$ combines110.3+5.70 with unresolved conductor-material coverage. Do not add either parent to its children.,costs.md
insulation_stock,cost,cost_review,not_established,,False,No source stock-only insulation row; overlap with inherited winding operations unresolved; ground wrap/impregnation/labor are not priced by this line.,costs.md
supports_cost,cost,cost_review,not_established,2.2352029151844546,False,"Conditional all-in rate/year and support geometry/manufacture differ; source p709 attributes low cost to a particular advanced fabrication technique, not demonstrated here.",costs.md
cryo_cost,cost,cost_review,not_established,,False,No disjoint source cryoplant price; reference Nb3Sn near4 K and model REBCO cooling cannot be equated by name.,costs.md
aux_cooling,cost,cost_review,not_established,,False,No frozen reference for this child; source3.735 M$ belongs to the total-row candidate with unresolved cryoplant allocation.,costs.md
copper_cost,cost,cost_review,not_established,,False,No source external-copper disaggregation; supplier/fabrication/date qualification unavailable.,costs.md
solder_cost,cost,cost_review,not_established,,False,No source external-solder disaggregation or compatible bulk procurement quote.,costs.md
steel_cost,cost,cost_review,not_established,,False,No source external-steel disaggregation; rate year and fabricated coverage unresolved.,costs.md
helium_cost,cost,cost_review,not_established,,False,No source inventory-only helium price; different cryogenic conditions and no verified common-year bridge.,costs.md
manufacturing_remainder,cost,missing_corresponding_model_or_scope,not_established,,False,Native exported prediction is unavailable or undefined; retained diagnostic/failed execution does not establish a prediction. No defensible reference candidate established in the retained source worksheet; absence is not a claim of absence throughout the literature.,../partial-assessment/report.md
additional_loop_installed,cost,missing_corresponding_model_or_scope,not_established,,False,Native exported prediction is unavailable or undefined; retained diagnostic/failed execution does not establish a prediction. No defensible reference candidate established in the retained source worksheet; absence is not a claim of absence throughout the literature.,../partial-assessment/report.md
CAS71,diagnostic,blocked_field_qualification,not_established,,False,Field model applicability is unqualified; numerical arithmetic is not a supported prediction.,../partial-assessment/attempts/diagnostic-1/field-qualification.json
CAS72,diagnostic,blocked_field_qualification,not_established,,False,Field model applicability is unqualified; numerical arithmetic is not a supported prediction.,../partial-assessment/attempts/diagnostic-1/field-qualification.json
CAS70,diagnostic,blocked_field_qualification,not_established,,False,Field model applicability is unqualified; numerical arithmetic is not a supported prediction.,../partial-assessment/attempts/diagnostic-1/field-qualification.json
CAS80,diagnostic,blocked_field_qualification,not_established,,False,Field model applicability is unqualified; numerical arithmetic is not a supported prediction.,../partial-assessment/attempts/diagnostic-1/field-qualification.json
annual_total,diagnostic,blocked_field_qualification,not_established,,False,Field model applicability is unqualified; numerical arithmetic is not a supported prediction.,../partial-assessment/attempts/diagnostic-1/field-qualification.json
CAS90_1cfe,diagnostic,blocked_model_domain,not_established,,False,Model-definedness guards or downstream dependencies suppress this value.,../partial-assessment/attempts/diagnostic-1/model-definedness.json
raw_om,diagnostic,retained_diagnostic,not_established,,False,Field-independent diagnostic retained; no source-comparison or engineering-acceptance claim.,../partial-assessment/report.md
raw_fuel,diagnostic,blocked_field_qualification,not_established,,False,Field model applicability is unqualified; numerical arithmetic is not a supported prediction.,../partial-assessment/attempts/diagnostic-1/field-qualification.json
lcoe_dcf,diagnostic,blocked_model_domain,not_established,,False,Model-definedness guards or downstream dependencies suppress this value.,../partial-assessment/attempts/diagnostic-1/model-definedness.json
lcoe_1cfe,diagnostic,blocked_model_domain,not_established,,False,Model-definedness guards or downstream dependencies suppress this value.,../partial-assessment/attempts/diagnostic-1/model-definedness.json
achieved_tbr,diagnostic,blocked_model_domain,not_established,,False,Model-definedness guards or downstream dependencies suppress this value.,../partial-assessment/attempts/diagnostic-1/model-definedness.json
coil_life,diagnostic,selected_or_supplied_information,not_established,,False,Selected or supplied value; no independent prediction credit.,../partial-assessment/report.md
discount_rate,diagnostic,selected_or_supplied_information,not_established,,False,Selected or supplied value; no independent prediction credit.,../partial-assessment/report.md
escalation,diagnostic,selected_or_supplied_information,not_established,,False,Selected or supplied value; no independent prediction credit.,../partial-assessment/report.md
construction,diagnostic,selected_or_supplied_information,not_established,,False,Selected or supplied value; no independent prediction credit.,../partial-assessment/report.md
operating_life,diagnostic,selected_or_supplied_information,not_established,,False,Selected or supplied value; no independent prediction credit.,../partial-assessment/report.md
modules,diagnostic,selected_or_supplied_information,not_established,,False,Selected or supplied value; no independent prediction credit.,../partial-assessment/report.md
outage,diagnostic,selected_or_supplied_information,not_established,,False,Selected or supplied value; no independent prediction credit.,../partial-assessment/report.md
unplanned,diagnostic,selected_or_supplied_information,not_established,,False,Selected or supplied value; no independent prediction credit.,../partial-assessment/report.md
required_tbr,diagnostic,blocked_model_domain,not_established,,False,Model-definedness guards or downstream dependencies suppress this value.,../partial-assessment/attempts/diagnostic-1/model-definedness.json
tbr_margin,diagnostic,blocked_model_domain,not_established,,False,Model-definedness guards or downstream dependencies suppress this value.,../partial-assessment/attempts/diagnostic-1/model-definedness.json
coil_life_margin,diagnostic,blocked_field_qualification,not_established,,False,Field model applicability is unqualified; numerical arithmetic is not a supported prediction.,../partial-assessment/attempts/diagnostic-1/field-qualification.json
availability,diagnostic,blocked_field_qualification,not_established,,False,Field model applicability is unqualified; numerical arithmetic is not a supported prediction.,../partial-assessment/attempts/diagnostic-1/field-qualification.json
productive_fpy,diagnostic,blocked_field_qualification,not_established,,False,Field model applicability is unqualified; numerical arithmetic is not a supported prediction.,../partial-assessment/attempts/diagnostic-1/field-qualification.json
peak_field,diagnostic,blocked_field_qualification,not_established,,False,Field model applicability is unqualified; numerical arithmetic is not a supported prediction.,../partial-assessment/attempts/diagnostic-1/field-qualification.json
target_peak,diagnostic,blocked_field_qualification,not_established,,False,Field model applicability is unqualified; numerical arithmetic is not a supported prediction.,../partial-assessment/attempts/diagnostic-1/field-qualification.json
loop_flow,diagnostic,blocked_field_qualification,not_established,,False,Field model applicability is unqualified; numerical arithmetic is not a supported prediction.,../partial-assessment/attempts/diagnostic-1/field-qualification.json
loop_pressure_drop,diagnostic,blocked_field_qualification,not_established,,False,Field model applicability is unqualified; numerical arithmetic is not a supported prediction.,../partial-assessment/attempts/diagnostic-1/field-qualification.json
constraint_wp_stress_ok,diagnostic,blocked_field_qualification,not_established,,False,Field model applicability is unqualified; numerical arithmetic is not a supported prediction.,../partial-assessment/attempts/diagnostic-1/field-qualification.json
constraint_cond_strain_ok,diagnostic,blocked_field_qualification,not_established,,False,Field model applicability is unqualified; numerical arithmetic is not a supported prediction.,../partial-assessment/attempts/diagnostic-1/field-qualification.json
constraint_recirc_ok,diagnostic,blocked_field_qualification,not_established,,False,Field model applicability is unqualified; numerical arithmetic is not a supported prediction.,../partial-assessment/attempts/diagnostic-1/field-qualification.json
constraint_cycle_domain_ok,diagnostic,blocked_field_qualification,not_established,,False,Field model applicability is unqualified; numerical arithmetic is not a supported prediction.,../partial-assessment/attempts/diagnostic-1/field-qualification.json
constraint_beta_ok,diagnostic,blocked_field_qualification,not_established,,False,Field model applicability is unqualified; numerical arithmetic is not a supported prediction.,../partial-assessment/attempts/diagnostic-1/field-qualification.json
constraint_heating_couple_positive_ok,diagnostic,retained_diagnostic,not_established,,False,Field-independent diagnostic retained; no source-comparison or engineering-acceptance claim.,../partial-assessment/report.md
constraint_divertor_heat_ok,diagnostic,blocked_field_qualification,not_established,,False,Field model applicability is unqualified; numerical arithmetic is not a supported prediction.,../partial-assessment/attempts/diagnostic-1/field-qualification.json
constraint_heating_source_upper_ok,diagnostic,retained_diagnostic,not_established,,False,Field-independent diagnostic retained; no source-comparison or engineering-acceptance claim.,../partial-assessment/report.md
constraint_net_positive,diagnostic,blocked_field_qualification,not_established,,False,Field model applicability is unqualified; numerical arithmetic is not a supported prediction.,../partial-assessment/attempts/diagnostic-1/field-qualification.json
constraint_burn_hold_ok,diagnostic,blocked_field_qualification,not_established,,False,Field model applicability is unqualified; numerical arithmetic is not a supported prediction.,../partial-assessment/attempts/diagnostic-1/field-qualification.json
constraint_wall_load_ok,diagnostic,blocked_field_qualification,not_established,,False,Field model applicability is unqualified; numerical arithmetic is not a supported prediction.,../partial-assessment/attempts/diagnostic-1/field-qualification.json
constraint_tbr_ok,diagnostic,blocked_model_domain,not_established,,False,Model-definedness guards or downstream dependencies suppress this value.,../partial-assessment/attempts/diagnostic-1/model-definedness.json
constraint_heating_couple_upper_ok,diagnostic,retained_diagnostic,not_established,,False,Field-independent diagnostic retained; no source-comparison or engineering-acceptance claim.,../partial-assessment/report.md
constraint_peak_field_ok,diagnostic,blocked_field_qualification,not_established,,False,Field model applicability is unqualified; numerical arithmetic is not a supported prediction.,../partial-assessment/attempts/diagnostic-1/field-qualification.json
constraint_reference_conductor_current_ok,diagnostic,unavailable_calculation,not_established,,False,Conductor calculation refused its domain; no predicted value exists.,../partial-assessment/report.md
constraint_sustainment_ok,diagnostic,blocked_field_qualification,not_established,,False,Field model applicability is unqualified; numerical arithmetic is not a supported prediction.,../partial-assessment/attempts/diagnostic-1/field-qualification.json
constraint_loop_capacity_ok,diagnostic,blocked_field_qualification,not_established,,False,Field model applicability is unqualified; numerical arithmetic is not a supported prediction.,../partial-assessment/attempts/diagnostic-1/field-qualification.json
constraint_wp_fit_ok,diagnostic,retained_diagnostic,not_established,,False,Field-independent diagnostic retained; no source-comparison or engineering-acceptance claim.,../partial-assessment/report.md
constraint_heating_source_positive_ok,diagnostic,retained_diagnostic,not_established,,False,Field-independent diagnostic retained; no source-comparison or engineering-acceptance claim.,../partial-assessment/report.md
constraint_loop_pressure_ok,diagnostic,blocked_field_qualification,not_established,,False,Field model applicability is unqualified; numerical arithmetic is not a supported prediction.,../partial-assessment/attempts/diagnostic-1/field-qualification.json
vacuum_pumping_cost,cost,missing_corresponding_model_or_scope,not_established,,False,Native exported prediction is unavailable or undefined; retained diagnostic/failed execution does not establish a prediction. No defensible reference candidate established in the retained source worksheet; absence is not a claim of absence throughout the literature.,../partial-assessment/report.md
C220109,cost,missing_corresponding_model_or_scope,not_established,,False,Native exported prediction is unavailable or undefined; retained diagnostic/failed execution does not establish a prediction. No defensible reference candidate established in the retained source worksheet; absence is not a claim of absence throughout the literature.,../partial-assessment/report.md
facility_capacity_ok,diagnostic,blocked_field_qualification,not_established,,False,Field model applicability is unqualified; numerical arithmetic is not a supported prediction.,../partial-assessment/attempts/diagnostic-1/field-qualification.json
facility_outage_ok,diagnostic,blocked_field_qualification,not_established,,False,Field model applicability is unqualified; numerical arithmetic is not a supported prediction.,../partial-assessment/attempts/diagnostic-1/field-qualification.json
facility_routes_ok,diagnostic,blocked_field_qualification,not_established,,False,Field model applicability is unqualified; numerical arithmetic is not a supported prediction.,../partial-assessment/attempts/diagnostic-1/field-qualification.json
facility_replacement_ready,diagnostic,blocked_field_qualification,not_established,,False,Field model applicability is unqualified; numerical arithmetic is not a supported prediction.,../partial-assessment/attempts/diagnostic-1/field-qualification.json
facility_initial_ready,diagnostic,blocked_field_qualification,not_established,,False,Field model applicability is unqualified; numerical arithmetic is not a supported prediction.,../partial-assessment/attempts/diagnostic-1/field-qualification.json
cooling_water_heat_direction,diagnostic,blocked_field_qualification,not_established,,False,Field model applicability is unqualified; numerical arithmetic is not a supported prediction.,../partial-assessment/attempts/diagnostic-1/field-qualification.json
matched_main_heat_direction,diagnostic,blocked_field_qualification,not_established,,False,Field model applicability is unqualified; numerical arithmetic is not a supported prediction.,../partial-assessment/attempts/diagnostic-1/field-qualification.json
matched_reheat_heat_direction,diagnostic,blocked_field_qualification,not_established,,False,Field model applicability is unqualified; numerical arithmetic is not a supported prediction.,../partial-assessment/attempts/diagnostic-1/field-qualification.json
heat_rejection__cooling_water__active,diagnostic,blocked_field_qualification,not_established,,False,Field model applicability is unqualified; numerical arithmetic is not a supported prediction.,../partial-assessment/attempts/diagnostic-1/field-qualification.json
heat_rejection__cooling_water__condenser_water_gap_K,diagnostic,blocked_field_qualification,not_established,,False,Field model applicability is unqualified; numerical arithmetic is not a supported prediction.,../partial-assessment/attempts/diagnostic-1/field-qualification.json
heat_rejection__cooling_water__cooling_approach_ok,diagnostic,blocked_field_qualification,not_established,,False,Field model applicability is unqualified; numerical arithmetic is not a supported prediction.,../partial-assessment/attempts/diagnostic-1/field-qualification.json
heat_rejection__cooling_water__denominator_kJ_kg,diagnostic,blocked_field_qualification,not_established,,False,Field model applicability is unqualified; numerical arithmetic is not a supported prediction.,../partial-assessment/attempts/diagnostic-1/field-qualification.json
heat_rejection__cooling_water__p_cooling_pump_electric_MW,diagnostic,blocked_field_qualification,not_established,,False,Field model applicability is unqualified; numerical arithmetic is not a supported prediction.,../partial-assessment/attempts/diagnostic-1/field-qualification.json
heat_rejection__cooling_water__p_cooling_pump_shaft_MW,diagnostic,blocked_field_qualification,not_established,,False,Field model applicability is unqualified; numerical arithmetic is not a supported prediction.,../partial-assessment/attempts/diagnostic-1/field-qualification.json
heat_rejection__cooling_water__q_cooling_motor_loss_MW,diagnostic,blocked_field_qualification,not_established,,False,Field model applicability is unqualified; numerical arithmetic is not a supported prediction.,../partial-assessment/attempts/diagnostic-1/field-qualification.json
heat_rejection__cooling_water__q_total_rejection_MW,diagnostic,blocked_field_qualification,not_established,,False,Field model applicability is unqualified; numerical arithmetic is not a supported prediction.,../partial-assessment/attempts/diagnostic-1/field-qualification.json
heat_rejection__cooling_water__reference_scenario,diagnostic,blocked_field_qualification,not_established,,False,Field model applicability is unqualified; numerical arithmetic is not a supported prediction.,../partial-assessment/attempts/diagnostic-1/field-qualification.json
heat_rejection__cooling_water__site_qualified,diagnostic,blocked_field_qualification,not_established,,False,Field model applicability is unqualified; numerical arithmetic is not a supported prediction.,../partial-assessment/attempts/diagnostic-1/field-qualification.json
heat_rejection__cooling_water__water_energy_residual_MW,diagnostic,blocked_field_qualification,not_established,,False,Field model applicability is unqualified; numerical arithmetic is not a supported prediction.,../partial-assessment/attempts/diagnostic-1/field-qualification.json
heat_rejection__cooling_water__water_flow_kg_s,diagnostic,blocked_field_qualification,not_established,,False,Field model applicability is unqualified; numerical arithmetic is not a supported prediction.,../partial-assessment/attempts/diagnostic-1/field-qualification.json
heat_rejection__cooling_water__water_pump_rise_K,diagnostic,blocked_field_qualification,not_established,,False,Field model applicability is unqualified; numerical arithmetic is not a supported prediction.,../partial-assessment/attempts/diagnostic-1/field-qualification.json
turbine__cycle_selection__eta_selected,diagnostic,blocked_field_qualification,not_established,,False,Field model applicability is unqualified; numerical arithmetic is not a supported prediction.,../partial-assessment/attempts/diagnostic-1/field-qualification.json
turbine__cycle_selection__legacy_domain_applicable,diagnostic,blocked_field_qualification,not_established,,False,Field model applicability is unqualified; numerical arithmetic is not a supported prediction.,../partial-assessment/attempts/diagnostic-1/field-qualification.json
turbine__cycle_selection__matched_domain_applicable,diagnostic,blocked_field_qualification,not_established,,False,Field model applicability is unqualified; numerical arithmetic is not a supported prediction.,../partial-assessment/attempts/diagnostic-1/field-qualification.json
turbine__matched_cycle__active,diagnostic,blocked_field_qualification,not_established,,False,Field model applicability is unqualified; numerical arithmetic is not a supported prediction.,../partial-assessment/attempts/diagnostic-1/field-qualification.json
turbine__matched_cycle__bleed_fraction,diagnostic,blocked_field_qualification,not_established,,False,Field model applicability is unqualified; numerical arithmetic is not a supported prediction.,../partial-assessment/attempts/diagnostic-1/field-qualification.json
turbine__matched_cycle__cycle_electric_residual_MW,diagnostic,blocked_field_qualification,not_established,,False,Field model applicability is unqualified; numerical arithmetic is not a supported prediction.,../partial-assessment/attempts/diagnostic-1/field-qualification.json
turbine__matched_cycle__cycle_shaft_residual_MW,diagnostic,blocked_field_qualification,not_established,,False,Field model applicability is unqualified; numerical arithmetic is not a supported prediction.,../partial-assessment/attempts/diagnostic-1/field-qualification.json
turbine__matched_cycle__eta_gross,diagnostic,blocked_field_qualification,not_established,,False,Field model applicability is unqualified; numerical arithmetic is not a supported prediction.,../partial-assessment/attempts/diagnostic-1/field-qualification.json
turbine__matched_cycle__h_condensate_kJ_kg,diagnostic,blocked_field_qualification,not_established,,False,Field model applicability is unqualified; numerical arithmetic is not a supported prediction.,../partial-assessment/attempts/diagnostic-1/field-qualification.json
turbine__matched_cycle__h_condensate_pumped_kJ_kg,diagnostic,blocked_field_qualification,not_established,,False,Field model applicability is unqualified; numerical arithmetic is not a supported prediction.,../partial-assessment/attempts/diagnostic-1/field-qualification.json
turbine__matched_cycle__h_feed_kJ_kg,diagnostic,blocked_field_qualification,not_established,,False,Field model applicability is unqualified; numerical arithmetic is not a supported prediction.,../partial-assessment/attempts/diagnostic-1/field-qualification.json
turbine__matched_cycle__h_heater_kJ_kg,diagnostic,blocked_field_qualification,not_established,,False,Field model applicability is unqualified; numerical arithmetic is not a supported prediction.,../partial-assessment/attempts/diagnostic-1/field-qualification.json
turbine__matched_cycle__h_hp_kJ_kg,diagnostic,blocked_field_qualification,not_established,,False,Field model applicability is unqualified; numerical arithmetic is not a supported prediction.,../partial-assessment/attempts/diagnostic-1/field-qualification.json
turbine__matched_cycle__h_lp_kJ_kg,diagnostic,blocked_field_qualification,not_established,,False,Field model applicability is unqualified; numerical arithmetic is not a supported prediction.,../partial-assessment/attempts/diagnostic-1/field-qualification.json
turbine__matched_cycle__h_main_kJ_kg,diagnostic,blocked_field_qualification,not_established,,False,Field model applicability is unqualified; numerical arithmetic is not a supported prediction.,../partial-assessment/attempts/diagnostic-1/field-qualification.json
turbine__matched_cycle__h_reheat_kJ_kg,diagnostic,blocked_field_qualification,not_established,,False,Field model applicability is unqualified; numerical arithmetic is not a supported prediction.,../partial-assessment/attempts/diagnostic-1/field-qualification.json
turbine__matched_cycle__heater_energy_residual_MW,diagnostic,blocked_field_qualification,not_established,,False,Field model applicability is unqualified; numerical arithmetic is not a supported prediction.,../partial-assessment/attempts/diagnostic-1/field-qualification.json
turbine__matched_cycle__heater_mass_residual_kg_s,diagnostic,blocked_field_qualification,not_established,,False,Field model applicability is unqualified; numerical arithmetic is not a supported prediction.,../partial-assessment/attempts/diagnostic-1/field-qualification.json
turbine__matched_cycle__installed_sg_capacity_qualified,diagnostic,blocked_field_qualification,not_established,,False,Field model applicability is unqualified; numerical arithmetic is not a supported prediction.,../partial-assessment/attempts/diagnostic-1/field-qualification.json
turbine__matched_cycle__lp_moisture_fraction,diagnostic,blocked_field_qualification,not_established,,False,Field model applicability is unqualified; numerical arithmetic is not a supported prediction.,../partial-assessment/attempts/diagnostic-1/field-qualification.json
turbine__matched_cycle__lp_quality,diagnostic,blocked_field_qualification,not_established,,False,Field model applicability is unqualified; numerical arithmetic is not a supported prediction.,../partial-assessment/attempts/diagnostic-1/field-qualification.json
turbine__matched_cycle__main_UA_MW_K,diagnostic,blocked_field_qualification,not_established,,False,Field model applicability is unqualified; numerical arithmetic is not a supported prediction.,../partial-assessment/attempts/diagnostic-1/field-qualification.json
turbine__matched_cycle__main_UA_available,diagnostic,blocked_field_qualification,not_established,,False,Field model applicability is unqualified; numerical arithmetic is not a supported prediction.,../partial-assessment/attempts/diagnostic-1/field-qualification.json
turbine__matched_cycle__main_admission_ok,diagnostic,blocked_field_qualification,not_established,,False,Field model applicability is unqualified; numerical arithmetic is not a supported prediction.,../partial-assessment/attempts/diagnostic-1/field-qualification.json
turbine__matched_cycle__main_min_gap_K,diagnostic,blocked_field_qualification,not_established,,False,Field model applicability is unqualified; numerical arithmetic is not a supported prediction.,../partial-assessment/attempts/diagnostic-1/field-qualification.json
turbine__matched_cycle__mdot_bleed_kg_s,diagnostic,blocked_field_qualification,not_established,,False,Field model applicability is unqualified; numerical arithmetic is not a supported prediction.,../partial-assessment/attempts/diagnostic-1/field-qualification.json
turbine__matched_cycle__mdot_condensate_kg_s,diagnostic,blocked_field_qualification,not_established,,False,Field model applicability is unqualified; numerical arithmetic is not a supported prediction.,../partial-assessment/attempts/diagnostic-1/field-qualification.json
turbine__matched_cycle__mdot_condensate_pumped_kg_s,diagnostic,blocked_field_qualification,not_established,,False,Field model applicability is unqualified; numerical arithmetic is not a supported prediction.,../partial-assessment/attempts/diagnostic-1/field-qualification.json
turbine__matched_cycle__mdot_feed_kg_s,diagnostic,blocked_field_qualification,not_established,,False,Field model applicability is unqualified; numerical arithmetic is not a supported prediction.,../partial-assessment/attempts/diagnostic-1/field-qualification.json
turbine__matched_cycle__mdot_heater_kg_s,diagnostic,blocked_field_qualification,not_established,,False,Field model applicability is unqualified; numerical arithmetic is not a supported prediction.,../partial-assessment/attempts/diagnostic-1/field-qualification.json
turbine__matched_cycle__mdot_hp_kg_s,diagnostic,blocked_field_qualification,not_established,,False,Field model applicability is unqualified; numerical arithmetic is not a supported prediction.,../partial-assessment/attempts/diagnostic-1/field-qualification.json
turbine__matched_cycle__mdot_lp_kg_s,diagnostic,blocked_field_qualification,not_established,,False,Field model applicability is unqualified; numerical arithmetic is not a supported prediction.,../partial-assessment/attempts/diagnostic-1/field-qualification.json
turbine__matched_cycle__mdot_main_kg_s,diagnostic,blocked_field_qualification,not_established,,False,Field model applicability is unqualified; numerical arithmetic is not a supported prediction.,../partial-assessment/attempts/diagnostic-1/field-qualification.json
turbine__matched_cycle__mdot_reheat_kg_s,diagnostic,blocked_field_qualification,not_established,,False,Field model applicability is unqualified; numerical arithmetic is not a supported prediction.,../partial-assessment/attempts/diagnostic-1/field-qualification.json
turbine__matched_cycle__p_condensate_MPa,diagnostic,blocked_field_qualification,not_established,,False,Field model applicability is unqualified; numerical arithmetic is not a supported prediction.,../partial-assessment/attempts/diagnostic-1/field-qualification.json
turbine__matched_cycle__p_condensate_electric_MW,diagnostic,blocked_field_qualification,not_established,,False,Field model applicability is unqualified; numerical arithmetic is not a supported prediction.,../partial-assessment/attempts/diagnostic-1/field-qualification.json
turbine__matched_cycle__p_condensate_pumped_MPa,diagnostic,blocked_field_qualification,not_established,,False,Field model applicability is unqualified; numerical arithmetic is not a supported prediction.,../partial-assessment/attempts/diagnostic-1/field-qualification.json
turbine__matched_cycle__p_condensate_shaft_MW,diagnostic,blocked_field_qualification,not_established,,False,Field model applicability is unqualified; numerical arithmetic is not a supported prediction.,../partial-assessment/attempts/diagnostic-1/field-qualification.json
turbine__matched_cycle__p_cycle_net_before_cooling_MW,diagnostic,blocked_field_qualification,not_established,,False,Field model applicability is unqualified; numerical arithmetic is not a supported prediction.,../partial-assessment/attempts/diagnostic-1/field-qualification.json
turbine__matched_cycle__p_cycle_pumps_MW,diagnostic,blocked_field_qualification,not_established,,False,Field model applicability is unqualified; numerical arithmetic is not a supported prediction.,../partial-assessment/attempts/diagnostic-1/field-qualification.json
turbine__matched_cycle__p_feed_MPa,diagnostic,blocked_field_qualification,not_established,,False,Field model applicability is unqualified; numerical arithmetic is not a supported prediction.,../partial-assessment/attempts/diagnostic-1/field-qualification.json
turbine__matched_cycle__p_feedwater_electric_MW,diagnostic,blocked_field_qualification,not_established,,False,Field model applicability is unqualified; numerical arithmetic is not a supported prediction.,../partial-assessment/attempts/diagnostic-1/field-qualification.json
turbine__matched_cycle__p_feedwater_shaft_MW,diagnostic,blocked_field_qualification,not_established,,False,Field model applicability is unqualified; numerical arithmetic is not a supported prediction.,../partial-assessment/attempts/diagnostic-1/field-qualification.json
turbine__matched_cycle__p_gross_MW,diagnostic,blocked_field_qualification,not_established,,False,Field model applicability is unqualified; numerical arithmetic is not a supported prediction.,../partial-assessment/attempts/diagnostic-1/field-qualification.json
turbine__matched_cycle__p_heater_MPa,diagnostic,blocked_field_qualification,not_established,,False,Field model applicability is unqualified; numerical arithmetic is not a supported prediction.,../partial-assessment/attempts/diagnostic-1/field-qualification.json
turbine__matched_cycle__p_hp_MPa,diagnostic,blocked_field_qualification,not_established,,False,Field model applicability is unqualified; numerical arithmetic is not a supported prediction.,../partial-assessment/attempts/diagnostic-1/field-qualification.json
turbine__matched_cycle__p_hp_shaft_MW,diagnostic,blocked_field_qualification,not_established,,False,Field model applicability is unqualified; numerical arithmetic is not a supported prediction.,../partial-assessment/attempts/diagnostic-1/field-qualification.json
turbine__matched_cycle__p_lp_MPa,diagnostic,blocked_field_qualification,not_established,,False,Field model applicability is unqualified; numerical arithmetic is not a supported prediction.,../partial-assessment/attempts/diagnostic-1/field-qualification.json
turbine__matched_cycle__p_lp_shaft_MW,diagnostic,blocked_field_qualification,not_established,,False,Field model applicability is unqualified; numerical arithmetic is not a supported prediction.,../partial-assessment/attempts/diagnostic-1/field-qualification.json
turbine__matched_cycle__p_main_MPa,diagnostic,blocked_field_qualification,not_established,,False,Field model applicability is unqualified; numerical arithmetic is not a supported prediction.,../partial-assessment/attempts/diagnostic-1/field-qualification.json
turbine__matched_cycle__p_reheat_MPa,diagnostic,blocked_field_qualification,not_established,,False,Field model applicability is unqualified; numerical arithmetic is not a supported prediction.,../partial-assessment/attempts/diagnostic-1/field-qualification.json
turbine__matched_cycle__q_condenser_MW,diagnostic,blocked_field_qualification,not_established,,False,Field model applicability is unqualified; numerical arithmetic is not a supported prediction.,../partial-assessment/attempts/diagnostic-1/field-qualification.json
turbine__matched_cycle__q_generator_loss_MW,diagnostic,blocked_field_qualification,not_established,,False,Field model applicability is unqualified; numerical arithmetic is not a supported prediction.,../partial-assessment/attempts/diagnostic-1/field-qualification.json
turbine__matched_cycle__q_main_MW,diagnostic,blocked_field_qualification,not_established,,False,Field model applicability is unqualified; numerical arithmetic is not a supported prediction.,../partial-assessment/attempts/diagnostic-1/field-qualification.json
turbine__matched_cycle__q_mechanical_loss_MW,diagnostic,blocked_field_qualification,not_established,,False,Field model applicability is unqualified; numerical arithmetic is not a supported prediction.,../partial-assessment/attempts/diagnostic-1/field-qualification.json
turbine__matched_cycle__q_pump_motor_loss_MW,diagnostic,blocked_field_qualification,not_established,,False,Field model applicability is unqualified; numerical arithmetic is not a supported prediction.,../partial-assessment/attempts/diagnostic-1/field-qualification.json
turbine__matched_cycle__q_reheat_MW,diagnostic,blocked_field_qualification,not_established,,False,Field model applicability is unqualified; numerical arithmetic is not a supported prediction.,../partial-assessment/attempts/diagnostic-1/field-qualification.json
turbine__matched_cycle__q_rejection_before_cooling_MW,diagnostic,blocked_field_qualification,not_established,,False,Field model applicability is unqualified; numerical arithmetic is not a supported prediction.,../partial-assessment/attempts/diagnostic-1/field-qualification.json
turbine__matched_cycle__reheat_UA_MW_K,diagnostic,blocked_field_qualification,not_established,,False,Field model applicability is unqualified; numerical arithmetic is not a supported prediction.,../partial-assessment/attempts/diagnostic-1/field-qualification.json
turbine__matched_cycle__reheat_UA_available,diagnostic,blocked_field_qualification,not_established,,False,Field model applicability is unqualified; numerical arithmetic is not a supported prediction.,../partial-assessment/attempts/diagnostic-1/field-qualification.json
turbine__matched_cycle__reheat_admission_ok,diagnostic,blocked_field_qualification,not_established,,False,Field model applicability is unqualified; numerical arithmetic is not a supported prediction.,../partial-assessment/attempts/diagnostic-1/field-qualification.json
turbine__matched_cycle__reheat_min_gap_K,diagnostic,blocked_field_qualification,not_established,,False,Field model applicability is unqualified; numerical arithmetic is not a supported prediction.,../partial-assessment/attempts/diagnostic-1/field-qualification.json
turbine__matched_cycle__s_condensate_kJ_kgK,diagnostic,blocked_field_qualification,not_established,,False,Field model applicability is unqualified; numerical arithmetic is not a supported prediction.,../partial-assessment/attempts/diagnostic-1/field-qualification.json
turbine__matched_cycle__s_feed_kJ_kgK,diagnostic,blocked_field_qualification,not_established,,False,Field model applicability is unqualified; numerical arithmetic is not a supported prediction.,../partial-assessment/attempts/diagnostic-1/field-qualification.json
turbine__matched_cycle__s_heater_kJ_kgK,diagnostic,blocked_field_qualification,not_established,,False,Field model applicability is unqualified; numerical arithmetic is not a supported prediction.,../partial-assessment/attempts/diagnostic-1/field-qualification.json
turbine__matched_cycle__s_hp_kJ_kgK,diagnostic,blocked_field_qualification,not_established,,False,Field model applicability is unqualified; numerical arithmetic is not a supported prediction.,../partial-assessment/attempts/diagnostic-1/field-qualification.json
turbine__matched_cycle__s_lp_kJ_kgK,diagnostic,blocked_field_qualification,not_established,,False,Field model applicability is unqualified; numerical arithmetic is not a supported prediction.,../partial-assessment/attempts/diagnostic-1/field-qualification.json
turbine__matched_cycle__s_main_kJ_kgK,diagnostic,blocked_field_qualification,not_established,,False,Field model applicability is unqualified; numerical arithmetic is not a supported prediction.,../partial-assessment/attempts/diagnostic-1/field-qualification.json
turbine__matched_cycle__s_reheat_kJ_kgK,diagnostic,blocked_field_qualification,not_established,,False,Field model applicability is unqualified; numerical arithmetic is not a supported prediction.,../partial-assessment/attempts/diagnostic-1/field-qualification.json
turbine__matched_cycle__salt_flow_total_kg_s,diagnostic,blocked_field_qualification,not_established,,False,Field model applicability is unqualified; numerical arithmetic is not a supported prediction.,../partial-assessment/attempts/diagnostic-1/field-qualification.json
turbine__matched_cycle__salt_heat_residual_MW,diagnostic,blocked_field_qualification,not_established,,False,Field model applicability is unqualified; numerical arithmetic is not a supported prediction.,../partial-assessment/attempts/diagnostic-1/field-qualification.json
turbine__matched_cycle__salt_main_flow_kg_s,diagnostic,blocked_field_qualification,not_established,,False,Field model applicability is unqualified; numerical arithmetic is not a supported prediction.,../partial-assessment/attempts/diagnostic-1/field-qualification.json
turbine__matched_cycle__salt_reheat_flow_kg_s,diagnostic,blocked_field_qualification,not_established,,False,Field model applicability is unqualified; numerical arithmetic is not a supported prediction.,../partial-assessment/attempts/diagnostic-1/field-qualification.json
turbine__matched_cycle__t_condensate_C,diagnostic,blocked_field_qualification,not_established,,False,Field model applicability is unqualified; numerical arithmetic is not a supported prediction.,../partial-assessment/attempts/diagnostic-1/field-qualification.json
turbine__matched_cycle__t_feed_C,diagnostic,blocked_field_qualification,not_established,,False,Field model applicability is unqualified; numerical arithmetic is not a supported prediction.,../partial-assessment/attempts/diagnostic-1/field-qualification.json
turbine__matched_cycle__t_heater_C,diagnostic,blocked_field_qualification,not_established,,False,Field model applicability is unqualified; numerical arithmetic is not a supported prediction.,../partial-assessment/attempts/diagnostic-1/field-qualification.json
turbine__matched_cycle__t_hp_C,diagnostic,blocked_field_qualification,not_established,,False,Field model applicability is unqualified; numerical arithmetic is not a supported prediction.,../partial-assessment/attempts/diagnostic-1/field-qualification.json
turbine__matched_cycle__t_lp_C,diagnostic,blocked_field_qualification,not_established,,False,Field model applicability is unqualified; numerical arithmetic is not a supported prediction.,../partial-assessment/attempts/diagnostic-1/field-qualification.json
turbine__matched_cycle__t_main_C,diagnostic,blocked_field_qualification,not_established,,False,Field model applicability is unqualified; numerical arithmetic is not a supported prediction.,../partial-assessment/attempts/diagnostic-1/field-qualification.json
turbine__matched_cycle__t_reheat_C,diagnostic,blocked_field_qualification,not_established,,False,Field model applicability is unqualified; numerical arithmetic is not a supported prediction.,../partial-assessment/attempts/diagnostic-1/field-qualification.json
turbine__matched_cycle__turbine_equipment_qualified,diagnostic,blocked_field_qualification,not_established,,False,Field model applicability is unqualified; numerical arithmetic is not a supported prediction.,../partial-assessment/attempts/diagnostic-1/field-qualification.json
