case,candidate_id,offer,architecture,load_MW,flow_kg_s,split,native_pass,branch,required_hot,hot,hot_bound_margin,required_hot_margin,hx_return,mixed_return,return_residual,return_residual_magnitude,active_flow,bypass_fraction,control_margin,transferred,unmet,state_defined,secondary_in,secondary_out,hot_terminal_difference,cold_terminal_difference,hot_approach_margin,cold_approach_margin,input_required_return,input_limit,input_hot_approach,input_cold_approach,input_max_bypass,input_flow,input_cp,input_selected_area,input_assumed_u,input_price_factor,purchase_capital,purchase_quantity_ratio,purchase_extrapolated,purchase_purchased_quantity
case-00077,20260927-exchanger-thermal-comparison-b:c0077,A,network,1650.0,1174.1392578125,0.7965,True,he,707.5843884476857,707.5843884476857,21.565611552314294,21.565611552314294,577.7013786741285,659.15,0.0,0.0,1216.0523613001362,0.627092192180271,0.372907807819729,820.2059999999999,0.0,1.0,507.0064633367856,641.5258908041578,66.05849764352786,70.69491533734288,36.05849764352786,40.69491533734288,659.15,729.15,30.0,30.0,1.0,3261.0,5193.0,12000.0,1000.0,4.166666666666667,58325700.000000015,0.24,1.0,12000.0
case-00077,20260927-exchanger-thermal-comparison-b:c0077,A,network,1650.0,1174.1392578125,0.7965,True,pbli,907.2620429517576,907.2620429517576,103.88795704824236,103.88795704824236,724.1451181613246,724.15,0.0,0.0,26859.283920986716,2.6659680315788137e-05,0.9999733403196842,934.4939999999999,0.0,1.0,641.5258908041578,833.9470406240303,73.31500232772737,82.61922735716678,43.31500232772737,52.61922735716678,724.15,1011.15,30.0,30.0,1.0,26860.0,190.0,12000.0,1000.0,4.166666666666667,58325700.000000015,0.24,1.0,12000.0
case-00077,20260927-exchanger-thermal-comparison-b:c0077,A,network,1650.0,1174.1392578125,0.7965,True,divertor,952.6395051030233,952.6395051030233,20.51049489697664,20.51049489697664,845.781824177443,846.1500000000001,1.1368683772161603e-13,1.1368683772161603e-13,498.27726084185997,0.0034454783162800595,0.9965545216837199,276.5,0.0,1.0,641.5258908041578,864.3657063900587,88.27379871296466,204.2559333732852,58.27379871296466,174.2559333732852,846.15,973.15,30.0,30.0,1.0,500.0,5193.0,2000.0,1000.0,25.0,58325700.00000001,0.04,1.0,2000.0
case-00011,20260927-exchanger-thermal-comparison-b:c0011,A,series,1650.0,1228.7046875,0.85,True,he,707.5843884476857,707.5843884476857,21.565611552314294,21.565611552314294,543.3339894837943,659.15,0.0,0.0,961.6082622887591,0.7051185948209877,0.2948814051790123,820.2059999999999,0.0,1.0,491.28864233335975,619.8342093314534,87.75017911623229,52.045347150434566,57.75017911623229,22.045347150434566,659.15,729.15,30.0,30.0,1.0,3261.0,5193.0,12000.0,1000.0,4.166666666666667,58325700.000000015,0.24,1.0,12000.0
case-00011,20260927-exchanger-thermal-comparison-b:c0011,A,series,1650.0,1228.7046875,0.85,True,pbli,907.2620429517576,907.2620429517576,103.88795704824236,103.88795704824236,724.1462123342337,724.15,0.0,0.0,26859.444413395948,2.0684534774773056e-05,0.9999793154652252,934.4939999999999,0.0,1.0,663.1682611123144,809.6254451445167,97.63659780724095,60.977951221919284,67.63659780724095,30.977951221919284,724.15,1011.15,30.0,30.0,1.0,26860.0,190.0,12000.0,1000.0,4.166666666666667,58325700.000000015,0.24,1.0,12000.0
case-00011,20260927-exchanger-thermal-comparison-b:c0011,A,series,1650.0,1228.7046875,0.85,True,divertor,952.6395051030233,952.6395051030233,20.51049489697664,20.51049489697664,671.7607682674872,846.1500000000001,1.1368683772161603e-13,1.1368683772161603e-13,189.56491029325662,0.6208701794134868,0.37912982058651323,276.5,0.0,1.0,619.8342093314534,663.1682611123144,289.4712439907089,51.92655893603376,259.4712439907089,21.926558936033757,846.15,973.15,30.0,30.0,1.0,500.0,5193.0,2000.0,1000.0,25.0,58325700.00000001,0.04,1.0,2000.0
case-00108,20260927-exchanger-thermal-comparison-b:c0108,B,network,1650.0,1134.8751953125,0.76,True,he,707.5843884476857,707.5843884476857,21.565611552314294,21.565611552314294,561.4060280564668,659.15,0.0,0.0,1080.4919435762863,0.6686623908076399,0.3313376091923601,820.2059999999999,0.0,1.0,519.2517625843307,658.4252517752819,49.15913667240375,42.1542654721361,19.159136672403747,12.154265472136103,659.15,729.15,30.0,30.0,1.0,3261.0,5193.0,18000.0,1000.0,2.7777777777777777,58325700.0,0.36,1.0,18000.0
case-00108,20260927-exchanger-thermal-comparison-b:c0108,B,network,1650.0,1134.8751953125,0.76,True,pbli,907.2620429517576,907.2620429517576,103.88795704824236,103.88795704824236,724.1430949602789,724.15,0.0,0.0,26858.987164523696,3.7707947740273084e-05,0.9999622920522597,934.4939999999999,0.0,1.0,658.4252517752819,867.064735104067,40.19730784769058,65.71784318499692,10.197307847690581,35.71784318499692,724.15,1011.15,30.0,30.0,1.0,26860.0,190.0,18000.0,1000.0,2.7777777777777777,58325700.0,0.36,1.0,18000.0
case-00108,20260927-exchanger-thermal-comparison-b:c0108,B,network,1650.0,1134.8751953125,0.76,True,divertor,952.6395051030233,952.6395051030233,20.51049489697664,20.51049489697664,845.5556675772799,846.1500000000001,1.1368683772161603e-13,1.1368683772161603e-13,497.2249200418446,0.005550159916310804,0.9944498400836892,276.5,0.0,1.0,658.4252517752819,853.9120652571899,98.72743984583349,187.13041580199797,68.72743984583349,157.13041580199797,846.15,973.15,30.0,30.0,1.0,500.0,5193.0,2000.0,1000.0,25.0,58325700.00000001,0.04,1.0,2000.0
case-00207,20260927-exchanger-thermal-comparison-b:c0207,A,network,1835.4512830147435,1293.291796875,0.787,True,he,712.09233014356,712.09233014356,17.05766985643993,17.05766985643993,585.925717403744,659.15,0.0,0.0,1368.3884733767236,0.5803776530583491,0.4196223469416509,896.545166140189,0.0,1.0,507.490751367468,640.9833931790945,71.10893696446556,78.43496603627597,41.108936964465556,48.434966036275966,659.15,729.15,30.0,30.0,1.0,3261.0,5193.0,12000.0,1000.0,4.166666666666667,58325700.000000015,0.24,1.0,12000.0
case-00207,20260927-exchanger-thermal-comparison-b:c0207,A,network,1835.4512830147435,1293.291796875,0.787,True,pbli,927.8428691946997,927.8428691946997,83.30713080530029,83.30713080530029,724.1466624946248,724.15,0.0,0.0,26859.55990641244,1.638472031117999e-05,0.9999836152796888,1039.5261886482303,0.0,1.0,640.9833931790945,837.6568979315647,90.185971263135,83.16326931553033,60.185971263135,53.16326931553033,724.15,1011.15,30.0,30.0,1.0,26860.0,190.0,12000.0,1000.0,4.166666666666667,58325700.000000015,0.24,1.0,12000.0
case-00207,20260927-exchanger-thermal-comparison-b:c0207,A,network,1835.4512830147435,1293.291796875,0.787,True,divertor,963.35303965038,963.35303965038,9.796960349620008,9.796960349620008,845.450197845344,846.15,0.0,0.0,497.0322930985276,0.005935413802944822,0.9940645861970552,304.31769245221153,0.0,1.0,640.9833931790945,853.715358916708,109.63768073367191,204.46680466624946,79.63768073367191,174.46680466624946,846.15,973.15,30.0,30.0,1.0,500.0,5193.0,2000.0,1000.0,25.0,58325700.00000001,0.04,1.0,2000.0
case-00123,20260927-exchanger-thermal-comparison-b:c0123,A,series,1835.4512830147435,1353.80859375,0.85,True,he,712.09233014356,712.09233014356,17.05766985643993,17.05766985643993,550.7024817183128,659.15,0.0,0.0,1069.7385262005196,0.6719599735662314,0.3280400264337686,896.545166140189,0.0,1.0,491.6478477648941,619.1732153797717,92.91911476378834,59.054633953418715,62.91911476378834,29.054633953418715,659.15,729.15,30.0,30.0,1.0,3261.0,5193.0,12000.0,1000.0,4.166666666666667,58325700.000000015,0.24,1.0,12000.0
case-00123,20260927-exchanger-thermal-comparison-b:c0123,A,series,1835.4512830147435,1353.80859375,0.85,True,pbli,927.8428691946997,927.8428691946997,83.30713080530029,83.30713080530029,724.1497107794302,724.15,0.0,0.0,26859.961861927193,1.4198835742718074e-06,0.9999985801164257,1039.5261886482303,0.0,1.0,662.4596297929539,810.3227429514152,117.5201262432845,61.69008098647623,87.5201262432845,31.690080986476232,724.15,1011.15,30.0,30.0,1.0,26860.0,190.0,12000.0,1000.0,4.166666666666667,58325700.000000015,0.24,1.0,12000.0
case-00123,20260927-exchanger-thermal-comparison-b:c0123,A,series,1835.4512830147435,1353.80859375,0.85,True,divertor,963.35303965038,963.35303965038,9.796960349620008,9.796960349620008,682.1911756447605,846.15,0.0,0.0,208.42627442539197,0.5831474511492161,0.41685254885078393,304.31769245221153,0.0,1.0,619.1732153797717,662.4596297929539,300.89340985742604,63.0179602649888,270.89340985742604,33.0179602649888,846.15,973.15,30.0,30.0,1.0,500.0,5193.0,2000.0,1000.0,25.0,58325700.00000001,0.04,1.0,2000.0
case-00254,20260927-exchanger-thermal-comparison-b:c0254,B,network,1835.4512830147435,1245.934765625,0.741,True,he,712.09233014356,712.09233014356,17.05766985643993,17.05766985643993,568.1122774072999,659.15,0.0,0.0,1199.089285752637,0.632293993942767,0.367706006057233,896.545166140189,0.0,1.0,520.9619201783095,659.5285156063976,52.56381453716244,47.1503572289904,22.563814537162443,17.1503572289904,659.15,729.15,30.0,30.0,1.0,3261.0,5193.0,18000.0,1000.0,2.7777777777777777,58325700.0,0.36,1.0,18000.0
case-00254,20260927-exchanger-thermal-comparison-b:c0254,B,network,1835.4512830147435,1245.934765625,0.741,True,pbli,927.8428691946997,927.8428691946997,83.30713080530029,83.30713080530029,724.0269766001638,724.15,0.0,0.0,26843.787287254527,0.0006036006234353408,0.9993963993765647,1039.5261886482303,0.0,1.0,659.5285156063976,876.3506424297192,51.4922267649805,64.49846099376623,21.4922267649805,34.49846099376623,724.15,1011.15,30.0,30.0,1.0,26860.0,190.0,18000.0,1000.0,2.7777777777777777,58325700.0,0.36,1.0,18000.0
case-00254,20260927-exchanger-thermal-comparison-b:c0254,B,network,1835.4512830147435,1245.934765625,0.741,True,divertor,963.35303965038,963.35303965038,9.796960349620008,9.796960349620008,846.1495111371538,846.15,0.0,0.0,499.9979144704412,4.171059117652476e-06,0.9999958289408823,304.31769245221153,0.0,1.0,659.5285156063976,841.1276655364129,122.22537411396706,186.6209955307562,92.22537411396706,156.6209955307562,846.15,973.15,30.0,30.0,1.0,500.0,5193.0,2000.0,1000.0,25.0,58325700.00000001,0.04,1.0,2000.0
case-00216,20260927-exchanger-thermal-comparison-b:c0216,B,series,1835.4512830147435,1290.7833984375,0.85,True,he,712.09233014356,712.09233014356,17.05766985643993,17.05766985643993,542.0122309952852,659.15,0.0,0.0,1015.0801855285748,0.6887211942568001,0.3112788057431999,896.545166140189,0.0,1.0,508.17949764521745,641.9315576787884,70.16077246477164,33.83273335006777,40.16077246477164,3.8327333500677696,659.15,729.15,30.0,30.0,1.0,3261.0,5193.0,18000.0,1000.0,2.7777777777777777,58325700.0,0.36,1.0,18000.0
case-00216,20260927-exchanger-thermal-comparison-b:c0216,B,series,1835.4512830147435,1290.7833984375,0.85,True,pbli,927.8428691946997,927.8428691946997,83.30713080530029,83.30713080530029,724.1468615426288,724.15,0.0,0.0,26859.58615308194,1.5407554656121647e-05,0.9999845924453439,1039.5261886482303,0.0,1.0,687.3315216821428,842.4143601621469,85.42850903255282,36.815339860486006,55.428509032552824,6.815339860486006,724.15,1011.15,30.0,30.0,1.0,26860.0,190.0,18000.0,1000.0,2.7777777777777777,58325700.0,0.36,1.0,18000.0
case-00216,20260927-exchanger-thermal-comparison-b:c0216,B,series,1835.4512830147435,1290.7833984375,0.85,True,divertor,963.35303965038,963.35303965038,9.796960349620008,9.796960349620008,714.3392612084876,846.15,0.0,0.0,235.33444692043304,0.5293311061591339,0.4706688938408661,304.31769245221153,0.0,1.0,641.9315576787884,687.3315216821428,276.02151796823716,72.40770352969923,246.02151796823716,42.40770352969923,846.15,973.15,30.0,30.0,1.0,500.0,5193.0,2000.0,1000.0,25.0,58325700.00000001,0.04,1.0,2000.0
case-00338,20260927-exchanger-thermal-comparison-b:c0338,A,network,1950.0,1367.626953125,0.7805,True,he,714.8767753580247,714.8767753580247,14.273224641975276,14.273224641975276,590.5501191339448,659.15,0.0,0.0,1461.6737871159917,0.5517713010990519,0.4482286989009481,943.698,0.0,1.0,507.5564289080057,640.4325864210474,74.4441889369773,82.99369022593908,44.4441889369773,52.993690225939076,659.15,729.15,30.0,30.0,1.0,3261.0,5193.0,12000.0,1000.0,4.166666666666667,58325700.000000015,0.24,1.0,12000.0
case-00338,20260927-exchanger-thermal-comparison-b:c0338,A,network,1950.0,1367.626953125,0.7805,True,pbli,940.555141670259,940.555141670259,70.59485832974099,70.59485832974099,724.1469481786827,724.1499999999999,-1.1368683772161603e-13,1.1368683772161603e-13,26859.621216187523,1.4102152363193454e-05,0.9999858978476368,1104.402,0.0,1.0,640.4325864210474,839.6688108635194,100.88633080673958,83.71436175763529,70.88633080673958,53.71436175763529,724.15,1011.15,30.0,30.0,1.0,26860.0,190.0,12000.0,1000.0,4.166666666666667,58325700.000000015,0.24,1.0,12000.0
case-00338,20260927-exchanger-thermal-comparison-b:c0338,A,network,1950.0,1367.626953125,0.7805,True,divertor,969.9705276333526,969.9705276333526,3.17947236664736,3.17947236664736,845.5365289667129,846.15,0.0,0.0,497.5349541127798,0.0049300917744403705,0.9950699082255596,321.5,0.0,1.0,640.4325864210474,846.6666878688379,123.30383976451469,205.10394254566552,93.30383976451469,175.10394254566552,846.15,973.15,30.0,30.0,1.0,500.0,5193.0,2000.0,1000.0,25.0,58325700.00000001,0.04,1.0,2000.0
case-00279,20260927-exchanger-thermal-comparison-b:c0279,A,series,1950.0,1431.57578125,0.85,True,he,714.8767753580247,714.8767753580247,14.273224641975276,14.273224641975276,555.0721942587379,659.15,0.0,0.0,1137.170243759237,0.6512817406442082,0.3487182593557918,943.698,0.0,1.0,491.72154684257663,618.6620950291651,96.21468032885957,63.35064741616128,66.21468032885957,33.35064741616128,659.15,729.15,30.0,30.0,1.0,3261.0,5193.0,12000.0,1000.0,4.166666666666667,58325700.000000015,0.24,1.0,12000.0
case-00279,20260927-exchanger-thermal-comparison-b:c0279,A,series,1950.0,1431.57578125,0.85,True,pbli,940.555141670259,940.555141670259,70.59485832974099,70.59485832974099,724.1481788159564,724.1499999999999,-1.1368683772161603e-13,1.1368683772161603e-13,26859.773958273967,8.415551974394475e-06,0.9999915844480256,1104.402,0.0,1.0,661.9083308397616,810.4658092898217,130.08933238043733,62.239847976194824,100.08933238043733,32.239847976194824,724.15,1011.15,30.0,30.0,1.0,26860.0,190.0,12000.0,1000.0,4.166666666666667,58325700.000000015,0.24,1.0,12000.0
case-00279,20260927-exchanger-thermal-comparison-b:c0279,A,series,1950.0,1431.57578125,0.85,True,divertor,969.9705276333526,969.9705276333526,3.17947236664736,3.17947236664736,688.76883291793,846.15,0.0,0.0,220.16319595559253,0.559673608088815,0.44032639191118506,321.5,0.0,1.0,618.6620950291651,661.9083308397616,308.06219679359106,70.10673788876488,278.06219679359106,40.10673788876488,846.15,973.15,30.0,30.0,1.0,500.0,5193.0,2000.0,1000.0,25.0,58325700.00000001,0.04,1.0,2000.0
case-00404,20260927-exchanger-thermal-comparison-b:c0404,B,network,1950.0,1315.466015625,0.727,True,he,714.8767753580247,714.8767753580247,14.273224641975276,14.273224641975276,571.4375152095554,659.15,0.0,0.0,1266.912658740857,0.6114956581598108,0.3885043418401892,943.698,0.0,1.0,521.6124480882116,659.7574189836994,55.11935637432532,49.82506712134375,25.11935637432532,19.82506712134375,659.15,729.15,30.0,30.0,1.0,3261.0,5193.0,18000.0,1000.0,2.7777777777777777,58325700.0,0.36,1.0,18000.0
case-00404,20260927-exchanger-thermal-comparison-b:c0404,B,network,1950.0,1315.466015625,0.727,True,pbli,940.555141670259,940.555141670259,70.59485832974099,70.59485832974099,724.1474235148438,724.1499999999999,-1.1368683772161603e-13,1.1368683772161603e-13,26859.680212924548,1.1905699011549586e-05,0.9999880943009885,1104.402,0.0,1.0,659.7574189836994,882.1369541983511,58.41818747190791,64.39000453114443,28.418187471907913,34.39000453114443,724.15,1011.15,30.0,30.0,1.0,26860.0,190.0,18000.0,1000.0,2.7777777777777777,58325700.0,0.36,1.0,18000.0
case-00404,20260927-exchanger-thermal-comparison-b:c0404,B,network,1950.0,1315.466015625,0.727,True,divertor,969.9705276333526,969.9705276333526,3.17947236664736,3.17947236664736,845.8500142914626,846.15,0.0,0.0,498.79155467351666,0.0024168906529666856,0.9975831093470333,321.5,0.0,1.0,659.7574189836994,832.1507156894775,137.81981194387515,186.0925953077632,107.81981194387515,156.0925953077632,846.15,973.15,30.0,30.0,1.0,500.0,5193.0,2000.0,1000.0,25.0,58325700.00000001,0.04,1.0,2000.0
case-00366,20260927-exchanger-thermal-comparison-b:c0366,B,series,1950.0,1361.61484375,0.85,True,he,714.8767753580247,714.8767753580247,14.273224641975276,14.273224641975276,545.706862908384,659.15,0.0,0.0,1074.2159277088676,0.670586958690933,0.329413041309067,943.698,0.0,1.0,509.1216265374659,642.5844888708648,72.29228648715991,36.585236370918096,42.29228648715991,6.585236370918096,659.15,729.15,30.0,30.0,1.0,3261.0,5193.0,18000.0,1000.0,2.7777777777777777,58325700.0,0.36,1.0,18000.0
case-00366,20260927-exchanger-thermal-comparison-b:c0366,B,series,1950.0,1361.61484375,0.85,True,pbli,940.555141670259,940.555141670259,70.59485832974099,70.59485832974099,724.1475451383383,724.1499999999999,-1.1368683772161603e-13,1.1368683772161603e-13,26859.695308365845,1.134369449573569e-05,0.9999886563055043,1104.402,0.0,1.0,688.0527533370264,844.2432423353399,96.31189933491908,36.094791801311885,66.31189933491908,6.094791801311885,724.15,1011.15,30.0,30.0,1.0,26860.0,190.0,18000.0,1000.0,2.7777777777777777,58325700.0,0.36,1.0,18000.0
case-00366,20260927-exchanger-thermal-comparison-b:c0366,B,series,1950.0,1361.61484375,0.85,True,divertor,969.9705276333526,969.9705276333526,3.17947236664736,3.17947236664736,723.1442854604479,846.15,0.0,0.0,250.82529017845445,0.4983494196430911,0.5016505803569089,321.5,0.0,1.0,642.5844888708648,688.0527533370264,281.91777429632623,80.55979658958313,251.91777429632623,50.55979658958313,846.15,973.15,30.0,30.0,1.0,500.0,5193.0,2000.0,1000.0,25.0,58325700.00000001,0.04,1.0,2000.0
case-01234,20260927-exchanger-thermal-comparison-b:c1234,A,network,2000.0,1400.1890625,0.77775,True,he,716.0921731764146,716.0921731764146,13.057826823585401,13.057826823585401,592.5147898751898,659.15,0.0,0.0,1502.6085013927268,0.5392184908332638,0.4607815091667362,964.28,0.0,1.0,507.55375638328485,640.1704377311211,75.9217354452935,84.96103349190491,45.92173544529351,54.961033491904914,659.15,729.15,30.0,30.0,1.0,3261.0,5193.0,12000.0,1000.0,4.166666666666667,58325700.000000015,0.24,1.0,12000.0
case-01234,20260927-exchanger-thermal-comparison-b:c1234,A,network,2000.0,1400.1890625,0.77775,True,pbli,946.1039914566759,946.1039914566759,65.04600854332409,65.04600854332409,724.1493364962356,724.15,0.0,0.0,26859.91970562134,2.9893662940594368e-06,0.9999970106337059,1132.7199999999998,0.0,1.0,640.1704377311211,840.4688678861808,105.63512357049513,83.97889876511454,75.63512357049513,53.978898765114536,724.15,1011.15,30.0,30.0,1.0,26860.0,190.0,12000.0,1000.0,4.166666666666667,58325700.000000015,0.24,1.0,12000.0
case-01234,20260927-exchanger-thermal-comparison-b:c1234,A,network,2000.0,1400.1890625,0.77775,True,divertor,972.8590313884074,972.8590313884074,0.29096861159257514,0.29096861159257514,846.0136625230218,846.1499999999999,-1.1368683772161603e-13,1.1368683772161603e-13,499.462583939021,0.0010748321219580248,0.998925167878042,329.0,0.0,1.0,640.1704377311211,843.7570074290232,129.10202395938416,205.84322479190075,99.10202395938416,175.84322479190075,846.15,973.15,30.0,30.0,1.0,500.0,5193.0,2000.0,1000.0,25.0,58325700.00000001,0.04,1.0,2000.0
case-00429,20260927-exchanger-thermal-comparison-b:c0429,A,series,2000.0,1465.63828125,0.85,True,he,716.0921731764146,716.0921731764146,13.057826823585401,13.057826823585401,556.9427332745471,659.15,0.0,0.0,1166.7551380814455,0.6422094026122522,0.35779059738774777,964.28,0.0,1.0,491.7241185726543,618.4186987455465,97.67347443086805,65.21861470189282,67.67347443086805,35.21861470189282,659.15,729.15,30.0,30.0,1.0,3261.0,5193.0,12000.0,1000.0,4.166666666666667,58325700.000000015,0.24,1.0,12000.0
case-00429,20260927-exchanger-thermal-comparison-b:c0429,A,series,2000.0,1465.63828125,0.85,True,pbli,946.1039914566759,946.1039914566759,65.04600854332409,65.04600854332409,724.1483843486258,724.15,0.0,0.0,26859.80448164173,7.279164492501877e-06,0.9999927208355075,1132.7199999999998,0.0,1.0,661.6452687012456,810.4708015894507,135.63318986722516,62.50311564738013,105.63318986722516,32.50311564738013,724.15,1011.15,30.0,30.0,1.0,26860.0,190.0,12000.0,1000.0,4.166666666666667,58325700.000000015,0.24,1.0,12000.0
case-00429,20260927-exchanger-thermal-comparison-b:c0429,A,series,2000.0,1465.63828125,0.85,True,divertor,972.8590313884074,972.8590313884074,0.29096861159257514,0.29096861159257514,691.6704874086718,846.1499999999999,-1.1368683772161603e-13,1.1368683772161603e-13,225.3097327420619,0.5493805345158762,0.4506194654841238,329.0,0.0,1.0,618.4186987455465,661.6452687012456,311.21376268716176,73.25178866312524,281.21376268716176,43.25178866312524,846.15,973.15,30.0,30.0,1.0,500.0,5193.0,2000.0,1000.0,25.0,58325700.00000001,0.04,1.0,2000.0
case-00562,20260927-exchanger-thermal-comparison-b:c0562,B,network,2000.0,1346.0505859375,0.721,True,he,716.0921731764146,716.0921731764146,13.057826823585401,13.057826823585401,572.7143841669365,659.15,0.0,0.0,1295.0989690321774,0.6028522020753826,0.3971477979246174,964.28,0.0,1.0,521.8110784587461,659.7616344543512,56.33053872206335,50.90330570819037,26.330538722063352,20.903305708190373,659.15,729.15,30.0,30.0,1.0,3261.0,5193.0,18000.0,1000.0,2.7777777777777777,58325700.0,0.36,1.0,18000.0
case-00562,20260927-exchanger-thermal-comparison-b:c0562,B,network,2000.0,1346.0505859375,0.721,True,pbli,946.1039914566759,946.1039914566759,65.04600854332409,65.04600854332409,724.0504582139197,724.15,0.0,0.0,26847.959244173828,0.00044827832562077674,0.9995517216743792,1132.7199999999998,0.0,1.0,659.7616344543512,884.5157225869436,61.58826886973225,64.28882375956846,31.588268869732246,34.28882375956846,724.15,1011.15,30.0,30.0,1.0,26860.0,190.0,18000.0,1000.0,2.7777777777777777,58325700.0,0.36,1.0,18000.0
case-00562,20260927-exchanger-thermal-comparison-b:c0562,B,network,2000.0,1346.0505859375,0.721,True,divertor,972.8590313884074,972.8590313884074,0.29096861159257514,0.29096861159257514,846.1472275326416,846.1499999999999,-1.1368683772161603e-13,1.1368683772161603e-13,499.98905994834786,2.1880103304283693e-05,0.9999781198966957,329.0,0.0,1.0,659.7616344543512,828.4604334117253,144.39859797668214,186.3855930782904,114.39859797668214,156.3855930782904,846.15,973.15,30.0,30.0,1.0,500.0,5193.0,2000.0,1000.0,25.0,58325700.00000001,0.04,1.0,2000.0
case-00512,20260927-exchanger-thermal-comparison-b:c0512,B,series,2000.0,1392.571875,0.85,True,he,716.0921731764146,716.0921731764146,13.057826823585401,13.057826823585401,547.2664210912773,659.15,0.0,0.0,1099.8821236386207,0.6627163067652191,0.3372836932347809,964.28,0.0,1.0,509.49272302378677,642.8348004144335,73.25737276198106,37.7736980674905,43.25737276198106,7.7736980674905,659.15,729.15,30.0,30.0,1.0,3261.0,5193.0,18000.0,1000.0,2.7777777777777777,58325700.0,0.36,1.0,18000.0
case-00512,20260927-exchanger-thermal-comparison-b:c0512,B,series,2000.0,1392.571875,0.85,True,pbli,946.1039914566759,946.1039914566759,65.04600854332409,65.04600854332409,724.149415971924,724.15,0.0,0.0,26859.92932340283,2.6312955014873296e-06,0.9999973687044985,1132.7199999999998,0.0,1.0,688.3294113796333,844.9636233325239,101.14036812415202,35.82000459229073,71.14036812415202,5.820004592290729,724.15,1011.15,30.0,30.0,1.0,26860.0,190.0,18000.0,1000.0,2.7777777777777777,58325700.0,0.36,1.0,18000.0
case-00512,20260927-exchanger-thermal-comparison-b:c0512,B,series,2000.0,1392.571875,0.85,True,divertor,972.8590313884074,972.8590313884074,0.29096861159257514,0.29096861159257514,727.0060391130152,846.1499999999999,-1.1368683772161603e-13,1.1368683772161603e-13,257.6926768629164,0.48461464627416717,0.5153853537258328,329.0,0.0,1.0,642.8348004144335,688.3294113796333,284.52962000877415,84.17123869858165,254.52962000877415,54.17123869858165,846.15,973.15,30.0,30.0,1.0,500.0,5193.0,2000.0,1000.0,25.0,58325700.00000001,0.04,1.0,2000.0
